,Post URL,response score,Max score,Title,Blogger,Post,Image num,Paragraph num,Comment num,Video num,weekly viewer mean,Sympathy num,AD,Posting Date
0,https://blog.naver.com/verachl?Redirect=Log&logNo=222332314692,0,3,diy 도안없이 해바라기 보석십자수 만들기,Miss Potter,세상에 하나 뿐인 유일무이 보석 십자수 만들어봤다~~~!!!​​보석십자수 3개 하고 남은 비즈들로 원래는 강아지 또래나 이로치 포켓몬을 하고 싶었는데 수량이 방대한 사진이나 이브이 그림 고르고 선 따기가 너무 귀찮았던 관계로...​다른 액자 꾸미는데 쓰려고 했던 해바라기를 프리 스타일로 완성시켰다​방법은 간단하다투명한 양면 태이프를 둥글게 잘라서 밑 작업이 끝난 종이 접시에 붙이고 ​남아있는 비즈를 색별로 정리해서 적당히 도안삼아 가이드를 먼저 붙이면 된다​주황색 펜으로 대충 윤곽만 넣고 위치만 잡았는데 그럭저럭 잘 나와서 흐뭇~​잎사귀가 좀 작지만 더 이상 수정하기도 그렇고 메인은 꽃이라 그냥 완성으로...​행운의 해바라기 나에게 복을 가져다 주렴~~​이 말고도 비즈가 남았는데 적절히 색 분배만 좀 하면 다 버리지 않고 잘 쓸거 같다. ​​요즘 만드는 것들은 거의 다 업사이클 용인가ㅋ 나름 친환경~~~마감재가 문제인데 유광바니쉬는 평이 썩 좋지 않고 뭘 하나 고민중~퍼즐유액이 좋다고 해서 2통이나 사서 발랐는데 잘 모르겠다 양면테이프에 끈적이는 부분도 있고 안 바른 것 보다야 나을듯 ​일단 순항~~ㅎㅎ​​​​#블챌 #오늘일기 #diy #보석십자수 ,4,137,0,0,31.0,1,,2021. 5. 2. 6:57
1,https://blog.naver.com/bbekimha?Redirect=Log&logNo=222338058789,2,3,"시간 때우기,보석 십자수 황금말 만들기 팁도 있어요!","""oh! Beautiful light""","​안녕하세요 :)​요즘 집에 있는 시간이 다들 많아지면서여러가지 시간 때우기 취미를 많이 하고 있잖아요 그 중에서 저희 언니가 하고 있는게 보석 십자수를 정말 열심히 하더라고요통화하면 항상 뭐하고 있냐고 하면 보석 십자수 붙이고 있다는거에요 ㅋㅋ정말 대단하다 싶었는데 저도 가끔은멍때리고 싶을때나 아님 잡생각이 나서집중하고 싶은게 있으면 좋겠다 해서언니에게 선물 받은 황금말을 오늘에서야시작하게 되었습니다제가 해보니 시간 너무 잘가더라고요 :)​​보석 비즈 십자수 황금말 30 x 40 cm가격은 2만원정도 하는걸로 암.​​원래 언니가 황금말을 하고 싶어했는데저를 주기로 한 사슴을 조카가 뜯어놔서대신해서 이걸 받았네요 ㅋㅋ​난 사슴을 하고 싶었단 말이댜~ 막내 조카야 보고있니? ㅎㅎ​​언니가 며칠전에 하고 있던 보석 십자수다 완성했다고 이젠 <황금말> 하고 싶다고 할때 너무 어렵겠다 싶었거든요 근데 전 오늘 처음 하는데 이걸 잘 할 수있을까 했지만 망설임 없이 도저언 !!!​​​​보석 십자수 만들기는 초보자인 제가 봐도그렇게 어렵지 않더라고요우선 뒷면에 보면 사용방법이 나와 있으니 숙지를 하고 설명은 아래에서 잠깐 해보겠습니다​​​​액자 뒷면에 보석 비즈가 번호별로 나눠져 있고요 이걸 순서대로 붙이면 됩니다​​​안에 구성품은 비즈펜 3개 수평 맞추는거 1개액자고리랑 고체풀 3칸?, 비즈 전용 트레이3개,핀셋 1개 이렇게 들어 있어요​​​​보석 십자수는 01>02>03 순서대로 모양을 보면서판에다 붙이면 되고요잘 못 붙이면 다시 떼어야 하니까노가다가 시작 될 수 있으니 조심하세요 ㅋㅋ​​​비즈는 지퍼팩으로 개별 포장으로 되어 있고요번호는 바로 뒷면에 있습니다​​​​빨간색의 고체풀 한칸의 필름지를 제거 하고비즈 펜으로 꾸욱 눌러주면안에 풀이 들어갑니다 ​이거는 비즈 한개씩 붙일때 사용하는 부분이고요​​​뒷면에는한번에 3개를 찍어서 사용 하는 부분도 되어 있어요 듀얼 펜이죠​​그리고 핀셋은 언니가 말하길 잘 사용할 일이없다고 하더라고요그냥 두고 전 셀프네일할때 파츠 올릴때나사용할려고요 ㅋㅋ​​요렇게 고체풀을 찍어주면 안에 홀에 박히는데여기에 비즈를 찍을 수 있게 됩니다 ​​​​고체풀은 이렇게 두었다가 비즈가 안찍히면 다시 꾹 눌러서 사용하면 됩니다 ​​​​보석 십자수 액자 고리랑 수평을 맞추는 그거 ㅋㅋㅋ나중에 저도 다 완성하면집에다 걸어놓을려고요 ​​​​비즈펜은 3개나 들어 있어서너무 넉넉해요 언니네 집에 너무 많다고 ㅋㅋㅋㅋ저도 아마 저 한개로만 사용할것 같은 느낌이~ 든다​근데 가족들이 다 모여서 한번에 3명이서하면 금방 완성할 수 있겠드라고요​​보석 십자수 만드는 방법​1 번 보석을 꺼내서 ​​전용 트레이에 어느정도 꽉 차게 담아줍니다​​트레이에 담으면 이렇게 좌우로 흔들어줘서보석을 줄에 맞춰 줍니다​흔들 흔들~​​열이 맞춰지면 비즈펜으로 찍어 줍니다​판의 보호필름을 조금씩 떼어내준 다음에​​​요렇게 3개를 한번에 찍어서​​​01 번 <모양>이랑 같은 부분에3개를 붙이는 판에다 찍어주면 됩니다​아주 쉽죠 ??​참고로 01번은 다 붙이고 02번 붙일때 사진을 찍은거니 헷갈리지 마세요그냥 설명을 해드릴려고 써봅니다 ​​혹시 잘 모르겠다 싶으면 영상을 보세요​​비즈펜 1개 짜리로 하는 걸 보여 줬는데요제가 계속 해보니 한개하다가 2개나 3개 이상붙이는게 나오면 다시 펜을 돌려서 해야 하니까번거롭더라고요 그래서 그냥 3개를 한번에 붙이는 펜을 사용해서 1개도 붙였다가 2개,3개도 붙이니까편하더라고요 ​보니 6개를 한번에 붙이는 비즈펜도 있다고 하는데그거슨 더 편할것 같기도 하네요​​​판에 접착제가 있어서 잘 붙기는 하나피부가 닿을 수도 있고 아님 먼지가 묻을 수도 있으니 원하는 부분만 조금씩 필름지를 떼어서 사용하셔야 해요​​참고로 저의 팁은 왼쪽에서 오른쪽으로 붙이기 시작해서나중엔 아예 옆으로 놓고 조금씩 붙여주니까판에 제 피부가 닿을 일이 없더라고요요렇게 하면 편하게 할 수 있답니다 ​​​음 생각보다 보석 십자수 판에 모양들이너무 작아서 이거 시력 안좋으면 못하겠다 생각이 들었고요그 대신 촘촘하니까 완성해 놓으면 멋있겠더라고요​​​저는 오늘 숫자 02번까지 했는데도 시간이 그렇게 빨리 간줄도 몰랐네요​아 그리고 바탕있잖아요언니의 보석 십자수 팁을 드리자면제일 넓은 바탕을 먼저 해놓고 시작하면끈적임을 덜 느끼고 할 수 있답니다 아무래도 손이 닿는 부분이 생기거든요바탕을 먼저 하고 안으로 점점 붙이면 되겠죠순서랑 상관없이 :)​​그동안 언니가 완성한 보석 십자수를 보여드릴께요  보니 해바라기랑 부엉이를 많이 한다고 하더라고요언니는 황금 부엉이 가족을 했네요근데 이거보니 어느 집에선가 본 듯한 느낌이...저만 그런가요 ㅋㅋㅋ살짝 올드한거 같기도 하고요그래도 막상보면 이쁩니다 ​​​그리고 행운의 부엉이인데 커플인가? ㅎㅎ너무 이쁘네요 컬러가 레드와 블루라서집에 걸어두면 인테리어 소품으로도 좋겠죠​​​​황금 나무인가 이건 ㅋㅋㅋ이거슨 난이도가 있어보이는게나중에 어지러울것 같기도 하고요 ​아이들 보석 십자수도 있어서막내 조카도 언니랑 같이 했었거든요근데 금방 실증내더라고요아이들껀 좀 더 크고 액자가 작더라고요 ​​​저희 언니는 지금 또 다른 부엉이 보석 십자수를 하고 있답니다언니도 시간 때우기 너무 좋다며 정말 열심히하고 있는거 보니 저도 갑자기 하고 싶어서언니가 주고간건데 잡생각 안나고 집중하기 좋아요정말~ 리얼 ㅋㅋㅋㅋ 단점은 눈이 아플 수 있다수전증 있으면 어려움이 있다? 정도네요​",27,577,0,1,3770.6,13,,2021. 5. 4. 23:01
2,https://blog.naver.com/dhsmf0?Redirect=Log&logNo=222186647110,1,3,"화석 발굴과 보석 십자수, 집콕생활의 즐거움",행운의여신^^,"우리집 말썽쟁이 남매들은 책 한권을 끝낼때마다 장난감을 하나씩 선물 받습니다. 그런데한명이 책을 끝내면 두명 모두 장난감을 사 줘야 하는.................에휴.​이번에 꿀순양이 일일독해 한권을 끝냈답니다.그래서 문구점을 뒤져서 화석발굴 두개를 선물했습니다.​너무 오래된 집콕 생활로 이래도 심심, 저래도 흥미잃은 표정으로 무덤덤 하던 이 녀석들이 화들짝 신이 났습니다.​​집안 먼지를 각오하고 보자기 한장 펴서 멍석을 깔아주니 신이 나서 난리가 났습니다.​​화석이 보인다며, 화석이 나왔다며 하얀 먼지가루를 뒤집어 쓰고 환한 표정으로 자랑하는 이 녀석들~둘이서 화석 하나씩 발굴하고 온종일 들떠 있더니 그다음날 바로 화석이 없어졌다며 의기소침 하더랍니다. 하루를 못가................ㅋㅋㅋㅋㅋㅋㅋㅋㅋㅋㅋㅋ​​우리집 말썽쟁이와 꿀순양에게 이번 크리스마스에는 산타 할아버지가 선물을 많이 주셨습니다.​노래를 부르던 플레이스테이션 스파이더맨과 조각많은 레고를 선물받고좋아하는 젤리와 에그짱, 그리고 보석십자수가 들어있는 꾸러미를 하나씩 더 받았어요.​​너무 재미있다며 몰입해서 하나를 완성한 꿀순양, 엄마, 나 이거 하나 사주면 안되요!글쎄, 엄마는 이거 어디서 파는지 모르는데......그래? 그럼 어디서 파는지 찾아봐서 꼭 사줘, 너무 재밌어~ㅋㅋㅋㅋㅋㅋㅋㅋㅋㅋㅋㅋㅋㅋ​​동네 다이소 다 뒤져도 없던 걸 학교앞 문구점에서 찾아내 두개를 산것인데다시 사러 가야 하나......... 생각중입니다. ​​말썽쟁이도 완전 집중해서 하고 있습니다.이럴줄 알았어요. 만들기 좋아하고 손으로 만지작 거리는걸 좋아하는 말썽쟁이도 좋아할줄~​하지만 꿀순양이 하나 완성하는 동안 말썽쟁이는 아직 완성하지 못했어요.​​집중의 시간이 오래가지 못하는 말썽쟁이, ​웬지 집안에 보석십자수가 계속 늘어갈듯 싶습니다~산타 할아버지는 왜 이렇게 탁월한 선택을 하신 겁니까!!!​​드디어 완성했습니다~^^​",18,182,0,0,142.0,3,,2020. 12. 27. 4:15
3,https://blog.naver.com/tonhyuk2307?Redirect=Log&logNo=222411298083,1,3,보석십자수 : 브러쉬 빗 (두가지),핸디위드 handywith,"하나는 패키지로 보석십자수와 빗이 같이 있는 것이고,다른 하나는 보석십자수를 따로 구매해서 만든 빗이예요.먼저 보석십자수 따로, 빗 따로 구매했어요.​빗의 솔을 하나하나 끼워야해요.요게 은근 재미있어요~​빗 바깥으로 나오게 눌러주고.​중간 판에 폼클레이금색으로 덮었어요.한쪽은 위에 브러쉬가 있어야해서손잡이 부분만 붙였습니다.중간판에는 보석십자수와 장식를 붙여서솔이 있는 쪽과 끼워주세요.​두번째는 패키지로 전부 포함되어있어요.솔이 있는 쪽 손잡이가거울이기는 한데선명하게 보이지 않아요..​니드느0
",15,49,2,0,164.8,3,,2021. 6. 26. 23:07
4,https://blog.naver.com/monopony?Redirect=Log&logNo=222269611928,1,3,보석십자수,웃고만 살아도..모자란 날들..,보석 십자수 완성보석십자수라는게 무엇인고~하니...50x40 사이즈의 판에2mm 정도의 작은 알을 하나하나 붙여서그림을 완성하는건데~~​빨리 완성하고 싶어서 아무리 집중해도허리와 눈알이 피곤한 작업이라서ㅡㅡ연희는 완성품 보면서 감탄하고 싶다며자꾸 강요같은 응원을 보내서 어쨌든 완성~^^​나란히 걸어두려 했으나길게 걸어달라고 연준이가 이상하게 주문함~^^.#보석십자수#안구충혈#허리통증#취미생활#어쨌든 작품​,3,35,3,0,109.2,4,,2021. 3. 9. 16:30
5,https://blog.naver.com/mjpslove1?Redirect=Log&logNo=221976233541,3,3,아이러브페인팅 BTS 보석십자수 진 너무예쁘다 >_<!!!,:),"저번에 아이러브페인팅에서 나온BTS 유화그리기를 했었는데 재밌고 예쁘고 했었거등요!!근데 이번에 아이러브페인팅에서보석십자수라고 더더더 예쁘고 반짝반짝한 취미생활 하기 딱 좋은 BTS 2탄이 나왔어요!!!​​​보석십자수 이번에 처음 들어봤는데정말 예쁘고 안해볼수가 없겠더라고요??​출시한 지 얼마 안됐는데 이미 우리 아미분들이 저와같은 마음으로 구매하셔서 품절현상이!!!다시 예약구매 받고 있더라고요 정말 인기가 어마어마해요!​주문하면 40cm*50cm의 커다란 캔버스크기의박스가 택배로 도착해요​취급주의 스티커가 붙어있어 더 안전배송 되는 듯^^2번 주문해봤지만 문제없이 둘 다 도착했었어요뒷면에는 제가 선택한 멤버의 샘플사진과 보석십자수 사용방법이 나와있어요.​저번에 유화그리기는 뷔로 했었는데그 때 진의 체크무늬를 보고 놀라기도 하고복잡한 게 훨씬 더 재미있을 것 같아이번엔 멤버 중 진을 선택했어요 ㅎㅎ진짜 딱 봐도 체크무늬 난방이 혼란스럽죠하지만 그만큼 더 재미있었던 것 같아요.​​컨버스를 꺼내면 뒷면에 재료들도 같이 들어있어요.각 보석십자수 붙여야 할 모양에 맞게 번호가 적혀있고안내에 따른 번호를 찾아 사용하면 되기 때문에같이 온 종이는 절대 잃어버리시면 안돼요​​사용하고자 하는 보석을 선택해빨래판처럼 생긴 파란 접시에 적당히 덜어 사용해주세요​​그리고 이 분홍색은 풀이라고 할까요펜촉의 끝부분을 꾸욱 눌러주면풀이 구멍안으로 들어가 보석을 잡는데 큰 역할을 해요​접착력이 떨어지면 또 뚫어주고 또 뚫어주고~~​​펜 촉(?) 은 1개만 사용할 수 있는 것과최대 3개, 6개, 10개까지 붙일 수 있는 촉이 있어요그래서 넓은 부위에 한꺼번에 붙일땐6개짜리나 10개짜리를 사용하면시간도 단축되고 훨씬 쉽게 붙일 수 있어요​​이렇게 같은 무늬가 연속으로 있을 땐10개짜리로 한번에 붙여주면 훨씬 깔끔해요 :)​​큐빅은 납작한 부분이 캔버스에 붙도록,펜으로는 둥그런 부분을 접착해서 가져오면 되는데​캔버스에 이미 큐빅을 부이는 접착제가 발라져 있어서비닐을 한꺼번에 뜯지말고사용할 부분만 뜯어가며 사용해줘야해요​그래서 전 모서리 먼저 붙이면서 가운데는 나중에 붙여줬어요.​유화그리기는 가운데 부터 색칠하고모서리부분은 맨 나중에 색칠했었는데보석십자수는 방식이 반대네요​​보석십자수를 하면서 제일 재미있게 했던 부분이자칭 모내기법 인데요 ㅋㅋㅋㅋ넓은 부위를 먼저 채워두면1~2개씩 구멍이 남아있는 부위가 생기거든요그런곳을 모아놨다가 마지막에 한개씩 한개씩 붙여주면비워져있던 공간을 채우는게 그렇게 쾌감이 있다고 할까요이 마지막 단계가 제일 재밌었어요 ㅋㅋ​​​모서리부분을 먼저 다 하고 난 후엔체크무늬 셔츠를 했는데후.... 시작은 재밌었으나 점점 할수록 눈이 빙글뱅글@@@​분명 이 번호는 다 붙였다 생각했는데다른걸 또 하다보면 아까 그 무늬가 또 보이고매직아이가 따로 없었어요 ㅋㅋㅋ그래도 단순한 것 보다 재미있었어요​​​​하루에 퇴근하고 2~3시간씩 했더니 대략 10일정도 걸렸네요집중하면서 하면 시간이 정말정말 잘 가요​요즘 집콕하느라 심심한데 이 보석십자수 하면 시간 가는줄도 모르겠고 너무 재미있어요​​드디어 완성한 보석십자수!!!와 반짝반짝 너무 예쁘게 완성됐어요완성하고 나니 더더 예뻐서 더 마음에 들었어요!!유화도 나름의 매력이 있지만이게 더 예쁜 것 같아요 ​​​빛을 받은것처럼 그림자도 하나하나 다 잘 표현되어있고저 조그만 큐빅들이 모여 이렇게 예쁜 그림을 만들다니너무 신기한거있죠!​​뷔의 유화랑 같이 놔뒀더니 둘 다 매력적 ​보석십자수가 좀 더 선명한 느낌이 나네요너무 재미있었던 아이러브페인팅의 보석십자수!다른멤버도 차곡차곡 해놔야겠어요​취미생활하기 정말 좋은 보석십자수 추천합니다 :)​​​#BTS #방탄소년단 #아이러브페인팅 #방탄그리기 #방탄굿즈 #ilovepainting #DIYCUBICPAINTING #DIY페인팅 #보석십자수 #큐빅페인팅 #유화그리기 #알파웨이",21,369,8,1,4074.4,2,,2020. 5. 24. 1:58
6,https://blog.naver.com/sujaeshop?Redirect=Log&logNo=222371625810,3,3,"수재샵 보석십자수 ""백조의호수""",수재샵,"안녕하세요! ​※ 중독주의 ※ 보석십자수 수재샵입니다!​​이번에 소개해드릴 제품은, 기존에 있던 제품을 재설계하여 새롭게 다시 소개해드리는제품 입니다.​그럼 바로 소개해드릴게요~​​​백조의호수50x40cm라운드2.8+AB3D도안(전체큐빅)​보석십자수 전용 액자 또한수재샵에서 만나보실 수 있습니다.​화이트 프레임에 작품이 더 돋보이는 것 같아요!​​​기존 도안보다 한층 더 밝아졌답니다비교사진은 아래쪽에 보여드릴게요~!​​​​​왼쪽이 기존 백조의호수, 오른쪽이 새로 리뉴얼된 백조의호수입니다 ^^더 밝고 선명한 작품을 완성해보세요~​​​▼ 백조의호수 바로가기 ▼​​​화려한 빛을 디자인하는 보석십자수 ​수재샵!​​​""최초"" 보석십자수 프렌차이즈-""최고"" 고퀄리티 국내제작-""최다"" 판매점 운영​​​​https://youtu.be/Y4atHoQw2lc​",16,60,0,0,64.6,0,,2021. 5. 28. 13:51
7,https://blog.naver.com/rhino2004?Redirect=Log&logNo=222418766445,1,3,원형 보석십자수액자 / 매트액자 / 안산 액자 / 누리액자,뚜기의 액자세상,시중에 원형 보석십자수 작품들이 판매되고는 있으나원형 작품을 넣을수 있는 액자는 찾기가 힘듭니다.알류미늄 원형액자가 판매되기는 하나대부분이 중국에서 수입되는 상품으로작품에 딱 맞는 사이즈를 쉽게 구하기도 어렵습니다.누리액자에서는 종이매트를 이용하여비규격 사이즈는 물론 다양한 사이즈의원형매트를 이용한  몰딩액자를 제작해 드리고 있습니다.특대형 사이즈가 아닌이상 택배발송도 가능하니원형 매트액자를 찾으시는 분들께서는누리액자를 이용바랍니다.액자몰딩 디자인은 작품의 색상과 분위기에 따라 다양하게 선택 가능하며매트는 기본 미색의며 상황에 따라 다른 칼라 또는이중매트로도 제작 가능합니다.문의 : 누리액자(010-9298-4277)​아래 사진상의  액자는  작품 원형사이즈 직경 48cm이며매트 여백은 5cm입니다.전체 외경사이즈는 약 67cm x 67cm입니다.​​사각형의 종이매트 액자가 필요한 경우에는 아래 배너 클릭하세요.​​기본적인 보석십자수용 액자는 아래 배너를 클릭하세요.​​다양한 액자상품은 누리액자 홈페이지를 방문바랍니다.​​,4,94,0,0,4.8,0,,2021. 7. 3. 13:31
8,https://blog.naver.com/diacl82?Redirect=Log&logNo=222099148224,3,3,보석십자수 이상한 나라의 앨리스 비즈 반짝거려요,내MOM대로 이야기,"​​​어렸을 때부터 귀여운 거만 보면 푹 빠져서헤어 나오지 못한 깍쟁얌치랍니다.​요즘 딸아이를 보면 저 어렸을 때 모습이 보이기 시작해요.역시 어쩔 수 없나 봐요. ​대신 좋은 점은 취향이 비슷해지다 보니함께 할 수 있는 것들이 생기는데그게 바로 보석십자수랍니다. ​​하는 방법도 어렵지 않고 실이나 바늘을 사용하는 게 아니어서쉽게 할 수 있어요.​한번 시작하면 멈추지를 못해서새벽까지 하고는 하는데피곤하기는 하지만 완성하고 나면 그 뿌듯함은 이루 말할 것도 없답니다. ​​​여러 가지 디자인들을 만날 수 있는데 요즘 빠진 게 바로 디즈니 작품이에요.​지난번에는 백설공주를 했었는데 이번에는 이상한 나라의 앨리스를 시작했답니다.​오자마자 안에 들어있는 재료들 하나씩 세어보면서 다 들어 있는지 체크했어요.​하다 보면 붙어 있거나 깨진 거 등이 있어서 불편하기는 한데 양을 딱 맞춰서 주는 게 아니라 넉넉하게 주어서 모자란 경우는 없었어요. ​미니 지퍼백에 색깔별로 들어있는데이곳저곳 굴러다니면서 잃어버릴 수 있으니큰 지퍼백에 넣어서 보관하였답니다. ​​하는 방법이 어렵지 않아서 꼬꼬마 친구들도 함께 할 수 있는데찾아보면 아주 작은 사이즈부터 대형 크기까지 다양하더라고요.   ​이것도 크기를 가늠하지 못하다가 실제로 보니크네~라며 놀라긴 했지만..​오히려 다 하고 나니 화려함이 확실히 다르네요. ​밑판에 끈적임이 있는데 알맞은 부분에비즈를 붙여주면 된답니다. ​​하는 방법은 요기에서 ~​​단순하지만 이거 하다 보면다른 잡생각은 하나도 생각이 안 나요.​거기다가 시간이 얼마나 빨리 가는지.. ​위나 아래 편안한 곳부터 시작하면 되는데저는 큰 거는 아래서부터 시작하게 되네요.​이번에 재미있게 하게 된 이유가 붙일 때마다 색이 선명해서 예쁜 그림이 나온답니다.​거기다가 이상한 나라의 앨리스 그림이 디즈니라 보자마자 이거다 싶었어요. ​​​빨간색 네모 모양의 이것은 과연 무엇?바로 고체풀이라는 것이랍니다.​기존에 알고 있던 풀과는 다르죠.고체스타일로 여기에 펜을 콕 찍으면 되는데하다 보니 한 개는 우습게 쓰네용.​​​빨간색 고체풀에 안에 들어있는 전용펜을 이용하여눌러준 뒤 살짝 눌러주면 된답니다.​​그러면 앞부분에 붙어 있어요.​이 상태로 색에 맞는 곳으로 가서 콕콕 붙여주기만 하면 되어요.​​​이게 뭐라고 하나씩 붙이고 있으면 힐링이 되는지..​한번 시작했더니 벌써 여러 작품이 되었어요.저는 결과도 좋지만 하는 과정을 즐기는 편인데막상 완성이 되니 작품의 덩치가 커서놓아야 할 곳이 없다는 게 단점 아닌 단점?​인테리어 하기에도 손색이 없는데그것도 한두 개지 많아지니 사실 답이 없네요.​​그래도 이렇게 재미있는 건 포기할 수가 없지.​하다 보면 지루한 부분이 나타나요.​한 가지 색이 넓게 자리 잡은 경우에는언제 끝나나 하고 속도가 안 날 때가 있더라고요.​​그럴 때에는 한 개씩이 아니라 3개씩 또는 6개씩 붙일 수 있는 도구를이용해서 붙이면 확실히 빨라진답니다.(저 도구는 안에 같이 포함돼서 옵니다)​어느 순간 채워진 모습을 볼 수가 있어요.​​삐뚤빼뚤 라인이 안 맞을때에는 들어있는 도구로 밀어주면 나란히 한 줄이 된답니다. ​​​이것에만 집중했다면 일주일 안에 끝냈을 것 같은데요 몇 개월간 아이들이 집에 있어서 낮에는 할 시간이 없더라고요.​잠자는 시간 쪼개서 하다 보니 한 달 걸렸나... 요번에 오래 걸렸어요.​​하지만 완성하고 나니보석십자수 다른거 하고 싶어요.​​​​다른 부분보다 알파벳 할 때가 재미있었어요.​왜 그런지는 모르겠는데 하얀색 부분들이 채워지면서 완성이 되는 게 눈에 보여서 그런가 봐요.​​실제로 보았을 때 컬러감이 쨍하면서 이상한 나라의 앨리스 캐릭터가 이렇게 이뻤나 싶구요.​노란색 머리카락과 하늘색 드레스가 파스텔톤 색상으로 왜 이리 이쁜건쥐~​​​​여기서 보아도 이쁘고 저기서 보아도 이쁘고~​시간과 정성을 쏟아서 그런가 애정 듬뿍입니다.​​​​어떤 것들은 액자를 따로 해야 하던데이건 그런 번거로움이 없답니다.​액자가 없는데 세워진다?​​옆면을 보면 두툼해서 세울 수 있게 되어 있어요. ​옆부분도 깔끔하게 화이트 색상으로 되어 있어서깔끔함도 느껴집니다. ​​뒷면을 보면 바로 캔버스라는 거!그래서 액자가 따로 필요가 없는 거예요.​이 상태로 벽에 걸기도 하구 저처럼 세워두기도 하고상황에 맞게 하면 좋을 것 같아요.​​​왜 보석십자수라고 이름을 붙였을까 궁금했는데실제로 보면 비즈가 빛에 반짝거리는데그 모습 때문에 이런 이름이 붙여진 것 같기도 해요.​​​그냥 보아도 사랑스러운데 빛이 있으면 반사되어서 화려해진답니다.​​그나저나 이걸 내가 다 한거 맞지..사서 고생한 것 같기도 하지만그래도 뿌듯함을 얻었습니다.​​취미생활 하나도 없이 하루하루 똑같이 생활하고 있었는데요즘 이거 하면서 시간도 보내고 결과가 눈에 보이니 무언가 해냈다!​​나도 뭔가 하고 있다! 그러한 마음이 드네요. 훌쩍.​​​​​​​같은 자리에서 움직이지 않고 하다 보니 어깨 뭉침과 눈 침침함이 따라올 수도 있지만..​그래도 보석 십자수가 주는 즐거움 때문에손을 놓을 수가 없었답니다.​다 하고 나니 뭔가 허전함이 ...저만의 시간을 즐기기에 이만한 게 없거든요.​이번에는 어떤 걸로 해볼까~생각만 해도 씐나 씐나.​​​​​​이
",24,558,112,2,6912.2,46,,2020. 9. 25. 9:41
0,https://blog.naver.com/okuimasami?Redirect=Log&logNo=222152261307,1,3,두꺼비집 가리개 보석십자수 해봤어요 집콕 힐링 취미,몽토's 리뷰,"​인별 업로드용 체험단으로 받았던보석십자수 DIY를 했던 몇 주 전.(두꺼비집 가리개로 멋지게 가리고 싶어서요)​​집콕 힐링 취미를 가질 겸주방을 꾸미려고 보석십자수를 해봤었으나하면서 조금 후회했습니다ㅎ​완성하고 나니 뿌듯하긴 한데 과정에선 힘들더라고요.​​비즈들과 트레이, 펜, 고착풀, 집게,도안표가 들어 있었어요.​​도안에 맞는 비즈를 트레이에 부어서 흔들고​​펜에 고착풀을 찍고 비즈 붙이기.​​초반엔 동생이랑 같이 힐링할 겸보석십자수를 하다가..​​이 정도 완성하고 쉬고..한 번 시작할 때 2시간하고 쉬었다가저녁에도 3시간 정도 붙이는데 시간 순삭이더라고요.​​같은 도안에 맞는 숫자 비즈 붙이기.​좁은 부분은 그나마 재밌는데,넓은 곳은 세계지도의 태평양 같고요.(넓어서 무서워...)​​2개씩도 붙이고,집게로는 3개 붙이기까지도 가능했는데..​다른 보석십자수 중엔 펜 뒤쪽으로5개 이어붙이기도 가능하더라고요.(어쨌든 내 건 안 됨...)​​여기까지 동생과 함께 보석십자수를 완성한 부분.나머지는 제가 했어요.​왜냐면 동생이 몸 상태가 안 좋아져서주로 방에 있었거든요.​​뭔가 각도가 괜찮아서 영상찍으며보석십자수 비즈 붙이기ㅎ​이때 동생이 집게로 하던 제가 안쓰럽다가획기적인 방안을 생각했는데 모나미펜이었죠!​모나미펜 입구 쪽에 고착풀을 찍으면 되지 않을까?하고 제안해서 해봤다가 진짜로 돼서 그때부터거의 모나미펜으로 한 것 같아요ㅎㅎ​​동생이 안 할 땐 기본 펜으로 붙이는데기본펜이 가장 붙이기 좋았어요.​두 개 들어있음 좋겠는데, 이건 따로 안 팔까요?​암튼 진짜 이때 Z의 지옥이었어요ㅠㅠ​​​고등학생 때 양손으로 깜지쓰던 실력(?)으로열심히 보석십자수를 해나갔답니다ㅎ​아니, 집콕 힐링 취미로 시작한 건데이렇게까지 전투적일 일인가!​​여튼 이렇게 채워나가는 걸 보는 게 뿌듯해서한 번 삼각대에 올려서 타임랩스로 찍어봤더래죠.​찍을 땐 그냥 찍어본 거였는데 찍고 나서 보니은근 재밌는 것 같아요.​​​​​하는 거 말고 보는 게 말이에요...​​캔버스 자체에 풀칠 처리가 되어 있는지끈끈해서 투명 필름을 조금씩 떼어내며붙이는데 엄청 끈끈하진 않아 괜찮아요.​손에 풀이 들러붙지도 않았고 냄새도 없었어요.​​내가 좋아하는 좁은 공간!​보석십자수 시작하기 전엔 차라리넓고 균일한 곳이 하기 좋을 거라 생각했는데너무 넓고 같은 색만 쫙 늘어놓는 건 좀 지루하고인내의 시간을 버텨내는 기분이에요.​이런 보석십자수로도 사람의 성향을알 수 있는 게 아닐까 싶네요.​​혼자 이틀 동안 이 만큼까지 해냈어요!뿌듯뿌듯...그리고 어깨가 뻐근.​그리고 남은 건 다음 날 붙여 완성하기로 했죠.​​하고 있으니 동생이 도와주겠다고마무리를 같이 도와줬어요.​​그렇게 완성한 보석십자수 네버랜드!​​뒤쪽 캔버스 나무판에다 나사와 고리를 달았어요.십자 드라이버로 돌려주니 은근 잘 들어가더라고요.​나사 먼저 넣고 돌려 길을 만들어준 다음에고리 넣고 다시 나사를 넣고 돌렸어요.그리고 마스크 스트랩을 연결했다죠.​(이건 집에 있던 건데 이렇게 사용할 줄...ㅎㅎ)​​​그간 좀 보기 싫었던 두꺼비집을두꺼비집 가리개 겸 보석십자수 캔버스!바로 달아줬습니다.​​전에 가려볼까 하고 위쪽에 못을 박았었는데,달려던 캔버스 두께가 두꺼워 갑갑해 보이길래다시 빼고 지내다 이제야 달았었다죠.​​무게도 가볍고 두께도 많이 두껍지 않아 좋네요.다만 걸 수 있는 스트랩이나 못도 들어 있으면더 좋을 것 같은데 욕심이려나요.​​​이렇게 인테리어 꾸미기 또 완성했네요.요즘 요리 포스팅 만큼이나 집 꾸미기에 관심이 생겨두꺼비집 가리개로 열심히 공들인 보석십자수를걸었더니 뿌듯하기도 하고 멋져서 좋아요.​​​다만 과정은 은근 너무 힘들었지만요.그래도 잡생각은 좀 덜어져서 천천히 한다면힐링은 될 듯해요. 전 인스타 체험용으로 받았던 거라9일 안에 완성해야 해서 기간 압박에 버거웠던 듯.​​그래도 진짜 빛 받을 때 반짝반짝하고멀리서 보면 더 리얼해서 좋답니다 :D​한 번쯤은 해도 좋은 집콕 힐링 취미였어요ㅎ(두 번은..글쎄요. 생각 좀 해봐야겠어요.지금으로선 또 할 맘은 없..............)​​​노력해서 완성해 뿌듯했던 경험에블로그에 안 올림 나중에 섭섭할까 싶어기록용으로 올려봤습니다.​요리하는 주방이 예뻐야 요리도 더 즐거울 것 같아은근 주방 위주로 인테리어꾸미기를 하는 듯한데아직도 한참 남았습니닷!​앞으로도 마음에 들 때까지 더 꾸며볼 거예욧!",21,424,19,2,4066.8,41,,2020. 11. 23. 16:41
1,https://blog.naver.com/sin0788?Redirect=Log&logNo=222282983617,1,3,다이소 사부작템 :보석십자수,Happily Ever After,다이소 '보석십자수D.I.Y세트'​ 필요한 것 사러갔다가다이소 보석십자수를 집어 왔다.사람들이 하는 것 많이 봤는데 처음 사본 보석십자수.저렴한 가격에 간단하게 시간 보낼 수 있을 것 같아바로 구입.심지어 그림이 마음에 들었다.할리우드 가고 싶은 마음 꼭꼭담아 보석 붙이기:)​저렴한 만큼 작다.근데 오래 생각보다 오래걸렸다.저렇게보는 것보다 실제로는 살짝 반짝임이 있다😀패키지 뒷장엔 하는 방법이 쓰여있다.쉽당 비즈번호와 도안번호에 맞춰서 붙이면 된다.도안과 보석  붙이는 핑크막대기 비즈트레이 고체풀구성.도안에 영문이 기재되어 있으니 비즈봉투에 쓰여있는 영문에 맞춰 붙이기 시작.붙이고 싶은 색부터 쓱쓱.여분의 비즈가 적지 않으니 틀려도 괜찮다.u틀려서 다 띠었...ㅜㅜ몇개 안되서 다행🥲하다보니 거의 세시간을...시간은 진짜 잘간다ㅎ코로나도 다시 심해지는 것 같은데 집에서 이런거 해요 우리.시간도 잘가고 심지어 이뿌고 뿌듯.다이소에서 사온 물뿌리개?? 랑 같이프리지아 좀 자르까..? 꽃병에 비해 길당칼라가 너무 맘에든다 이천원에 퀄리티가 진짜 👍👍다음엔 또 뭐할깡??오늘 하루를 사부작 거리며  하루를 보냈당!보석십자수 굿굿.보석십자수 또 하까?? ㅎㅎ​#다이소 #다이소취미 #보석십자수 #오늘의사부작 ​,7,126,6,0,462.8,6,,2021. 3. 21. 22:28
2,https://blog.naver.com/lachesiz?Redirect=Log&logNo=222386536899,0,3,로이 리히텐슈타인의 행복한 눈물 완성![보석 십자수],뿡이아빠님의블로그,아이들과 함께 만들기 시작한 비즈 십자수가 드디어 완성 되었습니다. 일주일 이상 걸린것 같습니다.​틈 날때마다 붙였는데 끝이 났네요.꾸준히 하다보면 이런날이 오나봅니다. 사실 별것도 아닌데 성취감이 있네요.​액자에 넣은 모습입니다.​완성되면 바로 액자에 넣어서 거실에 걸어 놓을 심산으로 미리 액자를 주문 해서 가지고 있었습니다.​막내에게 완성시키자 하고 맛난거 사주기로 약속하고 붙이기 시작 했는데 이렇게 멋지게 완성했습니다.​이게 행복한 눈물이군요.​​이제 하나의 작품을 완성했으니 다음번에는 한개더 도전해볼까 생각 중입니다. ​파란머리의 소녀에 도전 해볼 생각 입니다.​아이들과 함께 하기 좋은 것 같습니다. 집중력 향상에도 도움이 되고요. 완성한 후에 장식해두는 재미도 있습니다.​오늘도 즐거운 하루 되시고 항상 건강하세요.​감사합니다.​​#보석십자수 #행복한눈물,2,87,2,0,1257.4,2,,2021. 6. 6. 0:09
3,https://blog.naver.com/skinsa?Redirect=Log&logNo=222232256881,0,3,집콕취미로 좋은 보석십자수. 그동안 한 작품들.,Stella J story,"재작년 겨울에 재미나게 했던 보석십자수 작품들. 한동안 안 하다가 생각나서 사진 정리 겸 올려봄. ​나름 큰 작품도 꽤 했는데 한 철 하고 시들해져서 손에서 놨다가다시 해보고 싶은 맘이 드는 요즘. ​​​​제일 먼저 완성했던 고흐 작품. 처음부터 꽤 큰 작품을 하느라 힘들었지만, 재미있게 했다. 첨에 생각했던 만큼 색채배열이 멋지진 않은데, 그래도 첨 해보는 작품이라 완성하고 뿌듯. ​​​​​활짝 핀 꽃들이 가득한 화병. ​​​​​기울여 찍으면 좀 더 잘 보인다. ​​​​​보석십자수 하던 중에 찍은 사진. 진한 색 테두리를 먼저 하고 연한 색으로 채우는 걸 좋아하는 타입. ​​​​​중국산 보석십자수는 공작도안이 많다. 공작을 세 작품이나 했는데 그 중 첫번째. ​​​특이한 광택과 디자인의 비즈들이 많이 왔다. 그냥 동그란 비즈들로만 할 때보다 다채로워서 재미남. ​​​​본 중에 젤 특이한 색감의 비즈들. 이 비즈는 좀 약하게 만들어졌는지 까진 비즈들이 꽤 있어서 상태가 괜찮은 것들만 골라내서 했다. ​​​​​​세상 화려한 공작 작품. 다 하고 나서 어디 처박아 뒀는지... 완성 사진도 없네. ​이 작품은 나중에 또 해보고 싶다. ㅎ​​​​두번째 공작 작품. 제품 받고 보니 바탕에는 비즈가 들어가지 않는 작품이라 좀 아쉬웠다. 보석십자수는 전면에 한가득 비즈가 들어가는 작품이 멋진데.. ​그래도 공작 부분만 하면 돼서 시간이 훨씬 단축되는 건 장점. ​​​이 작품에는 깃털 부분에 이런 비즈가 들어간다. ​​​이렇게 큰 비즈들부터 붙여놓고 차근차근 나머지 작업을 했다. ​​​완성사진. ​​​​푸른 톤의 비즈들 색감이 내 취향. ​​​​또다른 고흐의 작품. ​​​​부분 장면 좀 더 자세히. ​고흐 작품 좋아하는데 보석십자수로 해보면아주 멋지게 재현되기는 어려운 것 같다. ​​​​​조금 작은 사이즈의  작품들 세 개. 이케아에서 기본 액자를 사 와서 끼워 봤는데 깔끔하고 사이즈도 잘 맞았다. ​요 정도 사이즈가 부담스럽지 않고 금방 끝내기 좋은 듯. ​​​​세번째 공작 작품.  하얀 공작 작품. 붉은 꽃들에 둘러 싸여 있는 고고한 흰 공작 두 마리​​​​​완성 사진 좀 더 크게 한 번 더 보기~​​​​​​​부분 사진들. ​그냥 십자수 할 때도 그렇고, 보석십자수도강렬한 색상의 대비가 있는 작품들이 재미있다. ​​​​​이건 마지막으로 하다가 멈춘 작품. 비즈들을 다 내다 버렸는지 찾을 수가 없어서 계속 하지도 못하고... 어디 있을 것 같은데, 내 집 안에서 찾기가 힘들다. ㅠ.ㅠ​찾으면 다시 시작해야지.... ​​겨울 한 철 취미생활로 푹 빠져 있었던 보석십자수 기록 포스팅 끝. ​​",29,318,1,0,305.0,11,,2021. 2. 4. 23:12
4,https://blog.naver.com/lovelime09?Redirect=Log&logNo=222327352546,1,3,요즘 저의 취미는 보석십자수,Enough For Life...,"#보석십자수 #취미 #집콕취미 #집콕일상#취미추천 #보석십자수도안#보석십자수구매#보석십자수선택팁#보석십자수예쁘게하는법요즘 저의 취미는 바로 보석십자수~라임양이 학교에서 가져온 아주 쉬운 도안하다가 꽂혀서 요즘 매일 이걸 하고 앉아있네요~여태까지 한 작품들도 꽤 되서 보여드리려고요!​​이것이 첫번째 작품~보석십자수 도안 선택하실 때 이런 단순한 사진으로 된게 제일 예쁘더라고요~​이거 튤립은 은근 하고나니 넘 예쁜 것 같아요!첨 하는 거였는데 초급이 하기 좋은 작품이었어요!​전 보석십자수 검색해보고 예쁜 도안 있으면 무조건 다 구매해요!도안이 금세금세 품절되기 때문에 가격이 싸면 더 많이 구매하는데 풍경보단 이렇게 꽃이나 이런 정물등이 예뻐요!​완전 성공적이었던 건 이 고양이 너무너무 귀엽죠! 이런 사진 작품이 해놓으면 예쁘더라구요​세번째 작품은 물의 여신요런 그림으로 된 작품은 생각보다 예쁘진 않더라고요ㅠㅜ​그래도 컬러가 다양해서 재미있었어요~​가장 성공적이었던 바로 햅번 흑백!​이렇게 보석단면을 붙여주는 거에요~이걸 언제 다해~~~하지만 또 하고 나면 진짜 뿌듯!정말 제일 예뻤어요~이건 액자하려구요!!이렇게 단순한 사진이나 정물이 예쁘더라고요!​엄지척!! 제일 예뻤어요!!어떤까요?​​생각보다 날짜는 얼마 안걸렸어요!보통 하루 1,2시간 투자하거든요~​​제가 가장 하고 싶었던 디즈니공주들 도안!​정말 오래 걸렸던 작품제일 비싸기도 했구요~​캬캬캬! 완성!!완전 노가다였는데~​액자 끼우려구요~이거 애들방에 넘 예쁘겠죠?​보석십자수는 이렇듯 하고나면 성취감이 장난 아니랍니다.디즈니도안은 쿠팡에 예쁜게 많아요~하나씩 구매해서 할예정인데 가격은 생각보다 싸지 않아요~이건 싸게 사서 2만원 정도에 구입했어요!​​이게 가장 최근에 완성한 작품!​너무 예뻐서 기다리고 기다려서 바로 샀는데 이렇게 단순한 컬러의 제품은 생각보다 어려워요!줄이 겁나 안 맞음..제일 못한 것 같아요 ㅠㅡㅜ​그래도 멀리서 보면 예쁘긴 한데 풍경은 도안에 비해 해놓으면 그렇게 예쁘지는 않더라고요 ㅠㅜ​현재도 하나 간단한 거 하고 있는데 그건 아주 잘 하는데 이거 할때는 제가 약간 권태기였는지 삐뚤빼뚤!!​처음 시작하시는 분들은 풍경보다는 사진, 정물 등이 예쁘니 그런 걸로 도전해보세요~풍경은 단순컬러가 많아서 빼뚤한게 다 보이거든요 ㅠㅜ​​많이 했다고 생각했는데 생각보다 적네요~도안 사놓은건 거의 10개 더 있는데..ㅋㅋㅋ도안 사냥이나 하러 가야겠어요~~~​집에서 요즘 집콕취미가 필요하신 분들께 너무 추천하고 싶은 보석십자수에요!~!!​",18,243,9,0,369.0,7,,2021. 4. 29. 12:21
5,https://blog.naver.com/2jjsblue?Redirect=Log&logNo=222179194104,1,3,초등 집콕놀이 DIY 보석십자수 9000원에 구입했어요,파란다움,"요즘 우리 아이들 집콕놀이 많이들 하실텐데요...오늘의 초등 집콕놀이는 바로 보석십자수입니다!^^​​울 집 공주님이랑 얼마전 문방구에서 9000원에 구입한 보석십자수랍니다~제가 직접 사준 건 처음인데다가 울 공주님도 물어보니 한번정도 해본적은 있다하긴 하나 거의 처음이나 마찬가지더라구요~~ㅎㅎ​​​문방구에 보석십자수 고를거리가 사실 많지 않았어요 ㅋㅋ이 도안외에 하나 더 있긴 했는데, 그것보다는 이 아이가 딱이었어요.아마도 많이 팔린 것 같았는데, 안그래도 계산하는데 사장님이 요즘 보석십자수가 많이 나간다고 하시더라구요~~다들 아이들도 집콕하면서 보석십자수 많이 하나봐요~~ㅎㅎ​​​​​아이도 저도 집중하고 나름 꼼꼼해야 하는 것들을 좋아해서 이 보석십자수도 제가 먼저 찜해서 보여주었답니다.ㅎㅎ역시나 아이도 만족~~^^​보석십자수는 도안 액자 위에 붙이는 방식이라 누구나 쉽고 재밌게 만들 수 있는 DIY 보석십자수 세트랍니다~완성해서 집안에 바로 걸수 있는 액자로 인테리어 효과는 덤이네요.ㅎㅎ​​​​초등 집콕놀이 DIY보석십자수 제품 구성품은 이렇게....​+ 보석십자수 도안액자+ 비즈+ 고체풀+ 트레이+ 비즈 전용펜​​​​보석십자수 만들기 방법​+ 보석비즈를 트레이 위에 준비하기+ 고체풀의 비닐을 벗기고, 전용펜에 고체풀을 꾹 찍어주기+ 원하는 색의 비즈를 선택해 펜으로 콕콕 찍기+ 도안의 보호 필름을 벗겨 가며 비즈를 붙여주면 완성+ 완성 후 두꺼운 책이나 무거운 물건으로 눌러주기​​사실 전 한번도 안해 봤는데 ㅎㅎ잘 할수 있겠지요?^^​​​​우선 비닐을 벗기기 전 앞,뒤 모습이예요~소녀감성 뿜뿜하는 것이 그나마 없는 종류 중에서 잘 고른 것 같아요 ㅋㅋ​​​​하고 싶어 안달이었는데 ㅎㅎㅎ 드디어 개봉합니다~!​​전체 구성입니다.집콕하면서 시간 때우기 또 이렇게 하루를 보내네요....^^​​​​나사못과 고리가 별도로 들어 있어서 완성 후 액자에 고정 시켜 주시면 되세요.벽에 걸어도 되고, 그냥 세워 둬도 됩니다.^^​​​​트레이와 고체풀, 비즈 전용펜입니다.​​​​컬러별로 넘버링이 되어 있는 비즈들입니다.도안이 비교적 심플해서 종류가 아주 많은 건 아니었어요..ㅎㅎ​​​이렇게 도안에 표시된 번호대로 비즈를 붙혀 주시면 되세요.​​​​비즈전용펜인데, 나중에 비즈 붙히면서 드는 생각이 이런 전용펜은 어찌 만들 생각을 했을까... 싶더라구요.ㅎㅎ​​​​처음엔 이게 뭔가 했는데...ㅎㅎ 펜으로 비즈를 들어 올리는 용도로 사용하는 풀이더라구요...딱딱하니 고체형태로 된 풀이라 신기했어요.^^​​​​​비즈 전용펜과 트레이도 미리 준비해 두고...이제 슬슬 보석십자수를 시작해 볼까요?ㅎㅎ​​​​도안액자에 비닐이 덮여 있는데요~~이걸 벗겨 내고 넘버링 되어 있는 부분에 비즈를 붙이면 된답니다.넘버링 된 부분은 비즈가 붙을 수 있도록 접착면이더라구요~~그렇다보니 비닐을 처음부터 다 벗겨내지 말고 작업 하고자 하는 부분만 벗겨 내면서 비즈를 붙이는게 좋겠더라구요.​​​​처음엔 배경도 비즈를 붙히는 줄 알았는데... 그게 아니었어요 ㅎㅎ​​​​생각보다 비즈를 붙히는 공간이 그리 많지는 않아요..ㅎㅎ초등 저학년들이 충분히 할 수 있겠네요...^^​​​​​첫번째 컬러 비즈를 뜯어서 트레이에 부어주고, 슬슬 시작해 봅니다.​​​​그리고 우리 둘다 처음이다보니 ㅋㅋ이 고체풀은 어찌 사용하는건지 몰라서 처음에 좀 헤맸다는...ㅎㅎ비즈 전용펜으로 힘있게 눌러주니 이렇게 절단이 되면서 전용펜 안으로 고체풀이 들어가더라구요.​​​번호대로 비즈를 콕 찍어서 도안액자에 붙혀주고 있습니다.ㅎㅎ완전 초집중 ㅋㅋㅋ이럴때가 정말 넘 이쁘죠~~^^​​​비닐을 조금씩 벗겨가면서 자연스레 척척이네요.ㅎㅎ엄마는 자유의 시간이죠~~ㅋ​​​울 공주님... 무지 진지하심 ㅋㅋㅋ이 시간만큼은 게임도 안하고 넘 이뻐 죽겠어요...ㅎㅎ​​​​​점점 멋진 작품이 되어 가고 있네요...초등 집콕놀이로 보석십자수 넘 괜찮더라구요. 진심 추천해요!집중력도 up 시간도 너무 잘 가더라는...ㅋㅋ​​​​잠시 뒤 와봤더니, 나름 질서 정연하게 비즈들을 뜯어서 펼쳐 두었더라구요...ㅎㅎ팔도 아프다면서 포기하지는 않는 울 공주님 ㅋㅋ​​​어느새 완성입니다!ㅎㅎㅎ​문방구에서 9000원에 구입해서 하루만에 다 끝내 버렸더니...내일은 또 뭘해야 하나....ㅎㅎ​​​​​보석십자수 액자가 완성되었어요~배경도 다 붙히면 더 이쁠 것 같아요 ㅋㅋ울 공주님께는 다소 난이도가 쉬웠던 관계로 다음엔 좀 더 업그레이드 시켜주어야 겠어요....ㅎㅎ​​​​​처음이었지만, 나름 꼼꼼하게 잘 붙혔더라구요~~이렇게 완성하면 본인 스스로도 뿌듯하고 성취감도 느낄 수 있으니 넘 좋은 것 같아요.​​​​​벽에 걸지 말지는 몰라 고리는 달아 두었는데요~이렇게 그냥 액자를 세워 두는게 더 이쁜 것 같아요.ㅎㅎ집안 분위기에 맞게 놓으면 인테리어 효과도 있어서 여러가지 면에서 아주 굿입니다.다음번에는 좀 더 업그레이드 버전으로 사다 주어야 겠네요.초등 집콕놀이로 보석십자수 꼭 해보세요~^^​",48,475,23,0,914.6,12,,2020. 12. 19. 22:23
6,https://blog.naver.com/chuprincess?Redirect=Log&logNo=222329048693,0,3,아이러브페인팅 해바라기 보석십자수 액자 만들기,신디로그,"​작년 한 해 나의 모든 여가시간을 빼앗아 가버린 취미생활, 보석십자수집에서만 지내다보니 여간 심심한 게 아니라 유튜브만 주구장창 보고있었는데 우연히 초등학생의 보석십자수 영상을 보고 왠지 쉽고 재미있어 보이길래 하나 주문했던 게 첫 시작이었던 것 같아요. 가족들이, 친구들이 니가 그걸 할 수 있을 것 같냐고 아주 무시무시를 해댔지만~ㅋㅋ 굴하지 않고 첫 성공 후에 지금까지 한 10개는 넘게 완성 했네요! 흐흐​​그 때 완성했던 게 바로 요거! 귀여운 꽃사슴 보석십자수인데요.아이러브페인팅에서 작고 귀여운 걸 골라서 도전했던 걸로 기억해요. 처음부터 어려운 걸 하면 왠지 실패할 것 같기도 하고, 또 워낙에 똥손이다 보니 쉬워도 실패 할 수 있으니 작은 것 부터 도전해보자! 하고 선택했었지용 ㅎㅎㅎ 그런데 하다보니 너무 재밌고 또 하는방법도 간단해서 하루만에, 그것도 몇 시간만에 뚝딱 성공했던 기억이~~ㅎㅎㅎ​​그러고나서 몇 개나 더 주문해서 만들고 완성하고 반복했는데, 신혼집에 다 걸어두고 친정에도 걸어두고 언니집에도 줄 정도로였어요 ㅎㅎㅎ그 때가 신혼집에 막 올라가서 아무것도 할 게 없었던 시기였는데 하루종일 보석십자수만 하고 있으니 남편이 다행이다 싶으면서도 어디서 저런 집중력이 생겼지? 하고 궁금해 하기도 했었대요 ㅎㅎㅎ 제가 생각해도 참 신기한.. 덕분에 태교는 제대로 한 것 같기도 하고요~~!​​어쨌든 그렇게 수많은 작품을 만들어 내다가! 마지막으로 해바라기 보석십자수 액자 두 개만 더 만들고 끝내려고 했는데!!!두둥,, 시작하자마자 손목을 다쳐버린 ^_ㅠ 덕분에 아직 완성은 못했지만.. 그래도 포스팅은 남겨봅니다 ^^7​​제가 선택한 디자인은 J24 해바라기 향연, K45 해바라기 가족 두가지 입니다.남편이랑 TV보는데 해바라기 그림을 집 안 잘 보이는 곳에 걸어두면 돈이 들어온다고 하길래 ㅋㅋㅋㅋ 갑자기 해바라기에 꽂혀버렸어요.​아이러브페인팅 보석십자수는 명화, 인물, 풍경 등 주제별로 잘 구분되어 있어서 원하는 디자인을 고르기가 쉬웠습니다.이런거 말고도 디즈니, BTS, 카카오프렌즈, 마블, 유니버셜 등 다양한 디자인을 선택 할 수 있으니 관심사가 있다면 도전해보셔도 좋을 듯 해요!​​사실 주문할 때만 하더라도 ""나 초고수임"" 하는 생각으로 일주일이면 두 개 정도는 거뜬하지 싶었는데..손목을 다치고 나서는 왜 이렇게 크게 느껴지던지,, 결국 아직도 완성을 못했네여 엉엉 ㅠㅠ 특히나 이번에 고른 해바라기는 유독 어두운 부분이 많아서 더 오래 걸리고 있는 것 같아요. 저번에도 말했지만 밝은 색이 많을수록 쉽습니다...!!!​​요렇게 어두운 컬러의 보석들은 잘 안보이더라고요. 눈이 침침해서 그런가 ^_ㅠ그리고 이 디자인은 유독 하기가 어려웠던 게 쭉 이어져있는 부분이 많이 없어서 계속 집중을 하고 해야됐어요 ㅠㅠㅋㅋㅋ아무리 초고수로 거듭난 저라도! 하기가 힘들었다는 입장 ㅋㅋㅋ 하지만 하는 방법 자체는 굉장히 쉽기 때문에 누구나 도전해 볼 만은 하답니다.​​보석십자수 만드는 법​사용설명서가 들어있긴 하지만 사실 딱히 방법이라고 알려드릴 것도 없을 정도로 간단해요. 구성품을 보면 트레이와 고체풀, 펜 그리고 액자걸이 등이 있는데 먼저 트레이와 보석, 펜, 풀 정도만 챙기시면 됩니다. 보석들은 캔버스의 모양이랑 일치하는 숫자를 찾아서 트레이에 조금 부어주고 펜에 고체풀을 찍어 보석을 옮겨 붙여 주면 끝! 참 쉽죠오-?​​다른 곳이랑 다르게 아이러브페인팅에서는 이렇게 길쭉한 펜이 추가로 들어있어요. 솔직히 말하면 요거 때매라도 계속 아이러브페인팅을 찾게 되는 듯 ㅋㅋㅋㅋ 저처럼 큰 사이즈의 대형 보석십자수 액자 만들때는 이 두가지 펜이 제일 유용한데요. 한 번에 10개정도되는 보석을 이어 붙일수도 있고, 정렬하기도 좋아서 진짜 꼭 필요하답니다! 저는 다른 펜은 아예 쓰지도 않아요. 요걸로만 완성하래도 할 수 있을 듯^^​​이렇게 한 번에 8~10개씩 막 와다다 붙이면 되니까 얼마나 속이 시원한 지 ㅋㅋㅋ 그리고 이렇게 해서 한 번에 붙이는 게 하나씩 따로 하는 것 보다 훨씬 열 맞추기도 쉬운 것 같아요. ​​이 디자인 자체는 이어지는 부분이 많이 없었지만, 그래도 한 3개 이상 되는 건 다 이걸로 붙였어요. 진짜 젤루 편함...한개씩 붙일 때는 펜을 뒤집어서 반대편으로 붙이고 여러개 이어 붙일 때는 다시 뒤집어 한 번에 붙이고~ 이런식으로 하다보면 손에 익어서 커다란 사이즈의 액자도 금방 완성할 수 있답니다!​ 저는 손에 익어서 엄청 빠르죠!? 네 물론 빨리 돌린 영상입니다!​그래도 원래면 대형 사이즈 액자도 일주일이면 뚝딱이었는데 ㅠ 손목이 아파서 한 달이 되도록 못 완성하고 있다는 게 넘 속상해요 진짜..빨리 완성해서 집에 걸어두고 싶은데 엉엉ㅠㅠ​​중간중간 비즈를 확인하면서 조금 잘려있거나 색이 다르거나 하면 가감없이 버려줍니다! 처음엔 비즈가 얼만큼 있는지 몰라서 웬만하면 다 붙였는데 비즈가 거의 2배 가까이 들어 있기 때문에 조금만 이상해도 패스하셔도 돼요~~ ​저는 사진에서 보이는 것 처럼 까만점이 콕! 찍혀있거나 하는 것도 다 패스하고 동글동글 이쁜 것들만 붙였답니다!​​사실 조금 이상한 비즈라도 다 붙여놓으면 크게 티는 안나는데, 그래도 하나씩 눈에 찝힐 때가 있어서 그냥 웬만하면 다 버리고 이쁜걸로만 만들게 되더라고요. 하 3분의 1도 완성 안했는데 벌써부터 이뻐보이는 건 기분탓일까여?ㅋㅋㅋㅋㅋ​​그래도 빨리 완성하고 싶어서 병원에서도 열심히 뚝딱뚝딱- 저 진짜 열심히 하져..?손목 다쳐놓고 방에서 아대까지 끼고 이러는 거 보면 증말 꼴통이다~ 싶다가도 얼마나 재밌으면 저러나~ 싶기도 하고 그러실텐데 ㅋㅋㅋㅋ그만큼 재밌어여. 정말 마성의 매력. 제가 이거 완성하면 집에다 이쁘게 걸어놓고 꼭 인증샷 찍어 올릴게요 기대하세요 *_*!!!​​​때
2”
 

 

이!

 

 

 

 
",20,666,7,1,2852.2,35,,2021. 4. 30. 18:10
7,https://blog.naver.com/saebyok0104?Redirect=Log&logNo=222396120772,1,3,첫 작품 보석십자수 튜브 완성~♡,햇살가득한 뜨개질놀이터," ​생애 첫 보석십자수 카카오프렌즈 튜브 완성했어요~^^​​하~~ 이거 정말 중독됩니다. ^^;;택배 받은날 저녁부터 시작했는데한 번 잡으면 멈출수가 없더라구요.​​​#보석십자수 랑 #유화그리기관심갖고 찾아보고 있던차에#꿈나래 님의 이벤트로 받은 선물인데요~​​​택배온 날 저녁부터 시작해서다음날 거의 80%를 진행했다죠.​​​저도 제 자신이 신기하더라구요 ㅋㅋㅋ​​​처음이니 설명서를 꼼꼼히 읽어봅니다.​​​구성품은 요렇게...번호붙은 비즈들​​펜, 트레이, 고체풀​​벽에 걸때 사용하는 고리 등이랑 수평계맨 왼쪽껀 뭐할때 쓰는건지.. ??혹.. 아시는 분 계심 좀 알려주세요~~^^​​​트레이에 비즈를 붓고 흔들어서 일렬종대로 줄세운 다음,펜에 고체풀을 채우고,비즈를 하나 콕 찍어서,색깔 맞는 번호에다 붙입니다.​​​엄청 단순하고 쉬운 작업이지만하고 있음 힐링돼요~~♡만족도 20000%입니다 ㅎㅎㅎ​​​​이렇게... 전 사흘만에 완성을 했네요 ^0^​​​쎄뚜쎄뚜를 좋아하는 나...#카카오프렌즈 친구들 다~ 들여놓는거 아닌지 ㅋㅋㅋ​​​​그나저나 요 남은 비즈와 고체풀은 어떻게 해야 할까요?쓰레기통으로 들어가야 하는건가요 ㅠㅜ​​​​새로운 즐거움을 선사해주신 꿈나래님~너무너무​​",15,103,0,0,179.6,5,,2021. 6. 13. 9:53
8,https://blog.naver.com/hee1004g?Redirect=Log&logNo=222319278417,0,3,사랑스러운 연인 시계 보석십자수 비즈공예 인천보석자수... ,보석십자수 010-9170-1313 비즈공예 인천보석십자수,#시계 #시계보석십자수 #신혼집선물 #개업선물 #집들이선물 #인테리어소품 #보석십자수 #인천보석십자수 #취미생활 #선물 #DIY #예쁜그림 #귀여운그림 #액자 #표구작업 #인천액자 ,3,17,0,0,77.0,0,,2021. 4. 22. 16:53
9,https://blog.naver.com/555__555?Redirect=Log&logNo=222343637507,2,3,늘토 DIY 보석십자수 캔버스형 집순이 취미로 딱 좋아,신짱의 소소한 일상♥," 잇님들~신짱왔어요><​요새는 집에서 시간을 보내는 날이 정말 많잖아요?? 그렇다보니 취미를 하나씩 찾게 되는데요! 작년에 우연히 하게 되었던 보석십자수에 푸 빠진 1인은 이번에도 늘토 DIY 보석십자수를 했습니다 ㅋㅋ솔직히 처음할때에는 아 . .이거 어찌하지 ..막막했는데 완성하고 나니 세상 뿌듯하고 너무나도 이쁘더라구요>< 그래서! !이번에 또 다시 하게 되었습니다! !꺄>< 이번에는 B017 구름소녀를 선택했어요! 이사가는 집에 두면 완전 찰떡일꺼 같아서 바로 선택!! 캔버스평으로 했구요~ ​패키지 박스 뒷면에는 사용방법이 나와있으니 처음하시는 분들도 문제없이 바로 하실 수 있으실꺼에요^^얼른얼른 박스를 개봉해보겠습니다!꺄><>< 세상에!! 너무나도 이쁘잖아요!! 완성하면 더욱 더 이쁘겠죠?? 짠!! 구성품입니다!!캔버스형이다 보니 완성 후에 장식할 수 있는 재료까지 모두 있구요~연두색 트레이랑,팬,고체풀이 가장 많이 사용됩니다!! 사실 이걸로 완성된다고 볼 수 있구요~ 고체풀은 처음에는 너무 적은거 아닌가?싶지만 막상 사용해보면 두개도 다 못 씀 ㅋㅋㅋㅋ 그리고!! 이렇게 종이로 된 도안이 있을꺼에요! 이 도안은 끝날때까지 잃어버리면 안됩니다!! 잃어버리면 할 수가 없어요 ㅠㅠㅠ 캔버스에는 보면 비닐이 하나 있을꺼에요! 이걸 절대 한번에 떼서 버리면 안됩니다! 신짱 제일 처음에 그렇게 했다가 먼지 붙고 난장판. . 조금씩 할만큼만 뜯어서 해야해요!! 아래에서 보여드릴께요^^​자 이제 본격적으로 시작해볼께요! 도안을 보면 19번은 K라고 적혀있죠?? 그럼 19번 컬러의 보석을 트레이에 담아줍니다!! 트레이에 담아 살짝살짝 흔들어주면 이렇게 가지런~하게 되는데 꼭 모든 보석을 가지런하게 하실 필요는 없어요^^하면서 적응되실듯 ㅋㅋ 그런 다음엔 펜에 고체풀을 콕 찍어줍니다!! 펜 앞부분은 보석을 하나씩 하기 좋구요~ 뒷면은 넓게 되어 있는거 보이시죠?? 같은 번호가 많을때 한번에 하기에 아주 좋습니다^^이렇게 콕콕 찍어서 작품에 있는 같은 번호에 찍어주면 된다는거!! 잇님들~ 이게 정말 ... 엄청난 작업입니다 ㅋㅋㅋㅋㅋㅋㅋㅋ 하나하나 꼼꼼하게 해주셔야해요 ㅋㅋㅋㅋㅋ 어?? 한번에 있네?? 싶을때엔 이렇게 뒷면으로 콕 찍어서 해주면 된다는거^^짠! 이건 신짱이 조금 했을 때 사진입니다!! 확실히 번호 있을때랑 보석을 했을 때랑 다르죠?? 와 . .잇님들 . 이거 정말 집중해야하고 시간 꽤 걸려요?? 이정도 하는데 3시간 정도 걸립니다! 정말 시간순삭이에요><꺄>< 엄청 많이했죠?? 신짱이 두번 해본 결과 이건 세로해서 하시는걸 추천합니다!! 가로가 긴 캔버스형이기 때문에 비닐을 뜯어서 하는 동안 옆에 먼지가 들어갈 수도 있기 때문에 신짱은 세로로 해서 조금씩 내려갔어요!그리고!!! 양쪽으로 해서 간격을 좁혀준 다음 중간은 가로로해서 작업을 해주었습니다! 이렇게 하니 먼지도 확실히 덜하고 작업하기 딱 좋았어요^^​그렇게 하고 나면짠!! 완성되었습니다! 꺄><>< 너무나도 이쁘잖아요!!! 역시 구름소녀 보자마자 선택하길 잘 했습니다!! 이렇게 하나하나 보석십자수를 해서 큰 작품이 완성된다는거!! 개인적으로 꾸준히 하시는 분들 정말 대단하다고 생각합니다! 시간 뿐만 아니라 꼼꼼하게 맞춰서 해야 더욱 이쁘거든요! 아직까지 신짱은 곰손이라 .. 자세히 보면 삐뚤한 부분이 꽤 있는데 다음에는 더욱 잘 해보는걸로><이번에  늘토 DIY 보석십자수 너무나도 성공적이구요>< 얼른얼른 이사할 집에 가져다 놔야겠어요!! 집에서 할 수 있는 취미를 찾으시는 분들은 꼭 해보세요!! http://neulto.com/products/5175540224 ",32,385,6,1,2556.8,13,,2021. 5. 9. 11:51
0,https://blog.naver.com/0320333?Redirect=Log&logNo=222004099677,0,4,"아이러브페인팅 트롤 월드투어 보석십자수, 시간가는줄 몰라요",율리엄마로 살아가기:),"​​​​​​​​​시간가는 줄 모르는 꿀잼​아이러브페인팅 트롤 월드투어 보석십자수​​​​​​​​​보석십자수를 처음 접하게 된건, 작년쯤?!어린이집에서 친구들 생일 선물을 가지고 오라고 했었는데 어떤게 좋을까 찾아보다가 아이들 집중력이나 소근육발달에도 좋을 것 같아서 선물한 적이 있었거든요.그때 구입해서 아이랑도 직접 해본적이 있는데 꽤나 재밌더라구요 !?​이번엔 요즘 핫하게 급부상하고 있는 요정들 !아이러브페인팅의 트롤 월드투어 보석십자수를 해보았답니다.​​​​​​​​​​사실 트롤을 영화로 한번도 보지 못해서 캐릭터의 이름은 잘 알지 못했지만이번에 베스킨라빈스랑 트롤 월드투어랑 뭔가를 또 했더라구요 ?아이가 참새방앗간처럼 가는 곳이 베라라서, 그곳에서 포피도 만나고 브랜치도 알게되었지요​​​​​​​​​​좌 브랜치, 우 포피얘네가 제일 귀여워요 !​​​​​​​​그럼 가장 마음에 든 아이러브페인팅 트롤 월드투어 보석십자수 포피페이스를 시작해보겠숴여:)​구성품은 간단해요.스티커도안, 비즈, 트레이, 전용펜, 그리고 고체풀만 있으면 보석십자수 준비 완료.​​​​​​​​​직접 제품을 활용하기에 앞서 소개영상부터 보고 가실께요 !.​​​​​​​​​첫번째로 할일은 일단 고체풀 위에 펜을 꾸우우욱 눌러 찍어서본드를 묻혀주는 일이에요.​​​​​​​​그 다음에 적당량의 비즈를 트레이에 덜어내어 살살 흔들어 올바르게 정렬시켜 준 후 스티커판 도안에 하나씩 숫자에 맞추어 콕콕콕 올려놓아주면 끝이랍니다.참 쉽죠잉​​​​​​​​이렇게 콕찍고 붙이고 콕찍고 붙이고 하는 과정을 반복하다보면 어느새 짠- 하고 만들어진 보석십자수를 보실 수 있을꺼에요.진짜 개미지옥. 한번 들어가면 빠져나올 수 없숴여​​​​​​​​​​ㅋㅋㅋㅋㅋㅋㅋㅋㅋㅋ하나하나 엉덩이 딱 붙이고 집중해서 하다보면 집중력은 물론이고 소근육발달, 눈과 손의 협응력, 색깔 변별력 등다양한 감각들이 자극될 것 같다는 생각이 들었어요.그래서 집중력이 좀 필요한 아이, 혹은 운동치료가 필요한 사람들이 해보아도 참 좋지 않을까 해요그리고 저처럼 가만히 못있는 사람들, 무료한거 못견디는 사람들이 취미생활로 하면 정말 찰떡이에요​​​​​​​​​​솔직히 이 아이는 엉덩이가 굉장히 가벼운 아이라서 길어야 5분 생각했거든요?왠걸 본인이 직접 하나하나씩 만들어가는 작업이다보니 하면서 어떤 결과물이 나올지 기대를 해서 그런지 꼬박 한시간을 앉아서 잘 하네요?!​그래 !  넌 집중을 할 수 있는 아이였어 ! ! !  ​​​​​​​​인고의 시간 끝에 만들어낸 트롤 월드투어 보석십자수자기 손으로 만들어서 그런지 어어엄청 좋아하더라구요. 소중하게 아낄꺼라고 가장 소중한 물건에 붙인다나 뭐라나.​​​​​​​​​결국 소중한 물건이 장난감이었니 ! !  ! ! ! 그으으래 너가 만족한다면 뭐 니꺼니까 뭐​​요게,  그냥 마구잡이로 아무 곳에서나 만들어낸 것이 아니라 유니버셜코리아와 라이센스를 체결한 트롤 정식굿즈라서 그런지 굉장한 고퀄리티의 보석십자수를 만나보실 수 있답니다 !​​​​​​​​​​​​주말 아침에 아이랑 좀 놀으라고 했더니 조용 ~~~덕분에 늦잠 꿀잠 푸욱 잤는데 ㅋㅋㅋㅋㅋㅋㅋㅋㅋㅋㅋㅋㅋㅋㅋㅋㅋㅋㅋ남편!?  남편이 거기서 왜나와?ㅋㅋㅋㅋㅋㅋㅋㅋㅋㅋㅋㅋㅋㅋ​​​​​​​​​​​​주말 아침 또 완성한 브랜치와 하얀얼굴 (너는 누구니. 아, 티니인가?)ㅋㅋㅋㅋㅋㅋㅋㅋㅋㅋㅋㅋㅋㅋㅋㅋ​​​​​정말 시간가는줄 모르는 재미있는 취미 ;)색다른 취미가 필요하신 분, 하루가 너무 더디게 간다 하시는 분들은아이러브페인팅 트롤 월드투어 보석십자수와 함께 해보세요 !​​​​​​​​​​​​​​",36,338,0,3,937.0,21,revu,2020. 6. 18. 13:40
1,https://blog.naver.com/engange?Redirect=Log&logNo=222342555962,0,4,6살 취미 보석십자수,새콤달콤 쇼니네,"​9살 오빠가 보석십자수 하는것 보고 6살 엘이도 너무 하고싶어해서 주문한 보석십자수! 엘이가 좋아하는 캐릭터로 구입했어요. ​​​​엘이가 좋아하는 몰랑이 캐릭터 보석 십자수예요. 완성되면 건전지를 넣어 led등을 조립해서 조명등으로 사용이 가능해요. ​완성된 제품사진~예쁘죠 ㅎㅎ 조명에 반짝 반짝 이쁠것 같아요. ​​​​구성품~반짝반짝 큐빅과 접착도안, LED 조명 조립품이 들어있어요. 건전지 미포함​​​​오빠가 하던것보다 더 어려워서.. 6살 엘이가 할수있을까 했는데 생각보다 잘하더라구요 ㅎㅎㅎ엄청 흥미있어해요~~​​​​이렇게 숫자가 써있는곳에 해당 비즈를 붙이면 되요. ​​​​보석비즈 6살도 잘할수 있더라구요~~ 자연스레 숫자 공부도 되고 ^^ 집중력 기르는데도 좋고 성취감고 느낄수 있어 좋은것 같아요.  코로나+미세먼지가 극성인 요즘 집콕 취미로 강추해요~~​​https://coupa.ng/bZaZYR가격 11,600원 저렴한 가격으로 아이들 재미있는 놀이(오래걸려 더 좋은) 가능해요^^ ​​​​#보석십자수 #집콕취미 #6살취미 #몰랑이보석십자수 #6살놀이 #초등취미 ​​“파트너스 활동을 통해 일정액의 수수료를 제공받을 수 있으나 솔직한 후기만 작성합니다""",9,113,3,0,1173.2,13,text_ad,2021. 5. 8. 12:26
2,https://blog.naver.com/oao08?Redirect=Log&logNo=222291642202,3,4,친구 집들이선물 아이러브페인팅 보석십자수 세로액자 추천!,배고픈 일상♥,"친구 집들이선물로 세로액자 화려한 공작한쌍보석십자수를 도전해봤는데요!​아이러브페인팅 제품은 다른 보석십자수액자들에 비해보석이 반짝거리고  완성했을 때 그림 선명도도 뚜렷해서그림이 정말 이쁜 것 같아요 :)​이제 신혼부부인 친구의 집에 선물하는건데인테리어소품으로도 딱 좋은 액자입니다!해바라기그림, 부엉이그림, 풍경그림, 인물화그림 등다양해서 골라하는 재미도 있어요!친한 친구가 집들이 한다는 소식에 어떤 선물을 준비할까고민하다가 특별한 선물을 생각했는데요!​엄마가 취미로 하고 있는 보석십자수 중에서이쁜 걸로 하나 완성해서 선물해주기로 했어요~결혼한지 얼마 안된 친구라~~신혼부부랑 잘어울리는 화려한 공작한쌍 그림으로선택했는데, 보통 가로그림도 많지만 세로액자 그림이라세련되어 보이는게 마음에 쏙 들어서 픽했습니다!아직 완성하지 않았지만 도안에서 느껴지는이미지가 너무 이쁠 것 같은 공작 한쌍의 그림이였는데요~!보석십자수 브랜드가 많은데,그 중 아이러브페인팅에서는 도안도 다양하고완성된 퀄리티가 다른 보석십자수들에 비해 높습니다!​또, 비즈가 다른 제품에 비해 반짝 거림이더 많아서 완성하고 나면 반짝 반짝 거리는게 눈부실정도에요~!!!무엇보다 비즈 수가 많아서그림이 자연스럽고 작업하실 때색깔이 다양해서 재밌습니다!설명서와 캔버스의 모양, 번호가 일치하는 비즈를 찾는다.트레이에 붙이혀는 비즈를 조금 쏟는다.작업할 부분의 투명필름 부분만 떼어낸다.고체풀에 구멍이 나도록 펜으로 뚫어준다.캔버스에 비즈를 붙여준다.평평한 도구로 단단히 눌러준다.비즈를 따로 지퍼백에 담을 필요없이개별 지퍼백에 비즈가 담겨있습니다.​다른 브랜드의 제품들 중에서는비즈를 뜯어서 지퍼백에 옴겨 담아야 되는데,그게 은근 시간도 걸리고 일이에요~이렇게 지퍼백에 비즈가 담겨 있으면바로 번호 찾아서 작업하시면 되니깐세상 간편하고 편합니다!!비슷한 색상의 비즈들이 색깔별로 준비되어 있어자연스러운 그라데이션으로 그림이 자연스럽고비즈 작업하시다보면 색이 다양해서 훨신 더 재밌습니다!이게 펜인데 위, 아래로 사용할 수 있고아래부분은 한개씩 작업할 수 있고 위에 부분은한번에 3개까지 한번에 작업할 수 있습니다.이게 바로 고체풀인데요!고체풀 비닐을 벗긴 후 펜에고체풀이 들어갈 수 있도록 구멍 내주시고비즈를 옴겨주시면 됩니다.​작업하다보면 고체풀이 비즈에 묻어나오는데손으로 닦아주거나 손톱으로 긁어서 떼어주면 됩니다.트레이도 몇개 여유분으로 주고,보석십자수를 여러개 해보셨다면다양한 곳에서 얻은 펜과 트레이가 남아있을꺼에요!​그러면 그것 까지 사용할 수 있으니남은건 계속 쌓이게 되네요.. :)친구 집들이선물 주기까지 시간이 얼마 남지 않아서엄마랑 같이 작업 했는데, 트레이 여러개 깔고도안 보고 한번에 슥슥 찍어내는게 무슨 공장 같았어요! 엄마는 시력이 나쁘기 때문에 안경과 돋보기를활용해서 보석십자수를 하시는데,힘들지 않고 오히려 재밌다며 엄마가 저보다 더 좋아합니다!이것도 엄마가 대부분 거희 다 완성해주셨는데,하루에 1~2시간씩은 꼭 하시고시간이 여유로울 때는 5시간도 앉아서 시간가는 줄 모르고 즐기세요~그림을 자세히 보시면 숫자나 알파벳이 적혀있는데이걸보고 도안에서 적힌 비즈를 붙이면 됩니다.​40*50 사이즈 같은 경우 엄마 혼자 여유롭게 하면일주일 넘게 걸리고, 저랑 빨리 작업하면 5일 안에 끝내기도 하는 것 같아요!사이즈가 제법 큰 사이즈이기 때문에한 시간에 비즈가 적게 들어있는거 한봉지 다 하거나비즈가 많이 들어간거 한봉지 다 하려면 2시간도 걸리기도 합니다.근데 재밌기 때문에 시간만 있다면한번 펜을 잡으면 계속 하게 되고,커피나 간식이나 뭔갈 먹으면서 하다보면더 재밌어요~~​그래서 엄마랑 같이 편의점에서 간식 사서 먹거나빵집에서 빵 같은거 사서 먹으면서 했어요 :)나중에 하다보면 촘촘하게 박힌 비즈구간이 있는데이런걸 보면 마음이 편안해지는게 힐링되는 느낌입니다..!강아지 키우는 분들이라면 보석십자수 하다보면옆에서 뭐하냐고 주변을 돌거나 옆에 앉아있거나 누워있어요.​요크셔테리어 말자도 엄마가 거실에 나와서보석십자수 하고 있으면 엄마 뭐하냐고옆에 있는데, 제가 있으면 무릎에 올라오려고 하거나밖에 나가자고 끙끙 대기도 하네요.말자에게..친구의 집들이선물 시간이 얼마 안남았다고산책은 나중에 가자고 이야기 한 후..마저 열심히 비즈를 붙여주었는데요..!그렇게 8일 째가 되던날 완성되었습니다!바탕색이 아이보리색상과 흰색 분위기가깔끔해서 어떤 벽이든 잘 어울리는 액자였고,​화려한 공작새 날개가 눈에 돋보이는화려한 액자여서 더 이뻤는데요!!만드는 정성이 들어가 더 소중한집들이선물이 아닌가 싶어요!!!!!!액자로 선물하실 때 나무액자로 되어 있어서그대로 뒤에 고리만 붙여서 나무 세로액자로 사용하셔도 되고,아크릴투명액자를 따로 구입하셔서 액자에 넣어서 사용하셔도 됩니다!저는 우선 배송일이 친구 집들이 날짜랑안맞아서 액자랑은 같이 못해주고이렇게 나무액자로 해서 선물해주려고요!!간혹 보석십자수 하시다가 머리카락 붙기도 하는데잘 보시고 떼어내세요..!!!​작업할 때 잘 보고 한다고 해도..머리카락이 잘 빠지다보니 짧은 앞머리 같은건들어가면 잘 안보이는 거 같아요..마지막에 한번 쭉~ 둘러보시고보석 빠진 곳 있나 살펴보시고 하시면 됩니다.​가끔 다했다고 생각했는데 한두개씩비어있는 곳이 발견되서 다시 비즈를 붙이기도 하네요~비즈붙이면 생각보다 접착력 좋기 때문에쉽게 잘 안떨어집니다!!​붙이고 마지막에 위치 잘 맞았나 한번 더꾹꾹 눌러주시면서 확인해보세요 :)집들이선물 고민이시라면정성가득하고 조금많이 특별한아이러브페인팅 보석십자수 추천합니다!​완성해서 주는 것도 좋고,친구보고 하라고 DIY제품으로 선물해줘도손재주 있는 친구들은 오히려 만드는 재미가 있어서더 좋아할 것 같아요 :)​하나는 완성된거, 하나는 미완성된거2개 선물해주면 더 센스 있는 선물일 것 같아요~​​",43,551,9,1,4626.6,27,suspect,2021. 3. 30. 9:00
3,https://blog.naver.com/jessie0325?Redirect=Log&logNo=222294428147,3,4,보석십자수세트 액자포함 집안 인테리어에 좋아요,3월의 羊,"​예전에는 동네마다 십자수가게가 있어서 십자수 하는 분들이 꽤 많았던 것 같은데,요즘은 그 많던 십자수 가게들이 다 사라졌네요...​저는 손으로 이것저것 만드는 걸 좋아하는 편이라서,남들 다하는 십자수도 꽤 오래 했고, 퀼트도 가방 몇개 완성하고 마지막엔 이불도 만들 정도로매우 진심으로 열심히 했었던 기억이 있네요~ ^^​그 외에도 바느질로 바디부터 옷까지 모두 만드는 드레스돌이나,종이를 잘라서 겹겹이 쌓는 쉐도우아트 등저도 꽤 다양한 집콕 취미를 갖고 있었어요. ㅎㅎㅎ​​​​최근에 다시 이런 집콕 취미들이 인기가 있던데 새로운 제품들이 나와서 관심이 많이 생겼어요~​저도 이래저래 바빠서 한동안 이런 데 시간을 쏟을 여유가 없었는데...예쁜 보석십자수 작품들을 구경하다보니 다시 손이 근질근질 ㅎㅎㅎ​​​​보석십자수는 기본적으로는 십자수처럼 도안 위에 채워넣는 건데,실과 바늘을 사용하는게 아니라, 펜과 비즈를 이용해서 채워넣는 게 다르더라구요.완성작의 느낌도 좀 다른 것 같아요.십자수가 좀 부드러운 느낌이라면 보석십자수는 쨍하고 화려한 느낌~​​​​보석십자수세트도 다양한 업체에서 판매하고 있는데,보석십자수의 특징을 잘 생각해보면 색감이 선명하고 제품이 깔끔한 곳에서제품을 선택하는 게 완성작의 퀄리티를 높일 수 있는 방법인 것 같다는 생각이 들더라구요.​​​​​​​​​​​​저는 디클레어의 명화 보석십자수 제품 중에서평소에 제가 좋아하던 ""고흐""의 아몬드나무(50*40)를 선택했어요.​디클레어의 명화 보석십자수는 꽤나 다양한 명화를 도안으로 제작하고 있어요.고흐의 작품들도 많고, 클림트의 키스 같은 유명한 작품들이 있고명화 외에도 파리나 런던, 산토리니 등 유명한 도시의 모습이 담긴 작품이나동식물 등 취향에 따라 고를 수 있는 작품들이 많이 있었어요.​​​​제가 수많은 보석십자수 업체들 중에서도 디클레어를 고를 이유는바로 이 나무 캔버스때문입니다.​진짜 25mm의 나무 캔버스를 사용해서 이런 액자같은 두께감이 나오더라구요.어떤 업체는 17mm의 나무 캔버스를 사용하거나 돌돌 말린 캔버스만 있는 곳도 있던데디클레어는 두꺼운 나무 캔버스에 작업을 할 수 있고, 완성작을 그대로 액자로 활용할 수 있어서다른 업체의 제품보다 훨씬 활용도가 높은 것 같아요.​​​​박스에서 제품을 꺼내면 캔버스 뒤쪽에 비즈와 도구가 함께 들어 있어요.캔버스는 비닐에 한 겹 싸여 있으니까 혹시 벗겨낼 때 칼을 사용하신다면캔버스가 손상되지 않도록 조심하셔야 합니다~​​​​비즈는 숫자가 적힌 비닐에 한가지씩 컬러별로 들어 있었어요.도안표와 비즈를 비교해서 빠진 비즈가 없는지 먼저 확인해보세요.​​​​보석십자수를 하기 위해서는 몇가지 도구가 필요한데,디클레어의 보석십자수세트를 구매하시면 따로 준비할 재료 없이 모든 부자재가 함께 포함되어 있어요.​거기다, 제품 사이즈 상관없이 제품을 3개 구매하면 끝이 구부러져서 손이 훨씬 편한슈퍼펜 1개를 추가로 증정한다고 합니다~^^​​​​부자재는 펜이 두개, 고체풀이 두 장, 트레이도 두개 들어 있었구요.작은 지퍼백이 꽤 많이 들어 있었는데 이 지퍼백은 비즈를 사용하다가 다른 컬러의 비즈를 사용할 경우비닐에 있는 남은 비즈를 옮겨 담아놓는 용도로 사용하시면 됩니다.​혼동되지 않도록 숫자스티커도 꼭 붙여두시구요~​​​​고체풀은 앞 뒤로 비닐에 덮여 있는데,저는 사용안할때는 이 비닐을 덮어서 다시 지퍼백에 넣어서 보관했어요,고체풀이다보니까 아무래도 굳어서 못 쓸까봐 신경이 쓰였거든요.​​​​사용방법은 매우 간단합니다.펜의 끝을 고체풀에 콕 찍으면 펜의 빈 공간안으로 고체풀이 채워져요.그 상태로 비즈를 찍으면 잘 붙습니다.​그 펜을 도안에 다시 콕 찍으면 비즈가 붙게 되더라구요.​​​​펜의 반대쪽은 비즈 세개가 한번에 붙도록 넓게 만들어져 있어요.같은 번호가 연결되는 부분에서는 하나씩 작업하는 것 보다,세개씩 붙이는게 훨씬 빨리 진행되니까 잘 활용하면 됩니다~​​​​비즈는 트레이에 쏟아 놓고,앞뒤로 살살 흔들어주면 트레이 홈에 비즈들이 일렬로 줄을 서게 됩니다.​굳이 너무 예쁘게 잘 세우려고 하지 말고, 사용하면서 한번씩 흔들어서 정리해주면세개씩 붙일때는 유용합니다~​​​​나무캔버스의 앞면은 선명한 도안으로 이루어져 있는데,얇은 비닐이 한겹 붙어 있고 살짝 떼어내면 안쪽은 끈적끈적한 접착제처리가 되어 있는 것을 알 수 잇어요.​보석십자수 도안에 비즈가 아닌 다른 자국이 자꾸 생기면 접착력이 떨어질지도 모르니까손바닥자국 같은게 생기지 않도록,모서리부분부터 차근차근 붙여나가는 게 좋을 것 같습니다.​​​​붙이면서 제품 화면에서 본 것보다 비즈가 훨씬 밝고 반짝이는 것 같다는 느낌을 받았어요.디클레어에서는 A급 비즈를 사용하기때문에 불량률도 적고 반짝임이 더욱 강하다고 하네요~​​​​예전에 십자수 할때 도안이 그다지 선명하지 않아서 눈이 많이 아팠던 것 같은데,디클레어 보석십자수세트는 인쇄 해상도가 높아서 그런지 도안의 선명도가 높아서,기호를 구별하는게 정말 쉽고 눈더 덜 피로하더라구요.​​​​근데 손이 예전같지 않나봅니다.흥~ 이 정도는 3일이면 다 끝날거야! 라고 장담했었는데...제가 너무 꼼꼼하게 붙인 걸까요...생각보다 시간이 많이 걸리네요 ㅎㅎㅎ​​그래도, 옆에 패드 장착하고 못본 예능프로그램 켜놓은 뒤에보석십자수 한 번 시작하면 2~3시간은 그냥 가네요.집중해서 하다보면 시간이 이렇게 흘렀는줄 모르겠더라구요.​얼른 완성해서 회사에 갖다 놓고 매일 봐야겠어요^^​​기     이 리뷰는 실제 상품-서비스 외에 경제적 대가 없이
00098      올바른 리뷰문화몰 만들기위해 작성된 리뷰입니다
",30,553,23,1,1513.0,45,text_ad,2021. 3. 31. 23:58
4,https://blog.naver.com/prlqupuqnrmr?Redirect=Log&logNo=222311903772,3,4,BTS굿즈 보석십자수는 아이러브페인팅에서 엣지있게!,으뉴와 함께하는 모든시간 ♡,"​​​안녕하세요~오늘은 BTS굿즈 보석십자수를 자랑하러 왔습니다 :)진짜 너무 이뻐요~^^​이게 정식 굿즈라니..! 으흑흑 너무 이뻐서 감동입니다 ~ 보석십자수가 색칠하는것보다 조금 쉬우면서 완성했을때 다양한 각도에서 정말 이쁘게 반짝여서 매력적인데요​이번에 신제품이 나오면서 다이너마이트 사진이 정말 이쁘게 잘 나왔더라구요~취미생활추천드립니다. 진짜 시간 잘가고 완성했을때 만족도가 너무 높아서 진짜 너무 행복한 그런 취미예요~​그럼 아이러브페인팅의 BTS굿즈 보석십자수 만나러 가볼까요~?​#아이러브페인팅​방탄굿즈로 방탄소년단의 정식 굿즈 입니다.​보석십자수 하는 방법도 차근차근 알려드릴테니까 어렵지 않을까 걱정하지 않으셔도 되요~^^ 정말 쉽고 재미있어요~!​​저는 그 중 정국이 인데요~이번 사진이 참 이쁘죠?하시는 방법은 케이스 뒷면에도 자세하게 나와 있어요~그걸 읽어보시고 해보시는 것도 좋을 것 같아요~^^​​왼쪽 사진이 현재 비닐에 씌워져 있는 도안이라고 하면 될 것 같아요~그 뒷면에 보석십자수의 비즈가 들어 있고 필요한 팬과 도구들이 들어있어요.​고체풀, 큐빅, 펜 등 구성품을 확인하신 후 시작해 주시면 됩니당.​#보석십자수 ​안에 포토카드도 들어 있어서 너무 좋았어요~^^같이 걸어 놓아도 너무 이쁠 것 같은 포토카드 >  < ​그리고 옆에 비즈에 맞는 번호가 적혀 있으니까 이거는 잘 보이는 곳에 두신 후 보면서 비즈를 붙이시면 됩니다.이게 없어지면 나중에 비즈 붙일때 난감하니까 꼭 잘 챙겨주세용~^^​#취미 ​고체풀은 양면에 비닐이 붙어 있어서 한쪽을 떼어내 주신 후 사용하시면 됩니당.​​어떻게 사용하느냐!아래처럼 펜을 들고 고체풀에 찍어서 안에 넣어주시면 되요~그럼 안쪽 홈에 고체풀이 들어가서 나중에 비즈들이 잘 붙어서 켄버스에 붙이기 편하게 된답니당.​아래 펜은 다양한 펜 중 제가 제일 많이 쓰는 3개짜리입니당.​​비즈는 일반적으로 사용량의 20% 이상 더 들어 있기 때문에 넉넉하니까 걱정없이 사용해주시면 됩니당.그래도 너무 확 엎어서 버리게 되면 부족할 수 있으니 엎어지지 않도록 조심해주시면 될 것 같아요~^^​비즈를 고르게 만드는 방법은? 아래처럼 트레이에 부어주신 후 좌우로 흔드시는데요 우선 바깥쪽을 아래로 내린 상태에서 흔들다가 점점 안쪽을 아래로 오게 하면서 살살 흔들어주면 아래처럼 고르게 되요 ㅎㅎ몇번 하시면 별거아니네 하실거예요​이게 하시다가 막 아무리해도 지네들끼리 붙는다? 그럼 정전기 일어난거예요그럼 그때 비즈가 없는 트레이에 로션을 소량 발라주시면 괜찮아지니까 참고하세용​#BTS굿즈​아이러브페인팅 제품들이 전부 너무 좋아서 진짜 저희 친정엄마도 취미생활추천해드렸더니 너무 좋아하시면서 열심히 하시더라구요~ 시간가는줄 모른다고 너무 좋아하세요 ^^​완성품의 만족도도 높아서 진짜 애정합니다 ^^한두개 짜리는 펜 하나 전용으로 나온 쪽을 이용해서 해주시면 되는데요비닐은 전부 뜯어서 하시는게 아니라 필요한 부분만 확인하고 뜯어주시는게 좋아요​켄버스 접착제가 있는 부분이 살이나 옷이 닿으면 나중에 비즈가 안붙을 수 있으니 참고!​​확실히 그냥 비즈를 붙이기 전보다 비즈를 붙이고 나서의 그림이 더욱 이쁜걸 보실 수 있어요~ 이게 한면으로 깎인 비즈가 아니라서 다양한 각도에서도 이쁘게 반짝여서 진짜 이뻐요~^^​​왼쪽에 비즈를 붙이고나면 오른쪽 사진처럼 되는데요붙이는 중에는 조금 이상하네.. 이게 이뻐질까? 하는데 완성하고 나면 진짜 너무 이뻐서 아~ 진즉 할껄 하고 후회하실지도 몰라요~!​​비즈를 트레이에 부으실때는 소량을 넣으면 저렇게 고르게 잘 안되요조금 많이 넣어서 해주시는게 좋습니다!​이거 하면 진짜 힐링 너무 되요~완성하는 힐링!? ​​하나씩 하나씩 하면서 딱! 붙는 비즈의 느낌이 너무 좋다고 할까나?이게 색칠하는것처럼 되게 디테일한 기술이 필요하거나 한게 아니라서 저같은 똥손도 이쁘게 완성할 수 있어서 너무 좋더라구요 ​​확실히 비즈가 많이 붙어가는 모습을 보면 이뻐요~저는 옆에 미니 등을 켜놓고 하는데, 그래야 좀 잘보이는 느낌?그래서 그런지 비즈가 막 반짝이는게 너무 이뻐요~​이런게 BTS굿즈라니~ 이쁘자나요~>  < ​​이게 처음에 할때는 구간을 정해서 아래면 아래 전부 하고 나서 그리고 올라가는 순으로 비즈를 붙였는데요요즘은 처음부터 하나씩 격파하는 재미가 들렸어요.무조건 1부터 하나씩 하는거죠!1다~찾아서 하고 그리고 나서 2찾아서 하고사실 좀 이곳저곳에 있어서 번거롭기도 한데 이게 하나씩 격파하는 재미가 전 좋더라구요.하실 분들은 취향에 맞게 하시면 될 것 같습니다 !​​처음에만 조금 느리게 흘러가는 듯 하지만 중간을 지나면 탄력받아서 속도가 좀 붙어요~금방 완성했죠? 저는 시간 날때마다 점심쯤이랑 저녁에 해서 2~3일 걸린것같아요.하루종일 하면 좋은데 해야할 일도 있으니까 병행하면서 했더니 그정도 걸린것 같아요.그래도 빠르게 끝내서 뿌듯 합니다 ^^​​이게 진짜 다양한 각도에서 너무 이쁘다는걸 보여주고 싶었는데너무 오도방정 떨면서 찍은 느낌 ㅋㅋㅋㅋㅋㅋㅋ해가 잘 드는 곳에 걸어두어도 이쁘고, 조명 아래 딱 걸어 놓아도 너무 이쁜 그런 아이러브페인팅의 보석십자수라 할 수 있겠숩니다 ^^​​집을 좀 더 환하게 해줄 수 있는 매력있는 보석십자수!방탄굿즈 BTS굿즈로 멋있는 방탄소년단의 멤버와 함께 더욱 더 분위기 있는 집을 꾸며보시는 것도 좋을 것 같아요~​집의 분위기가 한층 더 밝아지는 느낌?​​이번 다이너마이트 말고도 3가지 시리즈가 있으니 참고하시면 좋을 것 같아요~^^정말 이쁘고 매력적인 방탄소년단을 이런 굿즈로 만나볼 수 있어서 너무 좋았구요 인테리어액자 대신 이런 십자수로 집을 분위기 있게 만드시는 것도 좋겠네요!!!​지금 단독선런칭중이라 특가로 올라와 있으니 아래 사이트를 참고하세요^^​​​​​​'아이러브페인팅에서 무료로 제품을 지원 받아 체험 후 솔직하게 작성한 리뷰입니다.'",44,620,6,1,1337.8,9,text_ad,2021. 4. 16. 11:18
5,https://blog.naver.com/mmmmm_____?Redirect=Log&logNo=222183982330,4,4,방콕취미생활 보석십자수 추천 내돈내산( feat. 쉽게 완성하는... ,✿건강한 아이를 기다립니다✿,"#취미생활#집콕#태교반가워요~ 저번에 방구석 취미생활이라고 해서보석십자수를 소개한 적이 있었는데요~겨울철에 하기 딱 좋은 취미생활이고!저한테 너무나도 잘 맞는 거 같아서요즘 완전 홀릭하고 있습니다!​여름엔 라탄 겨울엔 뜨개질이나 보석 십자수를 하며여가시간을 보내면 딱 구뜨구뜨 베리 구뜨!​보석십자수를 파는 회사가 한두군데가 아니라서어디꺼를 사야되나 고민하시는 분들이 많으실 거라고생각해요 (저도 엄청 고민했어요 ㅋㅋ)보석십자수를 고를 때는 먼저 자신이 원하는 디자인이 원하는 크기로 있는지 보는게당연히 중요하겠지요~ 두번째로는 세트구성상품이나사은품을 주는 회사의 제품을 사는게 좋겠죠?!​세번째로는 회사마다 비즈(보석)의 불량률이 달라요리뷰등을 통해 불량률이 어느정도인지 확인하시고비교하신 후에 구매하시는걸 추천드립니다특히나 중국에서 직배송 시키는건거의 뭐 난장판이라고 하더라구요;;;​마지막으로 패브릭보다는 캔버스형을 사시는걸강력 추천드려요~ 액자제작하는것도 일입니다 ㅠ그래서 오늘의 포스팅은비즈 불량에 대해서 알아보고, 어느 회사제품이 나은지주관적인 의견을 내보고동시에 지금까지 쌓아온 저만의 꿀팁도 방출하구요 ㅎㅎ보석십자수는 빤짝빤짝 이뻐서선물용으로도 정말 좋아요!!​해바라기를 몇개 만들어 봤는데저휘집엔 이미 해바라기 그림이 있어서아쉽지만 만들어서 다 선물했네영ㅎㅎ 포스팅용으로 시작한 보석십자수는 바로이 핑크핑크한 작품이에용~ 집안에 핑크색이있으면화가 가라앉고 부부금술이 좋아진다 합니당!​신혼이라..  서로 맞춰가는 과정중에있거든여;ㅋㅋ서로에게 스트레스를 덜 주기위해화를 다스릴수 있는 그림으로 골랐어여요건 도안! 이 회사제품은 알아보는데 크게 문제는 없었어요가끔 헷갈리는게 몇개있긴했지만웬만하면 느낌으로 찾아지더라구여 ㅋㅋ​근데 간혹 중국직배송 시킨 제품들은도안 자체가 구려서 알아보기 어려워여...(중국유학 출신임 한자가 문제가 아님...)이건 정말 보석십자수의 필수품!!한글자도 안읽은, 한장 넘겨본적도 없는 두꺼운 책! 작업후 요걸 올려놓아야 보석이 안떨어진답니다~저희집에서 가장 큰 책 ㅋㅋ 잡스횽~.스티브~잡~스횽~저렇게 캔버스에 끈끈이가 붙어있어서붙일만큼만 비닐을 걷어내고 도안에서 확인한 기호에 맞춰 보석을 붙여주면이렇게 착 달라붙습니당!!​그리고 반드시 다시 비닐을 덮어 접착력이 떨어지지 않게해여~어느정도 붙였을때 저는 비닐 덮어서손이나 도구로 꾹꾹 눌러줘여~​​제가 여러번 작업해보면서 가장 편한 방법을 찾아봤는데여크게 두가지 유형으로 나눌 수 있습니다​첫번째로는 모자이크 식!내가 붙이고자 하는 범위내에 동일한 색의 비즈를넓게 붙이는 방식 이에요!!​방향은 어떻게 해도 상관 없는데저는 핑크 나무가 모서리쪽에 있어서모서리부터 시작해봤어요!!이렇게 점점 넓혀가는 방식의 모자이크식은한번 꺼낸색을 최대한 많이 붙일 수 있어 작업이 편하다는 장점이 있는데비즈 사이사이 아직 붙이지 않은 기호가비닐을 덮어둘 수가 없어서공기중에 노출된다는 단점이 있어여!!​한번 시작해서 하루 안에 끝내는 사람은흔치않겠죠..? 다들 여가시간동안 조금씩 하는건데 이렇게 장시간 방치해두면 접착력이 떨어질수 밖에 없어요그걸 보완하는 방법이 바로 일열로 붙이는 방법!!이렇게 일자로 쭉~ 붙이는 방식이에요!한줄씩은 아니고 한..10줄씩 하는게 가장 효율적이더라구여! 같은색은 10개씩 붙일 수 있으니 ㅎㅎ​역시 가로,세로,대각선 어디든 상관없는데세로로 붙이는게 가장 작업하기 편했어요!​일열식의 단점은 계속해서 보석의 색을 바꿔야해서번거롭고, 보석 보관함이 필수로 있어야 해여지퍼백으로 하긴 너무 불편 ㅋㅋ​장점은 접착력이 쉬이 떨어지지 않으며장시간 작업을 하지 않고 방치해 두어도접착력이 떨어질 부담이 적음..또, 단점이었던 보석의 색을 계속 바꿔주는게오히려 작업이 질리지 않는다는 장점이 될 수 있어요!!그래서 저는 영역을 정해 비슷한 계열로 점차 넓어지다가세로방향 일열식으로 진행어느정도 진행 후에는 가로로 바꿔 진행했어요​가로로 하는 이유는 이 작품이가로로 길게 동일 색상의 비즈가 사용되서가로로 바꾼거에여!!자신의 도안을 보고 그때그때 상황에맞춰서 작업하시는게 좋겠어옹 ㅎㅎ회사별로 비즈 불량율이 천차만별이라고 해여제가 포스팅용으로 쓴  I 사 제품 같은 경우는불량율이 대략 10%정도 되더라구요!좀 불량률이 높은 편이라고 할 수 있어요​물론 비즈양이 많아서 작업하는데부족함은 없었습니다만그냥 조금 귀찮고 피곤할 뿐.. 보석을 붙이기 전 필수로불량비즈를 솎아내는 작업이 필요했어여ㅜㅜ현재 작업중인 L 사 제품은 불량율이 1%이하였어요솎아낼 불량이 거의 없었지만 비즈의 무게탓인지 정렬이 쉽지 않았네용​스크래치가 쉽게 가는 단점도 있었어요!!​두 회사의 제품이 장단점이 확실하니..자세한건 댓글문의 해주시면 성향에 맞게 추천드릴게요!​<비즈 불량의 종류>1. 높낮이가 다른 비즈이게 솎아내기 제일 힘든 불량인데여이런 불량은 보통 붙였다가 다시 띄어내는방법 뿐인것 같습니다...잘 안보여요 ㅠ2. 구멍이 뚫린 비즈흔하게 보이는 불량인데여구멍의 위치에따라 솎아내는 난이도가중간이서 중상정듀 ㅋㅋㅋ구멍있는 불량비즈 붙이면 정말 옥의티!!꼭 솎아내던지 붙이면서 확인하던지 해야해여!!​3. 부서진 비즈가장 찾기 쉬운 불량비즈 랍니다실수로 붙이는 경우는 거의 없다고 보심되요!!​4. 괴형태의 비즈왼쪽에서부터 딱붙은 쌍둥이, 꼬리달린놈, 길쭉한놈이렇게 형태가 이상한 비즈들이 있어요​특히나 딱붙은 비즈는 진짜 흔하게 보이는데90% 는 힘을 줘서 분리가 되요그런데 가끔 아무리 힘을 써도 분리가 안되는 경우가 있어요비즈 여분도 많은데 그냥 솎아내시죠...전 그냥 다 버렸습니다 ㅋ​5. 점박이 비즈흰색계열 비즈에 많이보이는 불량이에요(앗 초록색은 구멍난비즈인데 잘못분류했슴)이것도 잘 보이니 작업전 솎아주심 되겠습니당~가장 잘 보이는 불량이라 가장 찾기 쉬움!​...​불량이 이렇게 많다보니붙이는 작업의 수고보다는 불량찾다 지치긴 해요 ㅋㅋㅋ​불량찾으려고 흔들고 훑어보는 저의 모습은 흡사 용돈벌이로 공장알바할때 불량검사하던 저의 어린시절이 생각나네요ㅋ집콕하는 시간이 많아진 지금 시국에딱 좋은 집콕필수템인 동시에임산부 태교로도 넘나 좋은보석십자수 추천하고 갑니다​포스팅내에서 직접적인 브랜드 언급이 어려우니불량률이 낮거나 퀄리티가 좋은 제품사 추천이나작업하는데에 있어서  더 궁금하신 사항들은댓글 남겨주시면 정성껏 답변해드릴게요!​ 
",24,591,18,0,3923.0,15,,2020. 12. 28. 7:40
6,https://blog.naver.com/unjenajj?Redirect=Log&logNo=222166543205,2,4,"아이와 함께, 70*80cm 대형_보석십자수_(수련화)",얼렁뚱땅 살림 & 육아,"보석십자수에 관심을 가진건 사실 몇년 되었다#알리 사이트에서 소소한거 몇개 하다가 이번에 이사가서 대작에 도전해 보기루 ㅋㅋ ​아래는 처음 도전해봤던 30*30 사이즈의 사계절 나무이때는 저렴한 캔버스(쿠팡, 개당 2,800원)를 구매해서 부착했는데...​역시.. 깔끔하지가 않다 ㅠㅠ 게다가 십자수 사이즈는 30*30 이였는데캔버스는 1호 (25*25) 가 맞았다 ​'사이즈 맞추기 너무 어렵당 ㅠㅠ'다시 한번 한 세트를 하면서 액자에 넣고 싶어졌는데바탕이 화이트여서 우드액자에 넣고 싶었다​다행히 집 근처에 #보석십자수 매장이 있어서 주문제작하기로 했고개당 14,000원이지만... 어차피 화이트 할거 아니면 인터넷 보다는 저렴하다는 결론이다http://fixart.co.kr/goods/goods_view.php?goodsNo=1000001911내가 한거랑 비슷한데 똑같지는 않다... 약간 큰??액자까지 생각한다면 견적도 비슷하다http://fixarttr6309.godomall.com/goods/goods_view.php?goodsNo=1000002710이사간 집 거실에 걸고 싶었던 대형 보석 십자수 ㅎㅎㅎㅎ신랑이 3달동안 참아준게 용하다 ㅋㅋ 비즈가 온 거실에 굴러다니는 동안 블링 블링 완성 되가는 모습이 너무 뿌듯뿌듯요건.. 액자에 넣기 너무 부담스러워 캔버스에 자알~~ 부착해보기로  ㅠㅠ 실제 작품사이즈는 69*59거의 11cm씩 테두리에서 빠져나간다고 계산함 ㅎㅎ​픽스아트 사이트에서는 분리하지 않고 통으로 액자만들기도 했구낭~ 참고용으로 업로드 ㅋㅋ 거실 말고 안방에 걸었을 때 ^^ ",22,139,5,0,42.0,4,,2020. 12. 8. 9:25
7,https://blog.naver.com/eunpiry12?Redirect=Log&logNo=222144869524,3,4,(행복자수 일상) 보석십자수 하는 방법^^,행복자수의 힐링타임,"딸아이가생일 선물로 보석십자수 패기지를 받았어요~~^^​​저도 십자수를 해봤지만보석십자수는 처음이라 관심있게 살펴보았답니다~​​""어떻게 하는거야?""물어보니...​​자세히 설명해 주네요^^;;;​​​먼저이렇게 생긴보석십자수용  전용펜이 같이 들어 있다고 해요~​끝에 구멍 속이 텅 비어 있어요.​​​이 펜을,이렇게 생긴조금 딴딴하고 끈적한 젤리 같은곳에펜 끝을 '콕' 찍어 줍니다.​​그럼 펜끝에 이 젤리가 들어가서보석을 붙일수 있게 된다네요^-^(참 아이디어가 좋은거 같아요!)​​​그런 다음이런 도안이 들어 있는데,이렇게 숫자에 맞는 보석을붙이면 된다고 해요.​이렇게 비닐을 벗기면 표면이 끈적끈적하게 처리 되어 있어서보석이 잘 붙더라구요^ㅇ^​​​제가 하는십자수와 원리는 비슷한듯 한데,방법은 다르네요.참 재료의 세계는 알수록 재밌어요.​​​이렇게액자까지 들어 있나봅니다~^-^오~멋진데요~♡​​같이하자~!!!^-^​완성~♡​​참 세상에는재밌는게 많은거 같아요~!​​즐거운 주말 보내세요~♡​​",20,79,0,0,329.0,1,,2020. 11. 15. 16:54
8,https://blog.naver.com/yeonjuu77?Redirect=Log&logNo=222215533247,1,4,집콕취미로 보석십자수 10일 걸렸네요,☆깐따삐야의 일상 속 여행☆,"이제는 하다하다 ㅎㅎㅎ 보.석십자수 하려구요.손으로하는 꼼지락은 워낙 좋아라~~ 해서~~이번에는 보석십자수를 해보려고 도전했어요.아이들 체험으로 플리마켓가서 손바닥만한 사이즈는 해보았는데,이건 쨉도 안되는 대형이에요.혼자서 퇴근후 짬내 하다보니 10일은 걸린것같아요.궁딩이 딱붙이지 못하는 아이에게 집중력 키우기 좋을 것 같네요.지관함에 잘 보장되어 온 집콕취미 보석십자수.​​​​양면테입의 접착폴리팩이 아닌 밀봉 폴리팩으로 하나하나 포장되어있어서사용하는 내내 보관이 편했어요.보석십자수의 매력은 완성했을때 반짝임이 예술이라는 것이지요.알로하플러스의 비즈는 기존 수량보다 20% 이상 넉넉하게 들어있다고해요.실제로 완성하고 나서도 많이 남아서 아이들과 따로 보석십자수 놀이해도 잼있겠어요.만약 비즈 부족시 카카오톡 AlohaPlus 로 문의드리면 추가로 발송해주신다해요.​​​​1도 어렵지않은 집콕취미 보석십자수.집콕취미라고 헤어핀만들기 했었는데, 요즘은 비즈 붙입니다.캔버스의 우측 상단에 번호가 있어요.모양대로 번호대로 찾아서 붙여주면 끝.전혀 어렵지않지요??이것도 단순노무라고 하다보니 요령도 생기네요 ㅋㅋㅋ요령부터 알려드리지는 않지요~~^^*​처음 시작할때는 비즈펜에 고체풀을 콕 찍어서 고체풀이 촉안에 들어가게 합니다.주의사항은 너무 많이 하면 비즈펜으로 비즈를 콕!찝으면 고체풀이 밖으로 삐져나와서 붙인 비즈가 지저분해져요.​​​​작은 팁 하나.캔버스에는 비즈가 붙을 수 있도록 양면테이프가 되어있어요.여기에 먼지가 붙지않도록 비닐이 덮혀있어요.비닐을 떼었다가 붙였다가하다보면 찢어지기도하고,캔버스에 먼지도 잘 뭍기때문에 덮여있는 비닐은 여러방향으로 잘라주어조금씩 오픈해가며 비즈를 붙여주면 끈끈이가 오래 남아있어서짱짱하게 잘 붙어요.​​​​색상별로 하나씩 붙이다보면 점점 완성되어가는 보석십자수를 보게 되는데,이게 어찌나 뿌듯한지...색감이 예뻐써 손을 놓을 수가 없어요.딸내미가 밑그림되어있던것에 색을 입히는 것같아서 신기하데요.하다보면 요령이 생긴다고 했지요?요령하나 알려드릴께요 ㅋㅋㅋㅋ주변의 경계가 되는 부분을 먼저 붙여주고, 넓은 부위의 한 칼라가 남을때하나하나 붙이지말고,한번에 쫘락~~ 부어주고 콕콕콕!!! 빈곳을 채워부면 시간단축됩니다.​​만약 저처럼 잘 못 붙였다면, 핀셋으로 콕! 집어서 빼주세요.헌데 제가 해보니 핀셋보다는 그냥 비즈펜으로 밀어서 빼는게 더 빨랐어요.T 와 t 를 착각해서 서로 잘 못 붙였다가 멘붕왔었어요.두개의 컬러가 비슷했지만,그래도 완성작을 위해 떼고 다시 붙였어요.꺄~~ 이제 왕나비의 날개부분만 하면 완성!!!​​​​열흘 딱! 열흘 걸렸어요.퇴근하고 와서는 자기전까지 조금씩 했는데,어느새 이렇게 완성했네요.으헝헝~~ 완성하고나니 보석십자수가 반짝반짝 너무 예뻐요.하는 내내 이거 언제 다하나....했었는데,이렇게 예쁜걸 보니 다른 작품도 하고싶어지네요.​​​​거실에 걸어두고싶은데, 캔버스인지라 액자 사러 가야겠어요. 사이즈가 58 * 48 인데,액자 파는곳이 어디있을라나???정 안되면 벽지핀셋이라도 사다가 거실에 걸어둬야겠어요.아오! 요아래 유니콘도 예쁘고,베네치아도 하고싶고.... 욕심의 끝이 없네요.워워워~~~ 집콕취미 보석십자수는 여기까지~~♡집중력 기르기는 짱이네요.아이들도 좋아할꺼에요~~ 홍홍홍~~~​​​​​​​기     이 리뷰는 실제 상품-서비스 외에 경제적 대가 없이
00098      올바른 리뷰문화몰 만들기위해 작성된 리뷰입니다
 
",46,284,0,1,2229.2,38,,2021. 1. 21. 23:17
9,https://blog.naver.com/osung8121?Redirect=Log&logNo=222236680053,0,4,돈나무보석십자수 맞춤제작 택배완료 후기,공방56,"​​​​​​​​​​​​​보석십자수 크기는 모두 제각각이셔서제가 일일이 기입을 하지 않는 점 양해를 부탁드려요​.​​저희집에 보석비즈십자수 액자를 맞춤제작 하시고 만족해주셔서정말 감사할따름입니다설 전이라 최대한 빨리 받아보시기를 바라실 마음에저희도 부지런히 새벽부터 움직여서 모두 제작 및택배발송 업무를 끝내서 다행히 이 날 보석십자수 액자들을 보내드릴 수 있게 되었습니다.​.​요즘 대세 취미는 뭘까요?​바로 보석비즈십자수!​저도 사실 했는데요 보통 힘든게 아니에요허리도 아프고 눈도 아프고하지만 시간은 정말 잘가구요.​사람들이 보석십자수를 취미로 하시는 가장 큰 이유 중 하나가결과물이 아름답기 때문인 것 같습니다.​저또한 그렇구요 ^^​블링블링한 보석비즈십자수를 액자로 예쁘게 제작하고 걸어둔다면그또한 보람찬 일이 아닐 수 없죠!​​​고객님께서는액자만 받고싶으신게 아닌보석십자수를 팽팽하게 하는 작업을원하셔서 해드렸구요.저희쪽으로 택배보내주신보석십자수 작품을 갖고저희가 열심히 팽팽하게 하는 작업진행 후 액자로 완성하는 것이에요​​​​줄액자로 원하시므로처음부터 선호해주신, 줄액자로보석비즈십자수 액자를 완성!​​​​​이 우아한 자태 어떤가요 ^^ 제가봐도 대단하지 않을 수 없네요돈나무 말그대로나무의 기둥 위로 전부 돈이네요거실 쇼파 위에 가로로 길게 걸어두시면정말 보기만 해도 행복할 작품입니다.​돈나무가 옐로우 톤 이므로액자도 그에 맞춰 가시는게 좋습니다.​.​​​​​​최후의 만찬 보석비즈십자수가 있어서마침 같이 사진을 찍어보았는데요~프레임의 종류가 아에 다르므로느낌은 상반된 차이가 있습니다.​​​​엔티크한 오른쪽 최후의 만찬이번에 최후의 만찬 비즈십자수만 2번을 한번에 작업했는데요최후의만찬도 많이 좋아하시는 작품같습니다.정말 멋지네요 ^^​​​​​​​ 

|

발

 
",29,157,0,0,565.2,3,,2021. 2. 8. 18:32
0,https://blog.naver.com/sakurasake2?Redirect=Log&logNo=222194754931,0,4,아트조이 DIY 보석 십자수 캔버스형 사용해본 후기,요나의 일상,"아트조이 DIY 보석 십자수 캔버스형 사용 후기를 모아보았습니다.보석십자수를 구매하려고 하셨다면 쿠팡에서 구매하셔서 로켓배송으로 하루만에 빠르게 받아보세요!아트조이 DIY 보석 십자수 캔버스형 사러가기▶▶아래 후기 모음은 쿠팡에서 직접 구매하고 작성해주신 상품평들로 솔직한 후기들만 모아두었습니다.은**님 후기★★★★★퀄리티 굿뜨!색상만 30가지에요 첨 해보는데 넘 이쁘고 뿌듯해요. 하다보니 요령이 생겨서 한 색상이 양 많으면 3개씩 붙일 수 있어요. 붙이는 기구 앞1개, 뒷쪽은 3개까지 붙일 수 있어요. 처음에 그것도 모르고 노가다 했어요 ㅎㅎ​색상마다 수량이 좀 더 남아요. 하지만 쏟지말고 조심해야해요~ 하다보면 시간이 너무 빨리가요. 처음에 10시간동안 해서 담왔어요 ㅎㅎ 몇시간에 한번씩 쉬시는게 좋아요. 또 액자 형태로 와서 좋았어요. 다하고 걸수 있게 걸이도 왔어요. 시간가는지 모르고 하게돼요. 재밌어서 킬링타임으로 최고. 이거 다하면 또 사려구요. 만족해요 추천해요!​신**님 후기★★★★★코로나로 인해서 부득이하게 집콕을해야하는 시기에 꼬옥 필요한 아이템인 것 같아 좋아요.집중해서 하다보면 눈이 몰리기도 하지만ㅋㅋ 정말 시간도 잘가고 무엇보다 예뻐서 인테리어효과도 좋습니다. 지금 4개째 하고있어요. 친정엄마 생신선물로 작품하나 하긴했는데 잘못 구입해서 액자 없는게와서 난감했는데 다이소에서 보드지 구입해서 액자 만들었어요. 어머님 생신선물로 예쁜 꽃그림도 탐색중입니다~​이**님 후기★★★★★도전해보세요 작품 완성하면 뿌듯하네요.오늘 오후에 도착했어요. 빠른 배송 감사합니다. 저번에는 부엉이작품 한달 걸었는데 이번에는 부처님 작품을 얼마걸린가요? 설레네요. 요즘 코로나때문에 방콕 집콕이라 집중력이 필요할때네요. 도전해보겠습니다~이번 부처님 작품은 거진 5일만에 완성. 너무 재미있어서 하루하루 시간가는줄 모르겠네요. 주말이면 완성되겠어요 신나요~ 다른작품 또 주문했어요. 연속도전할거랍니다. 한번 도전해보세요. 완성하면 뿌듯해요 최고!- 이 글은 쿠팡 파트너스 활동으로 쿠팡에서 소정의 수수료를 받아 작성한 글입니다- 후기 사진 및 내용을 원치 않으시면 댓글 남겨주세요. 바로 삭제하도록 하겠습니다.",4,219,0,0,7007.6,1,,2021. 1. 5. 11:20
1,https://blog.naver.com/sd96210?Redirect=Log&logNo=221930154217,2,4,케이엠엘리 보석십자수 포켓몬스터 보석퍼즐(밝은 꼬부기... ,추천도서천권읽기/화폐,"8살 이상 어린이들이 좋아하는 장난감 보석 십자수 (Pocket Monsters KEMELLIE)를 구매했습니다. 포켓몬스터 중에서 귀여운 푸린과 꼬부기를 선택했습니다. 인기가 많아서 그런지 여러 사이트에서 품절로 나오네요..보석퍼즐이라고 해서 진짜 보석으로 만드는거 아니구요. 보석처럼 빛나는 큐빅으로 만든거예요. 어린애들이라 만드는게 힘들수도 있어서 쉬운걸로 열쇠고리를 먼저 선택했고, 그 다음에 초등학교 교과서 크기의 액자가 있는 포켓몬스터 시리지를 선택했어요. 애들이 3시간 이상 걸려서 힘들게 만들었어요.완성된 작품을 보니 귀여운 푸린이 정말 보기 좋더군요...1. 구매 이유 : 애들이 집에 있는 시간이 많아서 답답하면 시간 때우라고2. 좋은 점 : 어린이들의 집중력과 인내심, 성취감을 키울 수 있음, 관상용으로 보기 좋음​​​완성된 귀여운 푸린이를 액자 속에 넣어서 세워두었어요. 꼬부기는 아직도 만드는중입니다.꼬부기는 테두리는 다 붙이고 이제 시작인데, 귀엽다...ㅎㅎ애들아 꼬부기도 얼릉 완성해서 나한테 보여줘야지..ㅋㅋ​​​ 
",16,108,15,0,169.0,60,,2020. 4. 26. 14:53
2,https://blog.naver.com/imfree01?Redirect=Log&logNo=222409598895,4,4,"보석비즈십자수 / 보석십자수 하는법 A-Z, 저렴하고 기깔나는... ",김소소의 낭만 한 스푼,"💜 원더아트 보석십자수 💜여러븐 드뎌 금요일!!!!!!!!!!🍇쏴리질러~!~!~!~!🍇​여러분의 취미는 무엇인가요 ..?저는 사실 굉장히 단순해요..!책읽기 / 글쓰기 / 런닝 / 산책 / 명상​근데 코로나시대에 집에서 혼자할 수 있는게 뭐 없을까 했는데솔직히 다 비싸고.. 멀리 가야하고..그러다가 찾은 최적점의 집콕취미 발견!보석십자수가 있겠래 겟 챠 -그 어떤 똥손도 보석십자수 하는법을 제가 알려드립니다 ^0^​​쨘, 원더아트라는 네이버스토어에서주문했는데 발송이 빨라서 이틀만인가?왔어요 ! 주소 정보는 맨밑에첨부해드렸어요 ! :)​​열면 이렇게 있답니당 🍇도안 + 설명서 + 물풀이랑 펜이랑 트레이+ 비즈​이제부터 찬찬히보석십자수 하는법 보시고 저처럼새로운 취미를 가져보시길 바랍니당 🍇​도안이 굉장히 많은데 제가 선택한도안은 저처럼 똥꼬발랄한 여자 두분이춤추는 ""댄스윗미""​라는 도안을선택했어요 ㅋㅋㅋㅋㅋㅋㅋㅋㅋㅋㅋ​이 원더아트라는 스토어는네이버에 보석비즈십자수 라고만 쳐도상단에 나오고, 다른 곳보다도안도 다양하고 특유의 액자아트의촌스러움이 1도 없어서 선택했습니다 :)​​처음에는 비닐에 싸여 있는 형태고이걸 벗겨내서 보석을 올리는그야말로, 보석십자수 입니당 !🍇그리고 이 도안에 필요한 보석은이렇게 깔끔하게 봉투에 들어있고양이 실제로 굉장히 넉넉해서하고나서 보석이 반 이상이 남았어요.​완전 혜 자 🍇 ​​그리고 처음엔 이게 뭐지 ,,,?하면서 뚫어져라 봤던 보석비즈십자수 도구!커플로 할 수도 있게 두 세트로 주셨어요 :)하나하나 살펴보겠읍니다 ..​​새로 취미를 시작하며 흥분을 감출수 없는데..흐 - 뭇​​아주 아주 간단한 설명서라서누구나 쉽게 할 수 있습니다 ..!저만 따라오시면 보석십자수 하는법은껌 of 껌​근데 정작 본인은 처음에 설명서를이해 못했어요 ㅋㅋㅋㅋㅋㅋ큐ㅠㅠㅠ그래서 저도 찾아보다가 아하~ 하고이해해서 이 세상에서 가장 쉽게 설명드리겠습니다..껄껄..🍇​​우선 요렇게 자신이 작업할 부분마비닐로 살짝쿵 벗겨주세요 :)다 벗기면 끈끈이(?)가 약해지니까할 부분만 벗기세효​​그리고 이 비즈 수풀 사이에서도안에 써진 색깔 알파벳 = 설명서에 써진 알파벳의 색상을찾아줍니다.​그리고 이렇게 트레이에해당 색상의 비즈를 뿌리뿌리 해주세요 :)​​(이 부분을 잘 이해못해서 찾아봄)보석십자수 하는법에서 가장 중요한포인트입니다...! 펜이 있잖아요?펜에 보면 구멍이 뚫려있어요.​이걸 가지고 저 고체물풀이라고하는분홍색의 네모난 애를 확 찍어요ㅋㅋㅋㅋㅋ구멍 생긴거 보이시져​그럼 비즈를 들어올릴(?) 수 있는끈끈이가 생깁니다​​​톡톡 살짝 눌러서 이렇게 비즈를올려주면 됩니다 ㅋㅋㅋㅋㅋㅋㅋ진짜 쉽죠??????​그래도 어려우신 분들에게보석집자수 하는 법을 영상으로찍어보았습니다 :)​​​일 끝나고 조금씩 조금씩주말에 집콕하면서도 하고,통화하면서도 하고,노래들으면서도 했습니다 ! !​처음엔 이렇게 작고 귀엽게한땀한땀 시작했다가​​나중에는 전체를 채우기 시작했어요ㅋㅋㅋㅋㅋㅋㅋㅋㅋㅋㅋㅋWow..🍇​전 좋았던 부분이 최애 영상이나노래를 틀어놓고보석비즈십자수를 했거든요 ! !크게 힘들이지 않으면서도씬나게 할 수 있었습니다ㅠㅠㅠㅠ​딱히 대단한 기술력이 필요하지않고손만 사용하면 되는 취미라굉장히 좋더라고요 :) ​​그리고.. 얼마간의 시간이지나는데...​끼야아아아아아아아아아아아아악존예에에에에에에에에에ㅠㅠㅠㅠㅠㅠㅠㅠㅠㅠㅠㅠㅠ너무 예쁘지 않나여 ㅠㅠㅠㅠㅠ처음에는 여성 두분이 흐릿하게춤추다가 이제 진짜로 댄스윗미가됐어여 ㅠㅠㅠㅠ🍇🍇​그리고 색상도 너무 예쁘고반짝거려서 집에 걸어놓기 존예에요진짜 ...!​​번쩍거리는 이 예쁜 광...색감이 풍부하고, 화사하면서도굉장히 동적이라 각도에 따라윤기가 촤르르 돕니다..​뭔가 기분 좋아질 것 같은 도안을찾았었는데 최고에요 ㅠㅠㅠㅠ​그리고 액자형태라서 이렇게액자로 걸 수도 있다는 점 ! ! !내 작품을 이제 거실에서 맨날 봅니다 ^0^​보석십자수 도안이이렇게 예쁠일인가 ..?제작한 아티스트 칭찬합니다... !​​​쨘 테이블 위에 세워도 매력만점...!내일 모레 친구들 놀러오기로 했는데벌써부터 자랑할 생각에몸과 마음이 드릉드릉ㅋㅋㅋㅋㅋㅋ​​크으 - 전 이 포즈로 춤추고 올게요 ^0^모두 행복한 불금 맞이하세요 !​​처음 도전한 보석비즈십자수인데제가 생각하는 십자수는실로 하는 것만 생각했는데이런 보석십자수가 있는줄은전혀 몰랐어요 ㅋㅋㅋㅋㅋ​스스로 만든 작품이라고 생각하니까뿌듯하기도 하고, 전 틈틈이 해서2주 정도? 걸렸는데 빠르면 일주일부터늦으면 한달까지 오래 걸리지 않고뿌듯함은 수확할 수 있는 취미였습니다 :)​​​https://smartstore.naver.com/wonderart/products/5553146323다양한 도안이 있어서취향에 맞게 고를 수 있다는 점,가격은 고작 만원대 후반 ! 입니다 ^0^이 보석비즈십자수는 취미를 가지고 싶은 집콕러들이 하시면 좋을 것 같아요 !​​​제

직성한

238

=
1106 8 호
9000 80 법
",36,424,28,2,529.6,20,,2021. 6. 25. 11:14
3,https://blog.naver.com/bbbk_k?Redirect=Log&logNo=222271158552,4,4,"시간 가는 줄 모르는 집콕취미, 보석십자수 해봤어요!",복영이 블로그,"​​​엄마가 집에서 하기 좋은취미를 찾다가 보석십자수에 도전해봤어요!​유화그리기도 있었지만일단 조금 더 보석십자수가 쉬울 것 같아서보석십자수로 도전!​처음이라 디즈니 캐릭터를 골랐고엄마가 피글렛을 하고 싶다고 해서 그걸로 낙찰!​​​​택배로 온 보석십자수!​​​​하는 방법이 이렇게 뒤에 적혀있어요​​​​피글렛은 조금 단순한 편이라사용하는 색상이 총 4개 밖에 없습니다!​​​​색상이 많은 보석십자수는23개도 있고 그렇더라구요?!아무튼 처음이라 단순한 걸로!!​​​​비닐이 덮혀져 있고안에 끈적이는 풀(?)이 입혀져있어요​그래서 숫자에 맞춰서 비즈를 붙이기만 하면 됩니다!붙여야하는 칸에 숫자가 다 기재되어 있어요​​​​총 4가지 색상의 비즈들그리고 각종 준비물들이 들어있어요​비즈를 1개, 3개, 6개 붙일 수 있는 도구(?)도 있어요​​​​설명서에 적혀있지만처음에 이 풀이 잘 안 붙어서어째야하나 허둥지둥 했어요 ㅋㅋㅋㅋ​​​​핑크색 풀을 콕 눌러주면이렇게 안에 쏘옥 들어가서비즈를 이 스틱에 붙여주면 됩니다!​뒤에 연두색트레이에비즈를 부어서 초ㅑ라라 흔들면비즈가 정리가 되어요​근데 비즈마다 정전기가 심하게 나는 것도 있고조금씩 다르더라구요?? 아무튼..​​​​이렇게 하나하나 붙여주면 됩니다!​똑같은 색상이 많을 때는 최대 6개까지붙일 수 있는 도구가 있어서그걸 이용하면 시간을 단축할 수 있어요​그런데 비즈를 6개 나란히 정리하는게 생각보다 잘 안될때가 있어서나란히 정리하는게 익숙해지면 금방할 것 같더라구요!​​​​엄마 하라고 샀는데하다보니 재밌어서 중독되어서제가 더 많이 한 것 같아요 ㅋㅋㅋㅋ시간가는 줄 모르고 했던 보석십자수​다음엔 캐릭터말고 그림으로 사보고 싶어요다 하고 나니 피글렛이 좀 더 귀여워져서 맘에들었습니다!집에서 같이 하기 좋은 보석 십자수예요!추천드려봅니다!!​​​​6
",14,168,3,0,1463.4,16,,2021. 3. 10. 20:55
4,https://blog.naver.com/mirikhan?Redirect=Log&logNo=222006114908,2,4,"아이러브페인팅 보석십자수, 계속 생각나는 중독성 있는 취미","핑크캣츠, 데일리 라이프","​​​​​​어제 트롤 캐릭터 보라 머리 브랜치보석십자수를 처음 해봤는데하는 방법도 쉽고 하다보니 콕콕 찍는 맛도 있어서재미가 있더라고요​5개의 보석 십자수를 전부 해버리고 싶었지만,밤이라서 눈도 침침하고비즈 컬러도 구별하기 어려워서아쉽지만 딱 한 개만 완성하고 잠을 잤답니다​​​​​​​​빨리 잠들어라 빨리 아침이 와라!​그 다음날 눈 뜨자마자물 한 잔과 ABC 주스 한 컵 마시고바로 4개 다 완성해버렸습니다​캐릭터 하나당 손바닥만 한 크기라서금방 끝나더라고요아이들과 함께 하거나 처음 입문자는 작은 사이즈가나한테 맞는 취미인지 아닌지 확인용으로좋을 것 같고, 이걸 통해 어느 정도보석 십자수의 재미를 느끼신 분들은명화나 마블 캐릭터 등 대형 사이즈로 넘어가도 좋을 듯해요​​보석십자수와 그리기 등 아이러브페인팅 DIY제품을 몇 번 이용해봤는데완성했을 때 퀄리티가 좋은 편이라서인테리어 소품으로도 예뻤고벽에 걸어놓았을 때도 멋스러웠습니다​​​​​​​​재미도 있고 완성 퀄리티도 좋았는데살짝 아쉬웠던 건 작은 크기의 보석십자수는 저렇게 비즈가 믹스되어 있어요​초록색과 파란색처럼 확실히 구별되면 괜찮지만,얼굴이나 몸통 등 비슷한 컬러로명암이 들어갈 땐 색 찾는 게 어려웠어요그래서 밤에는 할 수 없었어요...​작은 사이즈의 보석십자수는 재료가믹스되어 있지만, 큰 사이즈의 보석십자수는컬러별 개별 포장되어 있어서오히려 더 쉽게 할 수 있을 것 같아요​​​결론은 자꾸 생각날 정도로 재미있었다는 것!콕콕 누르는 손맛이 아주 그냥 중독성있게 재미집니다​​​​​콕콕 누르면 완성되는 보석 십자수 DIY​즐거운 취미생활트롤 월드투어 완성!​2020.06.19​“나
",9,165,3,0,2601.8,25,,2020. 6. 19. 17:29
5,https://blog.naver.com/vega108?Redirect=Log&logNo=222288184566,3,4,보석 십자수/다이소/봄날 벚꽃 에디션,투아이맘's 사노라면,"​안녕하세요:)투아이맘이예요:)기분 좋은 금요일 낮~~♡다들 맛난 점심 드셨어요?저는 한 2주전쯤 중딩딸아이와 집 앞 #다이소 를 다녀왔었는데요~~~ㄱ​봄이여서 #벚꽃에디션 제품으로 들어가는 입구를진열해 두었더라구요~♡딸아이 들어가더니 #보석십자수 두세트를 들고 오더라구요~작년초에 보석 십자수 많이 하더니 한참 안하다가다시 get~~예전에 본인이 하던거에 비해 사이즈가 작아서 편하게 할 수 있겠다고 하더라구요~♡​#봄봄벚꽃호수​#봄봄벚꽃마을​두 가지 타입만 있었는데요두 가지 모두 get~ ♥️​구매하고 집에와서 구성 하나를 오픈 해 보았었는데요​요 재료들이 하나의 작품에  사용 될 재료들~~♡​매일 조금씩 한땀한땀 수를 놓더니 드디어 2주 정도 지난것 같아요~모두 완성 되었다며 들고 나왔더라구요~~참으로 대단~도 닦는 기분으로 해야 할 것 같은 기분.~~♡​기특하게도♥️♥️♥️ 꼼꼼하게 작품을 완성 했더라구요~ ♥️♥️♥️​이 작품이 #봄봄벚꽃호수​한 마리 백조~♡♡​이 작품은 #봄봄벚꽃마을​요런 마을 너무 이쁠것 같죠?~♡​#보석십자수 는 한땀한땀 정성을 쏟아야 하는거라서인지완성하고나서는 너무 반짝반짝 이쁘더라구요~♡♡​보석십자수 구매해서 오면서 #아크릴물감 작품도 1개 구매해서 왔었는데요~물론 봄에 어울리는 꽃으로다가~~아크릴물감작품은 버전이 하나 더라구요~​이제 아크릴 작품 완성 해야한다고 하더라구요~♡♡​또 수고 하자~ㅋ​완성되면 다음에 소개 해 드릴께요~♡♡​다들 불금 보내시고다음 포스팅때 만나요♡​^^​​​#보석십자수 #다이소 #봄 #벚꽃에디션 #봄봄벚꽃마을#봄봄벚꽃호수 
",9,138,12,0,338.0,14,,2021. 3. 26. 14:05
6,https://blog.naver.com/woojung357?Redirect=Log&logNo=222388123263,2,4,디즈니샵가서 사 온 보석십자수!,손쌤's beauty_room,저 디즈니 너무 좋아요ㅠㅠ​특히 미녀와 야수 넘 좋아하는데 저번에 북촌갔다가 디즈니샵 들렀는데 예쁜 거 너무 많은 거예요...후..구경하다왔습니당ㅋㅋㅋ​​미녀와 야수를 제일 좋아하는데토이스토리도 너무 좋아요.​집에 인형 꽤 모아놓은...ㅋㅋ가서 보는데 다 쓸어모아오고 싶더라구요.​​가서 이거 사왔어요ㅋㅋㅋ바로바로~ 보석십자수~~​아니 미녀와 야수 해놓은거보고너무 예뻐서 그냥 지나칠수있어야죠ㅋㅋ언제 완성할진모르겠지만 궈궈~​​이거예요!!완성한게 아니라 이제 시작해야하는..ㅋㅋㅋ​저게 도안이라 저 위에 보석 하나하나 붙히는거랍니당.근데 이렇게만 봐도 예쁘네요ㅋㅋ쨋든 완성해서 후기 올릴게요!​​,3,55,0,0,3797.4,1,,2021. 6. 7. 11:32
7,https://blog.naver.com/hbin1001?Redirect=Log&logNo=222210952145,3,4,[집콕 취미생활] 라푼젤 보석 십자수 도전하는 일상,ʕ•ᴥ•ʔ,"코로나 확진자가 하루에 기본 1,000명씩 나와서 우리 가족은 외식도 나가지 않고... 집에서만 끼니를 해결하기 시작했다이마트 쓱 배송도 되고 아주 편리하지만 어딘가 답답한 삶을 살고 있음!!평일에는 출근 때문에 집에 오면 씻고 자기 바쁘지만 주말에는 빈둥빈둥...목도리 뜨는 것도 이제 흥미를 잃고... 새로운 취미를 찾자!! 싶어서 폭풍검색하던 도중 발견한 보석 십자수또 금방 질릴지 몰라서 가격대도 저렴하고 부담스럽지 않은 크기로 주문했다><30*40 사이즈로 가격은 6,900원! 심지어 배송비는 무료부담스럽지 않은 가격이여서 바로 주문했는데... 택배 배송 예정일인 날 갑자기 폭설이 내리기 시작함...내 소중한 주말 라이프 이렇게 사라지나...?안그래도 배송 예상 시간이 21~22시 사이였는데 내일 받는 거 아니야..?다행히 받은 택배유후~ 이렇게 비즈들은 비닐 밀봉되서 온다 ㅎㅎㅎㅎㅎㅎ저 왼쪽에 있는 색상 참고표를 이용하여 기호에 맞는 색을 골라서 비즈를 붙이는 아주 손쉬운 노동이다우리 엄마가 이거 보더니 십자수보다 훨씬 쉽다고 단순 노동이라고 함 ㅋㅋㅋㅋㅋ경건한 마음가짐을 하고 첫 작업 시작...조심조심 고체풀 묻혀서 비즈 붙이기를 시작하나 했더니ㅎ... 그 사이를 못 참고 또 사고 친 나^^*그래도 이정도면 귀여운 사고라 생각하며 마음을 고쳐먹었다점점 하면 할수록 사고 치는 스케일이 늘어남..^^ 아주 굿굿내 방 책상은 이미 옷이 세포 분열한지 오래라서 식탁에 자리를 차지하고 시작했다첫날은 1시간 30분동안 했다!!!새벽 3시까지 안자다가 '아 맞다... 나 내일(아니 오늘) 출근하지..'이러면서 다시 잠자리에 들었다 ㅠㅠ다음날, 비닐에 담겨있는 비즈를 자꾸 엎고 난리가 나서 다이소가서 약통 구매!배보다 배꼽이 크다고 장비 욕심만 가득한 나...그래도 2개 해서 2천원밖에 안하니 아주 저렴하다~~!베이킹은 다시 언제 해..?ㅎ(요즘 너무 힘들어서 베이킹 접음)아직 갈 길이 멀다...예쁜 꽃 완성라푼젤이여서 그런지 보라색~붉은 색 계열이 많아서 너무 재미있었다햇빛에 반짝이는 비즈이래서 다들 보석 십자수 하나?ㅋㅋ오늘은 10시 반에 작업 마감!3일차, 이제 비즈 붙이는 거에 요령이 생겼는지 손 짱 빨라짐챡챡챡 열심히 비즈 붙이다 보니 어느새 반 이상함 ㅋㅋㅋㅋ뿌듯뿌듯주말에 열심히 보석 십자수하는 인간 저에오너무 재미있어서 보석 십자수 하나 더 주문했음ㅎㅎ이번엔 좀 큰 사이즈에다 명화로!!지금 포스팅 하면서 명화 작업 중인데 너무 예쁨 ㅜ드디어 완성된 라푼젤 뒷모습,,❤️자연광에 반짝거리는 모습!!!이 맛에 하나봐,,, 캔버스형태가 아니구 페브릭으로 주문해서 싸긴 했지만 보관이 어렵다..💦💦무거운 책으로 비즈 탈주안하게 꾸욱 눌러주고 액자에 보관하면 완성이당 히히일단 액자 사러가기 귀찮아서 책상위에 방치 중!​다들 코로나 때문에 취미를 찾으신다면 보석 십자수 어떤가요?! 손 다칠 위험도 없고 아주 이지🥰​⬇️ 구매한 사이트 ⬇️https://m.smartstore.naver.com/1inmart/products/5162160588​오잉? 원래 디즈니 보석 십자수 판매했는데 지금보니깐 다른 상품들로 바뀌었어요😅그래도 네이버에 '보석 십자수' 검색하시면 다양한 도안 나오니깐 그 중에 골라서 해보세요!!​그럼 안녕",14,338,8,1,638.2,11,,2021. 1. 18. 8:44
8,https://blog.naver.com/cjdcjsqlrk?Redirect=Log&logNo=222411986278,3,4,보석십자수 해보기 =인어공주=,털어내기,"요즘 대학원 종강 후 소소한 일상을 보내고 있다.너무 행복해ㅎㅎㅎㅎㅎㅎㅎㅎㅎ​뭐를 해볼까 하다가 그저 집에서 온전히 시간을 보내고 싶어서보석십자수를 주문했다.​사실 이 보석십자수는 5월 말에극도로 예민한 시기에 주문해놓았다ㅋㅋㅋ원래 과제할 때는 딴짓을 하고 싶거등요.......ㅋㅋ​작은 사이즈에 예쁜 걸 하고 싶었는데인어공주를 많이들 하는 것 같아서 나도 주문했다ㅎㅎ판매처는 네이버 울트라패션 (광고아님)​세트는 위 사진과 같이 구성되어 있다.매우 간단하다ㅎㅎ​뜯어서 열심히 분류했다 ㅋㅋㅋ처음에 봉투에 담겨 있는데 그 봉투는 지퍼백이 아니기 때문에한 번 뜯으면 보관하기가 어려워서 나는 지퍼백에 따로 담았다!따로 담을 때 중요한 점은,기존봉투에 그림에 맞는 번호가 쓰여있으니 꼭 잘 보고 분류할 것!​자세히 보면 이렇게 보석 모양별로 그림이 그려져있다.그림에 맞는 보석을 붙여주면 끝!정말 간단하다.​요기요기 저 작은 네모난 분홍색이 고체풀이다.길다란 막대기(?) 끝에 고체풀을 푹 찍어서풀이 막대기 끝 구멍에 들어가게 하면 된다!ㅋㅋㅋㅋㅋㅋㅋㅋㅋ무슨말인지 모르시겠죠ㅠㅠㅠ해보시면 아는데 참 어렵네요ㅠㅠㅠㅋㅋㅋㅋ​연두색 트레이에 보석을 조금 덜어내서 흔들흔들 해서 보석들 색깔이 보이게 뒤집어 주면 준비 끝!!!​막대기 끝을 보석에 콕 가져다대면착 달라붙는다. 귀여워.....ㅋㅋ붙은 보석을 그림 모양 맞는 곳에 붙여주면 된다.​그림은 끈적하게 처리되어 있어서 보석이 잘 달라붙고 잘 떨어지지 않는다.​해보면 정말정말 쉽고 간단하다!사실 예전에 물감으로 숫자에 따라 명화그리기를 해본 적이 있는데물감 준비하고 물통 준비하고 하고 나서도 물통이랑 붓 씻어 놓는게조금 귀찮았는데이 보석십자수는 정말 간단해서 좋았다.트레이에 내가 하고픈 만큼 보석을 덜어서 딱 그 정도만 하면 되니까!!​절반쯤 완성했을 때 모습이다.넘 예뽀ㅠㅠㅠㅠㅠㅠㅠㅠㅠㅠㅠ실제로 보면 더 이쁘당 헤헤그림 자체가 넘 예쁜듯​이렇게 절반 정도 하는게 2시간 30분정도 걸렸다.자세가 고정되니 목이 좀 아픈데예뻐서 계속 하게 되더라구ㅠㅠ쨔잔~~~나는 이틀만에 완성했다ㅎㅎㅎ그냥 아무 생각없이 시간 가는게 넘 좋았다ㅠㅠ맨날 과제에 묻혀살다가ㅠㅠ​노트북 받침대에 두고 하니까 목도 덜 아프고넘 편했다ㅋㅋㅋㅋㅋㅋㅋ꿀팁 메모하시길ㅋㅋㅋㅋ​너무 간단하고 예쁜 보석십자수~~다들 왜 하는지 알겠숴넘 재밌다!!​​​#보석십자수 #인어공주",6,233,0,0,4.6,0,,2021. 6. 27. 19:35
9,https://blog.naver.com/oao08?Redirect=Log&logNo=222282644320,3,4,취미추천 보석십자수파는곳 디클레어 고양이그림 추천!,배고픈 일상♥,"고양이 좋아하시는 분들께취미추천하는 보석십자수파는곳 디클레어들판위의고양이 도안입니다!​세상.. 보기만해도 너무 귀여운 고양이그림!!완성되면 인테리어소품으로 활용하기도 좋고집들이선물이나 친구에게 선물하기 좋은 보석십자수액자인데요~고양이그림, 강아지그림, 요즘 집에 걸면돈이 된다는 해바라기 그림 등​다양한 그림도안이 있어서 취향에 따라선택할 수 있고 그림 1도 못그리는데이렇게 먹진 그림을 완성시킬 수 있다는게성취감 진짜 대박인 것 같아요!!!그래서 요즘 뜨고 있는 취미생활 1순위 인것 같아요~도안 선명하고,비즈 빤짝이고,완성했을 때 그림 이쁜 보석십자수파는곳찾는다면 50*40 대형 사이즈도 있는 디클레어에는다양한 큐빅십자수 도안들이 준비되어 있는데요!배송 받자마자 도안부터 확인했는데도안에 그려진 알파벳이랑 그림 선명도도뚜렷하고 벌써부터 어떤 그림인지 눈으로 확인가능하니깐완성했을 때가 너무 기대되서 얼릉 완성하고 싶더라고요!하다보면 깜빡깜빡 하기 때문에도안.. 꼭! 핸드폰으로 사진 찍어두세요!​저희집에는 택배가 많이 오는 편인데엄마랑 같이 하다가 어느날 도안이 아무리 찾아도없어서 새벽에 엄마 깨우기 그렇고..그냥 사진 찍으거 보고 했는데, 다음날 엄마도도안 없어져서 엄청 찾으셨더라고요!​나중에 알고보니 택배상자 뜯고 그 사이에껴있어서 하마터면 같이 버릴뻔 했어요..​한번도 이런적이 없었는데바쁜일이 있었더니 도안을 잃어버릴뻔 했습니다.​꼭! 핸드폰으로 사진찍어두세요~디클레어에서는 비즈를 뜯어서 지퍼백에 담아도안에 적힌 숫자대로 붙여주시면 되는데요!​처음 이 작업부터 해주셔야 나중에어떤 문구에 몇번 비즈인지 작업하기 쉽기 때문에번거롭더라도 이 작업을 꼭 하셔야됩니다.보석십자수는 눈으로 보고 소근육 조작만가능하다면 남녀노소 누구나 할 수 있는 취미생활인 것 같아요!​연세가 있으신 엄마는 시력이 좋지 않으신데안경과 돋보기를 활용해서 보석십자수 매력에 빠져있습니다..​엄마한테 힘들지 않냐고 물어봤는데,핸드폰게임하는게 더 손이 아프지 보석십자수하는게 오히려 더 재밌고 손도 덜 아프다고 하시더라고요!한동안 보석십자수 다 끝내고택배 기다리는 동안 다시 핸드폰만 보셨더니..손 아프다고 파스를.. 보석십자수 오고 손아프면나중에 하라고 했더니 이거 못해서 핸드폰만 봐서 아픈거라고오히려 십자수 하면 괜찮다며 재밌게 하셨어요~​이제는 저보다 저 보석십자수를 잘하고좋아하시는데, 도안에 맞춰 비즈를 붙이는거라단순하면서 나중에 완성했을 때 그 성취감이 장난 아닙니다!비즈가 작아서 너무 연령이 낮은 어린아이들은삼키거나 먹을 위험이 있으니 보호자와 함께하시면 될 것 같고, 엄마에게 새로운 취미생활을안겨드린 것 같아 뿌뜻해요!!비즈 펜 중에서 앞에는 비즈 1개,뒤에는 비즈 3개 까지 끼울 수 있어서작업을 더 빠르게 할 수 있는데 엄마같은 경우눈도 잘 안보이고 오히려 한개짜리로 빨리 하는게 좋다고 하시네요!하다보면 비즈 3개를 윗면으로 맞추는 시간이랑한개를 빠르게 하는거랑 어쩔때 보면 비슷해 보이기도 하지만어떻게보면 3개짜리도 빠르긴 해요~~​근데 한개로 하는게 힐링하는 기분이들기 때문에 한개로 하시는걸 추천합니다!고양이 좋아하시는 분들이라면내가 좋아하는 고양이그림으로 보석십자수를시작하는것도 좋은 방법인데요!저희집에 옛날에 놀러오던 고양이가 있는데지금은 잘 안보여요..​눈이 초롱초롱 한게..아기때 아마 보석십자수 그림처럼엄청 더 귀여웠겠죠~~?!이번에 눈도 많이 오고 춥고 그래서..그때부터 딱 안보여서.. 엄마가 많이 걱정하길래좋은곳에 갔던 행복하라고 엄마에게 걱정하지 말라고선물해준 고양이그림액자였는데 완성하고 보니너무 이쁘더라고요 :)빛이 있는 곳에 두면 보석십자수라빛에 반사되서 빤짝 빤짝 더 빛납니다~!!​카페나 가게에 인테리어 소품으로활용하기 좋은 액자에요!고양이 그림도 선명하고빤짝이는 것도 너무 이쁘고..​엄마가 동물을 좋아해서 그런지고양이, 강아지 다 좋아하네요~~​저번에는 고양이 한번 키우고 싶어하시던데..집엔 이미 강아지 말자가 있어서반대했어요..대신 고양이액자로..고양이 그림과 꽃도 이쁘고꽃 위에 나비도 선명하게 보이는게어떤 그림인지 한 눈에 확인할 수 있어 좋았습니다!​가격이 저렴한 보석십자수세트는크기가 큰 액자여도 그림도안이무슨 그림인지 알아보기 어렵거든요..​그래서 예전에 엄마가 저렴하다고 몇개 구입했다가완성시키고 얼마나 속상해하던지..근데 그건 누구나 봐도.. 무슨 그림인지 잘 모르겠더라고요.그래서 지금은 엄마도 아무거나 구입안하고꼼꼼히 확인해보시고후기같은걸로 완성된 도안 확인하면서보석십자수파는곳 찾아보세요~​디클레어 들판위의고양이 완전귀엽고 이쁘기 때문에고양이 좋아하시는 분들 적극 추천합니다!​기     이 리뷰는 실제 상품-서비스 외에 경제적 대가 없이
00098      올바른 리뷰문화몰 만들기위해 작성된 리뷰입니다
이서 네
",40,423,4,1,4626.6,28,,2021. 3. 21. 16:39
0,https://blog.naver.com/ji9803?Redirect=Log&logNo=222412111537,0,4,"비대면체험> 보석십자수텀블러, 선캐쳐만들기",나의 활력소를 찾아서,​이번에도 운좋게 비대면 체험 신청했다.사상구청에서 진행하는 보석십자수 텀블러.아이가 좋아할 체험이라 얼른 신청.빨리 받아보고 싶어서 가지러 갔었다.​​​​​콩나물 기르기 체험도 받아왔는데 콩을 불리고 있는 중이다. 장바구니에 담아줘서 더 좋다.​​​​​한땀한땀? 정성을 다해 하고 있는 딸.​​​​​나도 같이 만들었다.만들면서 애기도 하고. 함께 할 수 있어 좋더라.​​​​​​가위로 선을 따라 종이를 오리고 스티커를 붙여서 꾸며주면 끝이다. 딸은 색연필로 꾸며주었다.​​​​​30분도 안되서 끝나는 체험.딱 좋다. 너무 길지도 않고.​​​​​​​​깨끗히 세척해서 사용할꺼라고 하더라.​​​다음 만들기는 선캐쳐 만들기.​​​​​택배로 도착했다. 무료다.​​​​​사상생활사박물관은 처음들어보는데 다음에 구경 가봐야겠다.6월 문화가 있는 날 주제는 선캐쳐 만들기이다.동영상보고 만들어서 그리 어렵지 않았다.가족 모여 다같이 만들었다.​​​​​​​​완성 모습이 궁금하다며 열심히 낚시줄을 이용해 만드는 모습이 기특했다.​​​​​​​완성^^만드는 시간도 오래걸리지않고 퀄리티도 괜찮더라.자개를 이용해 만들어서 예뻤다.완성 작품을 어디에걸까 하다가 이이방에 자바라 핸드폰 거치대에 걸어두었다.​​​​​​부딪히는 소리가 생각보다 괜찮더라.시원한 느낌도 들고^^주말 심심할 틈도없이 만들기하면서 시간 잘 보냈다.​​​#보석십자수텀블러#선캐쳐#보석십자수텀블러만들기#선캐쳐만들기#비대면체험#사상생활사박물관#사상구청​​,30,118,0,0,1504.2,2,,2021. 6. 27. 21:20
1,https://blog.naver.com/anna8530?Redirect=Log&logNo=222233987754,3,4,보석십자수/ 보석비즈십자수 새로운 집콕 취미생활,"""띠아모이레의 새로운 날들""","띠아모이레 인사드립니다.​본의 아니게 자가격리를 하고 있는 요즘새로운 집콕 취미인 보석 십자수를 소개하고자 합니다.제가 보석 십자수를 처음 본건작년 겨울이었습니다. ​다이소에서 저는 뜨개질을 하려고 털실을 사고우리 딸은 보석십자수를 하겠다고 구입했어요.​ 십자수는 알아도 보석십자수가 무엇인지 모르던 저였답니다.딸이 하는 모습과 작품을 보고 알게 되었고요.​기존의 십자수는 실과 바늘로 한 땀 한 땀 하는 거였다면보석십자수는 도안에 쓰여있는 번호에 맞게 보석 비즈를 붙여주면서 만드는 작품이더라고요.​​코로나19가 계속되고,  춥기도 하고또 본의 아니게 집에만 있어야 하는 요즘..집에만 있었더니 할 것도 없고너무 심심하더라고요ᅲᅲ그래서 딸과 저는 보석십자수로 작품을 제대로 만들어 보고자 크~~은 크기 40X 50cm의 보석십자수 세트를 구매하기로 했죠.​ 방법도 간단하고 비용도 저렴해서 구매는 했답니다 ㅋㅋㅋ(크~~은 크기 이게 실수였어요... ㅜ.ㅜ)​​배송은 이렇게 택배 비닐 안에작품 스티커가 붙어 있는 두 개의 상자로 도착을 했습니다.요즘 구매하는 사람들이 많은지 배송은 시간이 좀 걸렸어요.​​설레는 마음으로 포장을 열었습니다.저는 집에 걸어두면 재물복이 생긴다는 고흐의 '해바라기'를 선택했고.딸은 역시 고흐의  '별이 빛나는 밤'을 선택했습니다.​​박스를 열어보니도안이 있는 캔버스 뒤에각종 색의 비즈와 준비물이 얌전히 포장되어 있었습니다.​​준비물들을 꺼내서 확인해봅니다.연두색 트레이는 비즈를 뿌려놓을 수 있는 트레이입니다.한 번에 여러 개의 비즈를 붙일 때 정렬해 주는 기능이 있어요.​빨간색 고체 풀은 펜에 달려 있는 구멍에 넣어서 비즈를 집을 때 사용하는 소모품입니다.​색상표가 적힌 종이인 대조표는 보석십자수 작품을 완성할 때까지 절대로 버리면 안 됩니다.도안과 비즈의 기호를 대조해보면서 붙여야 하거든요.그래야 정확한 색으로 작품을 완성할 수 있습니다.​수평계는 벽에 걸때 수평을 맞추도록 도와주는 기구입니다.​비즈의 종류가 상당히 많음에 깜짝 놀랐습니다.​​이것이 바로 펜입니다.고체풀을 펜의  홈에 찍어두고고체풀이 있는 곳으로 비즈를 찍어서캔버스에 붙이는 가장 중요한 도구입니다.오른쪽 펜은 비즈 1개씩 붙이는 용도이고왼쪽의 넓은 펜은 한꺼번에 비즈 6개를 붙이는 용도입니다.​​보석십자수 제작방법을 소개합니다.​1) 펜 사용 시 고체풀을 펜끝에 살짝 밀어 넣습니다.2) 고체풀이 묻어있는 펜에 비즈를 찍어줍니다3) 도안의 그림과 번호를 확인하고 번호에 맞는 비즈를 붙여줍니다. (잘못 붙일 경우 핀셋으로 떼어서 다시 붙여줍니다.)​도안에는 이미 끈끈한 접착제가 발라져있기 때문에별도의 풀을 이용하지 않고그냥 올려만 주어도 잘 붙더라고요.​​ 보석십자수 만드는 꿀팁을 전달해드립니다.​1) 비닐을 조금씩 벗기면서 붙여야 합니다.비닐을 한 번에 다 벗기면 도안에 묻어있는 끈끈이의 접착력이 떨어져서나중에 비즈를 붙이기 어려워집니다.그리고 비닐이 벗겨져있는 부분은 먼지가 달라붙어서 지저분해집니다.​2) 고체풀은 펜에 꽉 차지 않을 정도로만~~고체풀을 꽉 채워 넣으면 비즈 붙일 때 조금씩 새어 나와고체풀이 도안 위에 남아있어요.그러면 지저분해 보이게 됩니다.​3) 비즈 트레이를 잘 사용하는 것이 빨리 완성하는 방법!비즈 트레이에 적당량 뿌려 놓고 양옆으로 살살 흔들면 비즈가 예쁘게 정렬됩니다.그러면 붙이기 훨씬 편하게 됩니다.​4) 처음  비즈 붙일 때 너무 정확하게 붙이지 않아도 됩니다.비즈 붙이고서 위치가 조금 빗나갔다면펜으로 조금씩 밀어서 위치를 수정하면 됩니다.일단 붙인 다음 펜으로 살짝 밀어서 위치 교정해 주면 깔끔!이런 꿀팁을 생각하면서작업을 시작해 봅니다.그런데.. 눈과 어깨가 조금 아플 수가 있으니조금씩 쉬어가면서 해야 할듯해요.눈에서 각종 색의 비즈들이 뱅글뱅글하네요..^^​집에 있는 시간이 많은 요즘이런 거라도 하면서기분 좋게 지내면 어떨까요?벽에 걸려있을 그때를 생각하면서트레이에 다른 색 비즈를 정렬해봅니다.​",20,407,38,0,1319.2,60,,2021. 2. 6. 12:36
2,https://blog.naver.com/clare1?Redirect=Log&logNo=222247294981,0,4,집콕템_ 보석십자수 블링블링 완성~,아이와 함께하는 일상,집콕템으로 중독성 강한 취미생활 보석십자수 드디어 완성!! 하고 싶은것도 많고 배우고 싶은것도 많고 할일도 많은데.. 제가 이걸 하고 있습니다... 머리속이 복잡할 때 한쪽 구석에 앉아 보석을 붙이고 있으면 스트레스도 풀리고 생각도 정리되면서 뭔가 편안한 느낌. 해보신 분들은 아실꺼예요.. 이것만 하고 말아야지 하면서도 계속 하고 싶은마음. ㅋㅋㅋ 한번 하고 나면 한두시간은 정말 순식간에 지나가요 ㅠㅜ 이번 명절에 시간이 많아서 종일 했나봐요. ㅎㅎ ​카카오프렌즈 시리즈가 새로 나와서 골라봤는데 디자인이 아주 귀엽죠? 사진에서 표현이 잘 안됐는데 완성작을 보면 반짝 반짝 아주 블링블링 합니다~~ 전에 BTS보석십자수 해봤는데 사람은  더 예쁘더라구요. 이거 끝나고 나면 집에 걸 해바라기 하나 더 해보고 싶네요. ^^ ​​​아이러브페인팅에서 판매하는 보석십자수 사이즈는 작은것부터 큰 것 까지 다양한데. 제가 이번에 한건 40*50 사이즈. 제법 큰 사이즈랍니다. 초등학생부터 성인까지 누구나 할 수 있는 집콕템!!​아이랑 맨날 지지고볶고 있는데 이런거라도 하고 있음 좀 조용하니 마음의 평화를 얻을 수 있어요. ㅎㅎ 택배 받자마자 아이랑 서로 반대편에서 작업을 했어요. 도안을 보고 숫자위에 붙이는 거라 아이들도 꼼꼼하게 잘 붙인답니다. 심심한 학생들도 시작해 보세요 ^^ ​재료가 충분하게 배송되 오기 때문에 양 가상자리에 각자 붙어 여러명이 하기에도 좋아요~ ^^양쪽 귀퉁이 아이랑 저랑 같이 했어요~ ^^ ​동글동글 반짝반짝 빛나는 보석십자수 끈적끈적한 바닥면에 보석알맹이를 올려 놓으면 되는데 집중력키우기에도 좋고 심심할때 시간보내기에도 정말 좋은 것 같아요. ​천천히 여유있게 하려고 해도 어느새 푹 빠져서 시간가는줄 모르게 되는... 집콕템. 조금만 해야지 했는데.. 할일 다 뒤로 미루고 이만큼 해버렸네요.. 솔직히 이만큼 하려면 몇시간 걸리거든요. ㅋㅋㅋㅋㅋ​저는 큰 사이즈로 했는데 아이들은 좀 작은 사이즈로 해도 좋을 것 같아요. 완성했다는 성취감도 느끼고 집중력도 키울 수 있고~ 초등학생 집콕템으로도 정말 최고!!! 어른들은 취미로 무념무상 스트레스 풀기 좋아요 ^^ ​전에는 서점갈때마다 아이러브페인팅에서 판매중인 그림그리기 DIY를 구입해왔었거든요~~ 그림그리기도 재밌지만 요거 보석십자수도 재밌고 완성도가 높아서 좋네요~ ^^ ​이걸 언제 다하나 싶으면서도 다 하고 나니 아쉽고 또 하고 싶은 보석십자수 ​심심하신분들 도전해 보세요~~ 이번에 카카오프렌즈 시리즈로 귀여운 디자인이 많이 나왔어요~~ ^^ ​반짝 반짝~ 블링 블링 해보실 분들은 요기 ▼▼​,16,296,4,0,699.4,13,,2021. 2. 17. 22:48
3,https://blog.naver.com/damq700?Redirect=Log&logNo=222363716245,0,4,"타오바오 구매 | DIY보석 십자수, 钻石画",흐어나의 차이나,엄마가 추천해준 그림 만드는 DIY 보석 십자수 중국에도 있을거 같아 찾아보니 있었다ㅋ그림에 수많은 기호번호가 있고 그에 해당하는 걸 붙이면 된다ㅋㅋ 난 가장 작은 사이즈로 샀지만 완성하려면 한달은 걸릴듯ㅋ어제 찌엔이랑 둘이서 아래 3줄 완성했다😍😁​​,3,33,4,0,327.8,20,,2021. 5. 24. 10:23
4,https://blog.naver.com/onmj77?Redirect=Log&logNo=222204773836,0,4,아트조이 명화그리기 보석 십자수,남양거주 14년차,"​코로나로 할일도 없고 지겹고  시간 때우기 ^^잼 있을줄 알았는데  엄청 힘들고 개노가다 입니다^^그래도 다행 성취감만 느끼고 싶어서  작은걸로밑그림에  같은숫자로 색칠하면 끝!조이아트 명화그리는 방법은 이렇게가  끝!!!​위메프에서 2+1  으로  서비스는 부처님으로 달라했어요저건  저희 엄니 작품입니다젤큰걸로 또사달라하시네요담핫딜까지 보류중 ㅋㅋ북금곰 눈이 삐꾸라~~화이트로  다 덮었네요눈만 이쁘게 해주려고힘은들고  만들고 남  필요도 없을듯 하나지금시기에 해볼만 해요^^조이아트 보석  십자수 젤작은걸로 주문했으나  역시나 힘듬그래도 저는 명화그리기보다  보석십자수가 더 맛나요^^가끔시간 날때 하는거라 ㅋㅋ100년 걸릴수도 있겠어요에펠탑만 성공하고  쉬고 있지만완성은 할생각입니다^^아  ㆍ  마  ㆍ도요것 또한 밑그림에 있는 그림이나 모양 같은거 붙히면 끝단순하지만  역시나 노가다 입니다^^그래도  반짝이가 늘어갈때 마다 보람있네요조이아트 보석십자수  하는방법도 단순쉽게 하실수 있어요자~~도전!!성공함  힘들었으니  선물하는걸로~​​​ 
",20,117,0,0,49.6,3,,2021. 1. 12. 11:32
5,https://blog.naver.com/bo_angel?Redirect=Log&logNo=222157998586,4,4,집에서 할 수 있는 취미! 보석십자수로 인테리어 액자 뚝!딱!,뽀멋 다락방,"오랜만에 올리는 취미 작품인 것 같네요!이번에는 여름에 한번 소개한 적이 있는 보석십자수를 가지고 완성해서 가지고 왔어요!​​지난번에 보석십자수를 한 이후에 단순 반복적으로 색을 맞추면 되기 때문에 딱 취향저격 당해서 또 해야지 또 해야지생각만하다가 못하고 있었는데 ​다시 집콕 생활이 시작되면서 집에서 열심히 콕콕콕 보석십자수를 했어요!​​​​요번에는 대.중.소로 준비했답니다. 아이러브페인팅에서 나온 보석십자수이고구성은 모두 동일해요. 단지 크기와 그림만 다를 뿐이랍니다. ​​​​저는 저의 욕구를 충족시키기 위해큰 사이즈를 먼저 시작했어요!큰사이즈는 30*30cm사이즈랍니다. ​​​두둥!!제가 선택한 그림은 러블리한 사슴이 있는 그림이랍니다. ​방과 너무 잘 어울릴 것 같아서 선택했어요!​​​​그림 뒷쪽으로 보면 나머지 재료들이 들어가 있어요.​​​​설명서, 비즈, 고체풀,트레이, 펜, 이젤이들어있답니다.​​​​그림이 큰다보니 비즈도 다양하게 많이 들어가요!비즈는 색상별로 포장이 되어 있어요!​​​​​캔버스 뒤에 보면 비즈 색상별 표기가 나와있어요.이걸 참고해서 캔버스에 비즈를 붙이면 됩니다.​뭔가 정말 십자수를 하는 느낌이 팍팍듭니다. ​​​​보석십자수의 필수 도구인트레이와 고체풀, 펜!​저는 이미 사용하던 제품이 있기 때문에사용하고 있는 거 먼저 쓰기로 했어요. ​​​제가 이번에 선택한 키트에는 완성한 보석 십자수를 인테리어 소품으로 활용하기 좋게 나무 이젤이 함께 들어있어요!​​​​요건 아직 완성 전에 모습인데.나무 이젤에 이렇게 올려놓으면아주 느낌 팍팍 갬성갬성 하답니다.​나무 이젤은 모두 동일한 크기로 들어있어요.​​​​보석십자수는 십자수보다 휠씬 쉬워요. 그래서 어린 아이들도 얼마든지 할 수 있는 그런 취미 활동이랍니다. ​​​사용 할 비즈를 선택하고 비즈를 트레이에 담아줍니다. ​​​​그리고 비즈가 고르게 정렬될 수 있도록살짝 트레이를 흔들어주세요. ​​​​그럼 이렇게 사용하기 좋게 정렬이 됩니다. ​​ ​그 다음은 펜을 고체풀에 깊게 꾸욱 눌러줍니다. ​​​그럼 펜 안쪽으로 고체풀이 채워져요.​​​풀이 채워진 펜으로트레이에 담긴 비즈를 찍어주면 펜에 붙어 올라와요!그럼 캔버스에 비닐을 살짝 벗겨비즈색상과 맞는 부분에 붙여주면 끝!! ​완전완전 간단해요!이 과정을 계속해서 반복해주면 됩니다. ​​​​이 키트 같은 경우에 캔버스가 종이판으로 되어있는 키트이고배경까지 비즈를 붙여야 되는 디자인이 아닌 그림부분만 붙이기 때문에​처음 시도하시는 분들에게 부담없이 도전해 볼 만하다고 생각해요. ​​​​이게 비즈가 하나하나 채워져 가는 모습을 볼 때마다 희열이 있답니다. ​비즈 퀄리티도 좋고 양도 많아서 걱정 없이 반짝거리는 거 보니깐 재미 있어요~​​​​올래는 여유롭게 천천히 할려고 했는데한번 시작하면 조금만 더 조금만 더 하다가 멈추질 못하더라구요. ㅋㅋㅋㅋㅋㅋㅋㅋㅋ​잠시 아무 생각 안하고 손만 움직이기에 너무 좋은 취미생활입니다. ​​​짜짠!완성된 사슴 모습입니다!!! 너무너무 마음에 들어요. 이렇게 보고있으니 또 뿌듯하네요. ​나무 이젤에 올려보았는데 진짜 딱이에요. 그냥 올려 두기만 해도 멋이 살아납니다. ​​​​인테리어 소품으로도 간단하니 좋은 것 같아요. 디자인도 크기도 엄청 다양해요. ​간단하게 할 수 있는 디자인도 있기 때문에자신의 취향에 맞게 선택할 수 있어요!​​​​저는 이런 취미 활동 너무 좋은 것 같아요.역시 보석십자수는 저에게 딱 맞는 취미였어요!​​​​작은 사이즈도 이미 완성!눈 오는 겨울과 너무 잘 어울리는 디자인으로 골랐는데 너무 귀여워요... ♥ ​나머지 하나도 얼른하고 이제 토이스토리 큰 그림 하고 싶어요!!!​​#아이러브페인팅 #보석십자수 #큐빅십자수 #보석십자수 #보석십자수액자 #인테리어액자 #취미 #집에서할수있는취미 #취미활동 #집콕생활 ",32,381,2,1,833.8,0,revu,2020. 11. 29. 23:42
6,https://blog.naver.com/rrsnow?Redirect=Log&logNo=222296396405,2,4,보석십자수 아이러브페인팅 친구 집들이선물로 딱이네,ᴍɪɴɢ ʙᴇᴀᴜᴛʏ ʙʟᴏɢ,"안녕하세요 밍디에요. 요즘 제 주변에는 보석십자수 붐이 일어나고 있어요. 코시국 찾아오면서 집에 있는 시간이 많아지면서 삶을 의미 있게(?) 보내려고 구입했던 것을 보더니 주변 친구들도 이모들도 심지어 엄마까지도 그거 재미있냐며, 해보고 싶다며 물어보더라고요. ​이럴 때마다 제가 하는 말은 늘 똑같다죠. 그냥 하게 된다. 목이 엄청 아프다. 시계 볼 때마다 한 시간은 훌쩍 지나있다. 그렇지만 완성은 하게 된다. 이 정도 ㅋㅋㅋㅋㅋ ​​​제가 집콕취미로 보석십자수 하는 모습을 엄마가 보시더니, 엄마 것도 하나 구매해달라고 하셔서 두어 달 전에 한 판 사드렸었거든요? 그런데 제가 생각했던 일정보다 훨씬 빨리 완성하신 거예요. 우리 엄마 한다면 하는 사람이구나 쌍따봉 치켜세우며 이번에는 이모들이랑 큰 걸로 하나씩 완성해 보라고 #아이러브페인팅 에서 무려 세 판이나 준비해 봤네요. ​​​엄마, 큰이모, 작은이모에게 마음에 드는 디자인으로 하나씩 골라보라고 하여 선택한 그림 세 가지! 석양의 백조 한 쌍, 산토리니 브런치, 화사한 해바라기 모두 40x50cm 대형 사이즈로 골라봤고요, 10x10cm 작은 사이즈도 있어서, 어린아이들도 충분히 할 수 있는 집콕취미가 될 것 같아요. (친구는 5~6살 조카와 같이 하더라고요.) ​고흐 별이 빛나는 밤에, 카페테라스와 같은 유명한 명작과 같은 경우 인기가 하도 많아서 빨리 품절될 수 있으니, 먼저 사는 자가 승리하는 거예요. ​​​산토리니 브런치와 화사한 해바라기는 아직 이모들이 열심히 작업 중이고, 저희 엄마가 작업한 석양의 백조 한 쌍 도안을 보여드릴게요. ​저도 몇 번 해봤고, 주변에 친구들이 하는 것도 여러 번 봤지만 이렇게 화려하고 임팩트 있는 도안은 또 처음인 것 같아요. 석양이랑 벚꽃잎 그리고 노을 진 호수까지 어쩜 이리 예쁠 수가... ​엄마가 완성해서 친구 집들이선물로 줘도 좋을 것 같다고 그러시는 거예요. 옆에서 동생이랑 저는 완성 안한 걸 선물로 줘야 하는 거 아니냐고 막 ㅋㅋㅋㅋㅋㅋ ​​​제가 아이러브페인팅 보석십자수를 고집하는 이유가 있는데요. 바로 소소한 퀄리티가 다르다는 점이에요. 제가 예전에 카카오톡 선물하기 톡딜로 구매했던 제품은 크기가 똑같은데도 불구하고 캔버스 두께가 얇고, 트레이 개수가 적고, 보석을 여러 개 붙이는 도구도 없고, 십자수 할 때 쓰는 보석이 지퍼백에 들어있지 않았거든요. ​다른 데꺼 쓰다가 다시 아이러브페인팅으로 돌아오니까 세상 퀄리티가 좋게 느껴지네요. 보석도 괜히 더 반짝여 보이는 건 기분 탓이겠죠? ​​도안을 자세히 들여다보면, 숫자와 알파벳 그리고 각종 기호들로 가득 차 있어요. 보석이 들어있는 지퍼백에는 숫자로만 쓰여 있기에 함께 제공되는 기호 적힌 종이를 완성하기 전까지 절대 버리시면 안 됩니다. (버리면 망하는 거예요.) ​​​사진 속에 표가 그려져 있는 종이가 바로 ☆절대 버려선 안 될 종이☆ ​숫자도 알파벳도 순서대로 적혀있는 것이 아니기 때문에 꼭 표를 보고 도안이랑 지퍼백의 숫자를 비교해서 작업해 주셔야 한답니다. 잘못 붙였다가 붙였던 보석 다 뗀 적도 있거든요. ​​​빨간색은 보석십자수 할 때 꼭 필요한 고체 풀인데요, 고체풀에 전용 펜을 푹 찔러 넣어 풀을 먹여주는 작업을 해주셔야 해요. ​제가 예전에 샀던 저렴이 제품에는 보석을 하나만 붙일 수 있는 펜만 들어있었는데, 아이러브페인팅에는 6개, 10개씩 붙일 수 있는 기다란 도구가 함께 들어 있어서 훨씬 작업 속도가 빠르답니다. ​​​전용 트레이에 붙이고 싶은 색상의 보석을 적당량 덜어주고, 펜으로 콕콕 찍어 도안에 차곡차곡 붙여주시면 된답니다. 도안에 접착 처리가 되어있어 그냥 비닐을 제거한 채 갖다 붙여주면 돼요. ​​​동일한 색상이 여러 개 붙어있으면 여러 개 붙일 수 있는 전용 도구로 한 번에 슥 붙여주면 스트레스도 풀리고, 성취감도 굉장해요. 제가 처음 했을 땐, 이 도구의 존재를 몰라서 하나씩 노가다로 붙이곤 했었는데 ㅋㅋㅋ 이제는 그렇게 미련하게 작업하지 않는다며! 엄마 하는 거 옆에서 조금 거들었는데, 하얀색 제가 했거든요. 제법 많이 붙인 것 같죠? ​​​저는 대형 한 판 끝내고, 친구들이랑 엄마 몫까지 도와준 거 따져보면 거의 2판은 완성했을 거예요. 그래서 솔직히 더 하고 싶은 마음은 없었는데, 막상 엄마 하는 모습 보니까 재밌어 보이더라고요 ㅋㅋㅋ 그래서 옆에서 거들며 제 지분을 조금씩 높여보았달까요. 나중엔 동생도 같이 붙어서 했는데 가족끼리 거실에서 꼭 붙어서 이런저런 얘기 나누며 취미생활한다는 것이 정말 행복한 일이더라고요. ​주말마다 부모님 집 가서 조금씩 도왔는데 펜트하우스2 시청하면서 붙이니까 시간 진짜 금방 가요. (그나저나 펜하2 벌써 마지막 회인 거 실화냐고요.) ​​​다 된 밥에 숟가락 얹지 말라고 동생한테 한소리 했더니, 자기도 꽤 많이 했다며 억울하다네요. ㅋㅋㅋㅋㅋ 아무튼 이번에는 아빠 빼고 온 가족이 옹기종기 다 붙어서 열심히 작업해 봤답니다. ​​​엄마가 작업한 부분인 백조의 호수~ 파란색과 보라색이 적절히 섞여서 오묘하면서도 느낌 있는 작품이 되어가는 것 같아요. 엄마 말로는 아이러브페인팅 보석십자수는 기다란 밀대(?) 같은 게 있어서 그걸로 줄 맞춰가며 반듯하게 붙이기 수월하다고! ​​​제가 엄마한테 평소 자주 하는 말 중 하나가 바로 운동해서 건강 관리하자는 것과 치매 예방은 미리미리 하자는 것인데 이게 집중력 향상에 어느 정도 도움이 될 테니 치매예방에도 도움이 되길 바랍니다...ㅎㅎㅎ ​​​두 판째 작업하다 보니 울 엄마 완전 십자수 고수가 되어버림! ​​​붙이는 모습은 영상으로 다시 한번 확인해 주세요. 영상 도중에 귀여운 우리집 고양이 등장하는 건 안 비밀! ​​​정말이지 너무 예뻐서 말이 안 나오는 백조의 호수 자꾸 예쁘다고 감탄했더니 엄마가 그렇게 예쁘면 집에 가져가라고 하시네요. (감동) ​​​다각도에 비춰봤을 때, 반짝반짝 빛이 나서 그 어느 십자수보다도 영롱하고 예쁜 것 같아요. 붙이는 것도 재미있지만 완성하고 났을 때의 그 뿌듯함 때문에 목 아파도 자꾸 하게 되는 듯 ​​​큰이모가 작업하던 화사한 해바라기도 마침 완성됐네요. 이것도 너무 예쁘죠*_* 현관에서 마주보이는 곳에 걸어두면 복이 저절로 들어올 것 같은 느낌이에요. ​​​친구 집들이선물로도 너무 좋을 것 같은데요. 부담스럽지 않은 가격대로 소소한 집콕취미하기 원하신다면 아래의 링크 한 번 참고해보시길 바랍니다! ​​아이러브페인팅 보석 십자수 ​​​#보석십자수 #아이러브페인팅 #집들이선물 #집들이선물추천 #친구집들이선물 본 포스팀은해당업제로부터

|제품을제공받아

정ㅇ
성의

소

작성된 리뷰입니다
",31,774,8,1,5508.4,29,text_ad,2021. 4. 2. 19:43
7,https://blog.naver.com/comely09?Redirect=Log&logNo=222420248972,2,4,[아이러브페인팅] 보석비즈십자수 :: 집에서 할수있는 요즘... ,우♥수 알콩달콩,"원래부터 집순이인 나는 예전부터 이런걸 참 좋아라 했었다 ㅎㅎㅎ보석십자수 업체도 여러개가 있는데, 개인적으로 지금까지 해본 것들 중 아이러브페인팅 제품이 불량률도 적고, 색감도 예쁘고, 도안도 다양해서 괜찮은 것 같다. ​​요렇게, 아이러브페인팅 제품 중 완성한건 요 두 제품.왼쪽 제품은 보석십자수액자로 되어 있고, 오른쪽 제품은 탁자같은 곳에 올릴 수 있게 제품이 동봉되어 있다.취미는 물론, 소소한 인테리어 효과도 있는게 굿!​​​구매처는 여기 !예전에 미니언즈 구입할때도 예쁜이미지들이 너무 많았는데 지금은 더 많아진 것 같다.주기적으로 신제품이 출시되어서 자꾸자꾸 뭘할지 엄청 고민하게 만든다​​이번에 만들 작품은, 미니언즈보다 좀 더 큰 40*50크기의 제품이다.상자만 봐도 두근거리는 내 심장..하..빨리 완성하고 싶군.뒷면에 간단하게 보석십자수를 하는 방법과 상자안에 담긴 이미지가 그려져 있다. 에펠탑 뒤로 있는 무지개와 노을이 너무 아름다워서 보자마자 픽해버렸다.사용 방법을 보면서 하다보면 노하우가 생겨서 점점 속도도 붙게 된다.​​비즈 붙이기도 전인데 그냥 벌써부터 예쁜것 같다.제품은 액자로 되어 있고, 풀이 발린채로 비닐이 씌워져 있다.디자인 수작업을 거친 제품이라 그런지 색 조화도 예쁘고, 퀄리티도 엄청 좋다. 특히 저 노을..!  나는 왠지 노을 있는 이미지가 좋드라 ㅎㅎ..액자로 되어 있어서 완성하고 나면 따로 액자를 구입할 필요 없이 바로 인테리어 소품으로 활용하기에 좋다.나는 퍼즐 맞추는것도 엄청 좋아하는데 퍼즐은 액자를 일일이 구입해야해서 ㅠㅠㅠ...​​가까이서 보면 그림 칸마다 색상과 알파벳등이 적혀있어서 어떤 색을 올려야 할지 한눈에 알아볼 수 있다.그냥 십자수 하려고 하면 도안보고 일일이 한땀한땀 옮겨서 수를 놓아야 하는데, 보석십자수는 도안위에 비즈를 바로바로 붙이기만 하면 되는거라 아이들이나 초보자들도 아주 쉽게 할 수 있다.또, 색상안에 연하게 동그라미 이미지도 함께 있어서 비즈를 중앙에 올리기가 더 수월하다. 이렇게 큰 이미지를 할때 이런 가이드 선이 없으면 비즈가 삐뚤빼뚤 해서 자세히 보면 예쁘지 않다. (내가 했던 타사 제품이 그랬다)​​이렇게 구성품이 있다.그냥 봐도 비즈가 ㅎㄷㄷ하게 많아서 하다보면 시간이 후딱 지나간다.기본도구인 비즈와 펜, 고체풀을 제외하고도 액자를 걸기위한 수평계도 있는 보석십자수 세트이다. 고체풀은 모자름 없이 넉넉하게 제공된다. 이렇게 필요한 도구들이 다 들어있어서 따로 도구를 구입해야하는 번거로움이 없다 :D!​​그림 위에 있는 숫자나 알파벳, 기호등을 비즈의 숫자와 매칭해서 붙여넣으면 된다.이때, 색깔별로 비즈가 46개나 있어서 순서대로 정렬해두지 않으면 섞여서 내가 원하는 숫자를 골라내기가 번거로워 지는 때가 오는데, 나만의 팁이 있다.​​요렇게 네일 파츠 보관함에 숫자 써놓고 비즈들 담아 두면 찾기도 수월하고 정리하기도 쉽다.단점은 뚜껑을 열어놨다가 쏟아버리면 피곤해질 수 있으니, 사용 후 뚜껑을 꼭꼭 닫아 정리해주면 된다 :)물론 필요한 비즈양보다 20%이상 많이 들어있어서 어느정도는 쏟아버리거나 불량품이 나와도 걱정하지 않아도 된다.​​비즈를 붙일때 사용하는 도구는 한개씩 붙이는거, 3개씩 붙이는거, 6개씩 붙이는거, 10개씩 붙이는 게 있고, 비즈를 가지런하게 정렬 할 수 있는 얇은 밀대같은 모양의 도구도 있다.처음부터 삐뚤빼뚤하게 붙이지 않는게 가장 좋지만, 사람인지라 어쩔 수 없이 삐뚤빼뚤하게 붙여지기 마련인대, 이때는 붙어있던 비닐을 비즈위에 올려두고 밀대같은 도구를 이용해 비즈와 비즈사이를 슉슉 가로질러주면 어느정도 정돈 되는 효과를 볼 수 있다.​​각각 3개짜리와 10개짜리를 붙일 수 있는 도구를 사용했을 때 모습.나는 2~3개가 붙어 있는 모양은 모두 3개짜리 도구를 사용해서 붙여준다. 3번 왔다갔다 비즈를 붙여야하는 수고를 1번으로 줄여준다.10개짜리는 거의 사용하지 않는데, 사진에서도 보이다시피 정리한다고 정리해도 애초에 붙는 모양이 조금 삐뚤빼뚤한 모양으로 붙게되어서 정렬을 해줘야하는 번거로움이 있다.​​붙이는 방법은 일단 붙이고자 하는 비즈를 트레이에 적당히 부어주고, 살살 흔들어주면 비즈가 트레이에 가지런하게 정돈이 된다.이제 펜에 고체풀을 끼우고(그냥 고체풀에 펜을 한번 찍어내리면 된다.) 정돈된 비즈를 한땀한땀 도안위에 수놓아주면 된다​ 붙어있던 비닐을 벗기고, ​​비즈를 올려준다. 동그랗게 비즈가 올라가야하는 부분에 가이드가 있어서 한결 수월하다.벌써부터 비즈 하나하나가 빛을 반사해 반짝반짝하기 시작했다. 아이러브페인팅의 보석십자수는 빛반사율이 높은 비즈를 사용해서 결혼식날 입는 드레스처럼 눈으로 봤을때 정말 예쁘다.​​어느정도 접착력은 있지만 살포시 올려주는 것과 눌러주는 것에 차이는 크기때문에, 분여준 뒤에 손으로 한번씩 눌러준다.​​풀이 발라져 있기 때문에, 비닐을 다 벗기고 붙이기 시작하는 것 보단 모서리부터 조금씩 채워 나가는게 좋다.​​풀 접착력은 가벼운 비즈하나쯤은 단단히 잡아 줄 수 있는 수준이라 제대로 붙여주기만 한다면 비즈가 떨어질 걱정은 덜어도 좋다.그래도 혹시모르니 남은 비즈들은 버리는 것 보다 네일파츠보관함에 보수용으로 잘 보관해주는게 나을 것 같다.​​아직 중간에 무지개 부분은 완성되지 않았지만, 어느새 2/3을 완성했다.왼쪽 아래부터 진행해가다가 노을을 빨리 완성해 보고 싶어서 노을부터 후딱 완성했다.​​에펠탑은 빛의 각도에 따라서 밝은 부분과 어두운 부분을 각각 비즈로 표현해서 훨씬 입체감이 살아 있다.​​붙인다고 붙여도 제대로 붙이지 않으면 이렇게 간간히 떨어지는 비즈들이 발생한다.제대로 붙이지 않고 비즈위에 살포시 얹은 것처럼 붙여버리면 작업할때 손과 접촉하면서 떨어져나온다 ㅋㅋㅋ그래서 손가락으로 꾹꾹 눌러주면 좋다. 또는 자기전에 무거운 책을 위에 올려두고 하룻밤 방치해두는 것도 좋다.​​실제로 봤을때와 유사한 반짝반짝한 모습 ~.~집에서할수있는취미를 찾는 분들께 완성하자마자 인테리어용품이 되는 보석십자수 취미생활추천!! ^▽^​​​",27,644,0,0,338.2,1,text_ad,2021. 7. 4. 22:44
8,https://blog.naver.com/ya824ya?Redirect=Log&logNo=222419720925,1,4,어린이 취미 하루클래스 보석십자수 취미추천,송자매와 행복한 육아♡,"​아이가 즐기는 새로운 취미가 있어요!바로 보석십자수 인데요!도안, 비즈, 도구, 액자 패키지로구성된 KC어린이 안전인증 통과된 DIY키트 에요​​​​하루클래스 보석십자수집에서할수있는취미 어린이 취미로 딱 좋은 비즈십자수 인데요색깔에 맞춰서 하나하나 보석을 붙이며 완성할 수 있는 제품이랍니다​​​​​도안, 비즈, 도구, 액자 패키지구성으로 되어있는하루클래스 보석십자수DIY키트로 취미생활을 즐 길 수 있는데요​핸드폰만 보는것보다 비즈십자수 취미를 가지면 집중력 향상에도 도움이 되고 끈기도 생기며 완성하고 나면 성취감까지 있어 참 좋은 취미에요​​​​구성도 탄탄한 하루클래스 보석십자수어린이저격 아기자기한 디자인으로고를만한 디자인도 다양해서 참 좋았는데요!​26면 컷팅의 반짝이는 비즈가더 예쁨을 돋보이고선명하고 꽉 채운 보석십자수 도안덕분에더 예쁘게 만들 수 있어요​​​​​도안을 보면 숫자와 알파벳으로색상을 표현했는데요영롱한 홀로그램의 예쁜 패키지 박스부터 너무 예쁘고안전하고 안정감 있는 펜과넉넉한 비즈양으로사용후에도 많이 남더라구요​​​​​표에 나와있는데로색상과 번호를 보고 맞춰서 사용하면 되고요만약 모자란 비즈는 카카오채널 (하루클래스) 통해 문의후 즉시 배송 가능해요!!!하지만 양이 넉넉해서 전혀 모자르지 않습니다!​​​​​모자란 비즈를 보관하기 쉬운 지퍼백까지 증장하오니아이랑 취미도 즐기며 예쁘게 꾸미며 사용하기로 해요​​​​​하루클래스 보석십자수 색상을 선택해서 하나하나 예쁘게 완성하는 제품!취미생활로 즐기기 너무 좋은 DIY키트 인데요​​​​​너무 예쁜 모양을 골랐더니아이가 더 즐거워하고집중하면서 열심히 만들고 있어요​​​​​저도 보석십자수를 즐기고 있는지라펜 두개로 사이좋게 하고 있어요 ​​​​​5살 7살 두아이도 즐길 수 있는집에서할수있는취미로 즐겁게 사이좋게 진행중인데요집중력향상에도 도움이 되고끈기있게 잘 하더라고요​​​​​완성후에는 테두리를 잘라 액자에 보관하면 됩니다​​​​​그럼 이렇게 예쁜 액자가 완성!보석십자수가 이렇게 예쁠줄은 몰랐어요반짝반짝해서 더 예쁜것같구요아이방에 놓기에도 인테리어효과에 도움이 되요​​​​​하루클래스 보석십자수를 완성해아이방에 이렇게 올려두니너무 예쁘고 아이방꾸미기에도 도움이 되는데요​​​​​안정감 있는 펜으로 즐겁게 할 수 있는 취미생활다른디자인으로 구매해서 또다른 비즈십자수 하고 싶네요^^​아이랑 즐겁게 할 수 있는 취미로 딱 좋아요!!​​​​​​https://smartstore.naver.com/haruclass/products/5502541013​​#하루클래스 #보석십자수 #보석비즈십자수 #DIY #어린이취미 KC인증 #집에서할수이는취미#취미추천 #DIY키트 #취미생활 #십자수 #비즈십자수​​​",26,223,2,3,2264.6,7,revu,2021. 7. 4. 12:17
9,https://blog.naver.com/kwija99?Redirect=Log&logNo=222421846516,2,4,[아이러브페인팅] 보석십자수 취미생활 비즈세트 추천,내 안의 세상,"시험이 끝나고 스트레스 푸는데 아이러브페인팅 보석십자수가 딱이예요. 아무 생각없이 티비시청하면서 하면 딱이라고 하더라고요. ㅎㅎ중학생 딸아이가 고른 두 작품으로 여름방학동안 재밌게 보석십자수 하고 있어요. ​​​아이가 고른 작품은 40*50cm 에펠탑과 30*30cm 러브블룸인데요. 아이러브페인팅의 보석십자수는 주기적으로 신제품이 출시되어 선택의 폭이 넓어서 좋았어요. 40*50cm 대형 사이즈 캔버스로 되어 있어서 넓은 공간에서 인테리어효과에 제격이겠더라고요. ​​​​30*30cm 러브블룸도 예쁜데 스케일이 작다고큰거로 해보고 싶다고 하더라고요. 작은 건 끈기와 집중력이 필요한 초6 남아가 해보기로 했어요. ​​DIY보석십자수는 겉박스부터 다르더라구요. 사이즈도 크고 두께도 두꺼워요. ​​중딩이가 확인하더니 훌륭한 선택한 것 같대요. ㅋ아이는 보석십자수를 몇 번 해보았었는데요. 아이러브페인팅 쇼핑몰 제품은디자인 수작업을 거친 제품이라 색조화가 타 브랜드 제품과는 비교가 안될 정도로 퀄리티가 좋더라고요. ​​​​​다른 도구는 따로 준비할 필요가 없어요. 여분의 비즈, 펜, 고체풀 등 필요한 도구와 재료가 모두 들어있거든요. ​​​40*50cm 보석십자수 사이즈는 캔버스로 되어 있고비즈가 지퍼백안에 들어있어서 보관 및 사용이 용이해요. ​두근두근 시작!!저도 해보고 싶은데~ 중딩이 아이는 제손으로 완성시키는 타입이라 한번 시작하면 절대 건들 수가 없어요. ​​옆에서 저랑 동생이 해보고싶다고, 도와준다고 해도 꿈쩍을 안하더라고요. ㅋㅋ 워낙 꼼꼼해서 시간이 좀 걸릴 것 같은데.. 방학 전에는 끝날 것 같아요.​​작은 지퍼백에 들어있던 비즈를 쓸만큼 판에 덜어서 사용하면 되는데요. 자세히 보면 라인이 있어서 살살~ 흔들면 비즈들이 나란히 나란히 줄 자동맞춤이 돼요. ​​​다양한 펜이 준비되어 있어요. 한 개씩, 세개씩.. 여러 개 한꺼번에 할 수 있는 3가지 종류 펜이 있는데요. 여러 개 할 수 있는 펜은 정확도가 떨어진다면서 아이는 한 개씩 붙이는 펜 위주로 사용하더라고요. 빨간색은 고체풀이예요. ​​​도안 위에 비닐을 할 만큼만 신중하게 잘라주었어요. 취미는 도구빨(?) ㅋㅋ 공예용 칼로 비닐만 살짝 잘라주네요. 비닐을 걷어내면 도안에 접착제가 묻어 있어서 한꺼번에 다 벗겨내면 안된답니다. ​​​도안에 맞는 비즈색을 찾은 후에 펜에 고체풀을 찍고 비즈를 붙여서 하나씩 채워나가면 되는데요. 완전 초집중하더라고요. 넓은 펜 쓰면 좋겠는데~ 말이죠. 한땀 한땀 정성을 다하는 그녀!​​와.. 이거 어느 세월에 하니? 한 꼼꼼하는 성격인지라.. 시간은 오래 걸리지만정말 예쁘게 나올 것 같아요❤주변에 요런거 좋아하는 친구가 있다면 생일선물이나 집들이 선물로 좋겠어요. ​​​한 자리에 앉아서 1~2시간은 금방 가더라고요.저 만큼 하는데 꽤 오래걸렸어요. 남들 30분이면 금방할 거 비즈 한 개 들어가는 펜으로 꾹꾹 눌러정해진 자리에 가로, 세로 정확히 맞춰서 하더라고요. 이거이거~ 집콕취미로 딱인데요. ㅋ​​비즈가 자세히 보면 각이 져 있어서 빛에 따라 반짝반짝 참 예뻐요. 아이러브스쿨 보석자수는 빛반사율이 높은 비즈를 사용해서 다른 제품들보다 퀄리티가 높아요.  완성해서 거실에 걸어두면 인테리어 효과로 굿입니다. 도안에 따라 색비즈만 붙여주면 되니 어렵지 않아요. 남녀노소 친구끼리 연인끼리 같이 해도 좋은데왜 손도 못대게 하는지~ㅠㅠ ​​​​좋아하는 아이유 음악 들으면서 채워넣는데 취미활동으로 좋은 것 같아요. 집밖에 잘 안나가는 아이라집콕취미로 추천해요.공부하다 잠깐 음악들으면서 스트레스도 풀고 완성되면 아이가 원하는 곳에 걸어둘 생각이예요. ​​​푹신한 방석에 앉아 이런 자세로 하는게 가장 좋은가봐요. ​​​시험 끝나고 바로 시작했는데.. 한 꼼꼼이 하는 성격이라 아직 많이 진도 못뺐어요. 근데 벌써 한 부분은 반짝반짝 실물이 예쁘더라고요.​​​하나씩 펜으로 고집해서 하다보니(여러 개 할 수 있는 펜 사용하면 좋은뎅..ㅠㅠ) 오래걸리는 대신에 수정하지 않아도 되니 조금씩 완성되어 가는 모습에 만족도는 무척 크더라고요.  에펠탑 완성하려면 아직 멀었는데여름방학 동안 완성시키고 다음으로 마음에 들어하는 명화 찜해두고 있어요. ㅋ 보석십자수 명화 인테리어 소품으로  집콕선물, 취미생활로 추천해요. ​​​https://smartstore.naver.com/alphaway/products/5209853628#보석십자수 #보석비즈십자수 #집들이선물 #보석십자수액자 #취미 #DIY키트 #집에서할수있는취미 #취미생활추천 #아이러브페인팅 #생일선물 #집콕취미 #집콕선물​",42,470,4,2,2170.4,17,revu,3시간 전
