,Post URL,Post,Image num,sticker num,gif num,Paragraph num,Comment num,Video num,weekly viewer mean,Sympathy num,AD,Posting Date,Buddy num,Total visit,Blog category,Comment detail,AP
8,https://blog.naver.com/tnalalstn?Redirect=Log&logNo=222391586493,2021 6 8 더워도 너무 더운 수요일 에어컨 바람은 싫지만 켜야만 했던 하루 오전에는 컴터 앞에 앉아일러스트와 포토샵 작업에만 올인 디자인 시안 업체에 보내고나니 점심시간 대충 한끼 해결하고  패브릭물감과 패브릭용 스템프잉크 테스트하고 주문 들어온 체험용 미니 파우치 샘플 만들어 놓고 자투리 원단으로 사부작 사부작 화장품 파우치 외에 동전이나 작은 악세사리를 넣을 곳이 마땅치 않아호주머니와 가방에 넣었다가 잃어 버린 경험이 있어서 손바닥보다 작은 사이즈2개 기본 사이즈 1개 만들었답니다 퇴근전에 완성한 스트링파우치 3개  말 그대로 자투리원단이라 사이즈가 어느정도 있는 패브릭소품을 만들기에는 작아서 보관만하고 있었는데 이렇게 활용하네요ㅎㅎ버려도 이상할게 없는 원단이지만 사이즈가 작아서 그렇지 깨끗하고 멀쩡한 원단이라 버리기 아까웠거든요 1810cm정도 되는 원단으로 파우치 모양 만들어 놓고상단 부분에 끈을 끼워 준 후 도톰한 펠트지를 고양이 얼굴 모양으로 오려 그림 그려주고 글루건을 이용해 고양이를 파우치 앞면에 붙여주면 끝사이즈가 작으니깐 재봉이 몇번 드륵 드륵해주고 끈만 끼워주면 뚝딱 완성이에요  자투리 원단과 끈만 있다면 취미생활추천각 참 쉬운 바느질놀이에요 하나 만들고나니 어찌나 귀엽던지 납득이 뒷면원단으로 사용하고 남은 북유럽 패턴의 트라이앵글 자투리 원단도 꺼냈어요   다시 드륵 드륵 재봉이로 박아주고 끈 끼워주니 두번째 미니 파우치도 완성북유럽패턴의 블랙세모면원단은 수미조아 도안원단 납득이 뒷면원단인데요 쿠션이나 행주 앞치마 가리개커튼 만들어도 참 예뻐요 사이즈가 작아서 더 귀여운 미니파우치  오늘은 판다 뱅기 타는 날퇴근전 사진 찍으며 노는 어른이ㅋㅋㅋㅋㅋㅋㅋㅋㅋㅋㅋㅋ자투리원단 넉넉하게 남아 있으니 보통 사이즈의 파우치와 미니파우치 만들어 보실 수 있게다른 원단과 함께 조만간 나눔할게요 파우치 만들어 보고 싶은데 원단이 없어 만들지 못하는분들은 나눔 오픈하면 달려오세요 000  ,13,3,1,223,14,0,2630.4,40,text_ad,2021-06-09,9266,9890236,인테리어·DIY,"['아이고~~ 너무 귀여워요^^짜투리 원단 찾아봐야겠네요~~', '작아서 더 귀여워요~^^바느질도 쉽고~만들면 구경 시켜 주세요~', '자투리원단에게 새로운 의무가 생겨서 행복할듯한데요~~^___^', 'ㅋㅋㅋㅋ 맞아요 ^^ 딱히 쓸곳은 없는데 버리기엔 아까운 자투리들.... 요롷게 작은 파우치나 쪼꼬미 인형, 키링 만들면 좋을 것 같아요.', '넘이쁘네요~~♡', '^^ 감사합니다~~오늘도 좋은 하루 보내세요~~', '유야호~ 판다 너무 귀엽네요^^', 'ㅋㅋㅋㅋ 유야호~~ 너무 신나요 ^^', '저 판다 자석이죠?? 짱귀여운뎅 저거!♥', '네~ ㅎㅎㅎㅎ 중국에서 온 판다예요 ^^ 저거 귀엽쪼오~', '유야호~~~~ 좋은데요ㅎㅎㅎ', '지니k님 유야호~~~ ^0^맛점하세요~', '자투리천으로 파우치 만든거 넘 귀엽고 이쁘네요~~', '자투리라도 진짜 버릴게 없죠?하나씩 만들어서 파우치 나눔 해야겠어요 ^^']","[('2021 6 8 더워도 너무 더운 수요일 에어컨 바람은 싫지만 켜야만 했던 하루 오전에는 컴터 앞에 앉아일러스트와 포토샵 작업에만 올인 디자인 시안 업체에 보내고나니 점심시간 대충 한끼 해결하고 패브릭물감과 패브릭용 스템프잉크 테스트하고 주문 들어온 체험용 미니 파우치 샘플 만들어 놓고 자투리 원단으로 사부작 사부작 화장품 파우치 외에 동전이나 작은 악세사리를 넣을 곳이 마땅치 않아호주머니와 가방에 넣었다가 잃어 버린 경험이 있어서 손바닥보다 작은 사이즈2개 기본 사이즈 1개 만들었답니다 퇴근전에 완성한 스트링파우치 3개 말 그대로 자투리원단이라 사이즈가 어느정도 있는 패브릭소품을 만들기에는 작아서 보관만하고 있었는데 이렇게 활용하네요ㅎㅎ', 1, 0), ('버려도 이상할게 없는 원단이지만 사이즈가 작아서 그렇지 깨끗하고 멀쩡한 원단이라 버리기 아까웠거든요', 2, 1), ('1810cm정도 되는 원단으로 파우치 모양 만들어 놓고상단 부분에 끈을 끼워 준 후 도톰한 펠트지를 고양이 얼굴 모양으로 오려 그림 그려주고 글루건을 이용해 고양이를 파우치 앞면에 붙여주면 끝사이즈가 작으니깐 재봉이 몇번 드륵 드륵해주고 끈만 끼워주면 뚝딱 완성이에요', 1, 1), ('자투리 원단과 끈만 있다면 취미생활추천각 참 쉬운 바느질놀이에요 하나 만들고나니 어찌나 귀엽던지 납득이 뒷면원단으로 사용하고 남은 북유럽 패턴의 트라이앵글 자투리 원단도 꺼냈어요', 1, 0), ('다시 드륵 드륵 재봉이로 박아주고 끈 끼워주니 두번째 미니 파우치도 완성북유럽패턴의 블랙세모면원단은 수미조아 도안원단 납득이 뒷면원단인데요', 1, 0), ('쿠션이나 행주 앞치마 가리개커튼 만들어도 참 예뻐요 사이즈가 작아서 더 귀여운 미니파우치 오늘은 판다 뱅기 타는 날퇴근전 사진 찍으며 노는 어른이ㅋㅋㅋㅋㅋㅋㅋㅋㅋㅋㅋㅋ자투리원단 넉넉하게 남아 있으니 보통 사이즈의 파우치와 미니파우치 만들어 보실 수 있게다른 원단과 함께 조만간 나눔할게요 파우치 만들어 보고 싶은데 원단이 없어 만들지 못하는분들은 나눔', 1, 0), ('오픈하면 달려오세요', 1, 0), ('000', 1, 0)]"
7,https://blog.naver.com/tnalalstn?Redirect=Log&logNo=222377430856,큰언니와 큰조카에게 받은 뜬끔없는 선물신동와인과 인테리어소품 이젤액자받침 액자거치대대니 멕켄지 디퓨저 그리고 라프로렌 향수 아무날도 아닌데 받아서 더 좋은 선물 얼마전 언니랑 빈티지소품 매장 다녀 왔는데 우리집에 있는 주물 이젤보다 사이즈가 크고 화려해서 살짝 관심을 보였더니 집에 안쓰고 보관중인게 있다면서 얼마전 조카를 통해 와인과 일용할 양식들까지 바리 바리 에브리바디 한가득 보내왔다  언니네 집 어딘가에서 잠자고 있던클래식한 디자인의 엔틱 빈티지 인테리어소품 이젤 받침부터 헤드부분까지 전체적으로 고급스러움이 느껴지는 디자인이라 엔틱소품이나 빈티지소품들과 함께 두어도 멋스럽고 특히 빈티지 액자 그림을 놓으면 클래식한 느낌을 준다 아무것도 놓지 않고 이대로만 놓아도 멋스러운 엔틱 빈티지인테리어소품 주물 이젤 시카고 엔틱샵에서 산 주물 촛대와도 잘 어울림좌측에 작은 이젤은 오래전 셋째언니가 준 이젤인데 작은 사이즈가 아닌데도 큰 이젤 옆에 있어서 그런지 꽤 작아보이네  같이 있으니 더 예쁨  엔틱가구에 올려 놓으면 좋겠지만집에 엔틱가구가 없다는게 함정 요건 큰 조카가 준 라프로렌 향수와 대니멕켄지 디퓨저은은한듯 감미롭고그윽한듯 깊은 대니멕켄지 요즘 더 좋아지고 있다  너무 진하게 나면 머리 아프니까스틱은 2개 정도만 꽂는걸로  거실과 방 모두 같은 향으로 통일하기 위해 일단은 킵조만간 대기중인 디퓨저 케이스에 담아 비치해야지 마지막으로 신동와인 화이트  레드 셋뚜셋뚜레드와인은 셋째언니 주고 화이트는 내가 마시는걸로예전에는 무조건 레드만 마셨는데요즘은 화이트와인이 가볍게 느껴져서 좋다 가끔 잠이 안올때 안주가 좋을때 마셔야지   ,18,1,0,189,0,0,2630.2,39,,2021-05-31,9266,9890235,인테리어·DIY,0,"[('큰언니와 큰조카에게 받은 뜬끔없는 선물신동와인과 인테리어소품 이젤액자받침 액자거치대대니 멕켄지 디퓨저 그리고 라프로렌 향수 아무날도 아닌데 받아서 더 좋은 선물 얼마전 언니랑 빈티지소품 매장 다녀 왔는데 우리집에 있는 주물 이젤보다 사이즈가 크고 화려해서 살짝 관심을 보였더니 집에 안쓰고 보관중인게 있다면서 얼마전 조카를 통해 와인과 일용할 양식들까지 바리 바리 에브리바디 한가득 보내왔다 언니네 집 어딘가에서 잠자고 있던클래식한 디자인의 엔틱 빈티지 인테리어소품 이젤 받침부터 헤드부분까지 전체적으로 고급스러움이 느껴지는 디자인이라 엔틱소품이나 빈티지소품들과 함께 두어도 멋스럽고 특히 빈티지 액자 그림을 놓으면 클래식한 느낌을 준다 아무것도 놓지 않고 이대로만 놓아도 멋스러운 엔틱 빈티지인테리어소품 주물 이젤 시카고 엔틱샵에서 산 주물 촛대와도 잘 어울림좌측에 작은 이젤은 오래전 셋째언니가 준 이젤인데 작은 사이즈가 아닌데도 큰 이젤 옆에 있어서 그런지 꽤 작아보이네', 1, 0), ('같이 있으니 더 예쁨', 1, 0), ('엔틱가구에 올려 놓으면 좋겠지만집에 엔틱가구가 없다는게 함정 요건 큰 조카가 준 라프로렌 향수와 대니멕켄지 디퓨저은은한듯 감미롭고그윽한듯 깊은 대니멕켄지 요즘 더 좋아지고 있다 너무 진하게 나면 머리 아프니까스틱은 2개 정도만 꽂는걸로 거실과 방 모두 같은 향으로 통일하기 위해 일단은 킵조만간 대기중인 디퓨저 케이스에 담아 비치해야지 마지막으로 신동와인 화이트 레드 셋뚜셋뚜레드와인은 셋째언니 주고 화이트는 내가 마시는걸로예전에는 무조건 레드만 마셨는데요즘은 화이트와인이 가볍게 느껴져서 좋다', 1, 0), ('가끔 잠이 안올때 안주가 좋을때 마셔야지', 1, 0)]"
5,https://blog.naver.com/tnalalstn?Redirect=Log&logNo=222180880800,1년전 이야기인 것 같은데벌써 3년이 되었네초록우산어린이재단과 함께한 초록산타 키링만들기 키트 작업이때 산타디자인 엄청 했던 기억이 난다산타캐릭터 디자인부터 제작까지 7천개가 넘는 수량 모두 마무리하고 12월 초록우산어린이재단 행사날 사이즈업 쿠션제작해서 파이터 쿠션들 기부했던 3년전 추억작년에는 삼성전자와도 함께 진행했었는데올해는 코로나로 잠잠샘플만 만들고 아직 생산을 못하고 있는체험용 행사용 diy 인형만들기 키트들내년에는 코로나 종식되어즐거운 작업 많이 했음 좋겠다,4,0,0,53,0,0,2630.2,40,,2020-12-21,9266,9890235,인테리어·DIY,0,"[('1년전 이야기인 것 같은데벌써 3년이 되었네초록우산어린이재단과 함께한 초록산타 키링만들기 키트 작업이때 산타디자인 엄청 했던 기억이 난다산타캐릭터 디자인부터 제작까지 7천개가 넘는 수량 모두 마무리하고 12월 초록우산어린이재단 행사날 사이즈업 쿠션제작해서 파이터 쿠션들 기부했던 3년전 추억작년에는 삼성전자와도 함께 진행했었는데올해는 코로나로 잠잠샘플만 만들고 아직 생산을 못하고 있는체험용 행사용 diy 인형만들기 키트들내년에는 코로나 종식되어즐거운 작업 많이 했음', 1, 0), ('좋겠다', 1, 0)]"
12,https://blog.naver.com/tnalalstn?Redirect=Log&logNo=222174935522,고구마 러버와 살고 있는 1인 고구마를 비롯해 바나나 호두과자를 좋아하는 남편은그중에서도 고구마를 가장 좋아해서 가을과 겨울이면 고구마 떨어지기 무섭게 채워 놓고 있어요매일 먹어도 질리지 않는 겨울 간식이자다이어트음식 고구마 그럼 지금부터 구워볼게요그래서 오늘은 늘 만들어 먹는 우리집 간단요리 구운고구마와 동치미 겨울간식 주제로 올려봅니다 언니가 선물로 보내준 퀸메이드 대용량 에어프라이어 처음에 받을땐 이거 이거 너무 큰거 아냐 했는데 사이즈가 커서 키친 한마리는 물론이고 만두 감자튀김 돈까스까지 한번 넣고 조리할 수 있어서간식 혹은 손님들 오실때 뚝딱 안주를 만들어낼 수 있어요 깨끗하게 씻은 고구마는 먹기 좋은 크기로 잘라 에어프라이어에 넣어 준 후 20분 조리 2시간 같은 20분이 지나면 이렇게 집어 먹기 좋은 달달한 군 고구마가 완성된답니다 고구마는 따뜻할때 바로 먹어야 맛있죠접시에 담기전 하나 집어 들고 앙맛있다 맛있어 집게로 집어 접시 몽땅 담아 주기에어프라이어에서 고구마 익는 동안 귤이랑 감을 준비했어요  저녁 식사 후에 먹는 간식인데 너무 푸짐하죠 ㅎㅎㅎ고구마와 함께 먹을 동치미도 준비했어요 동치미는 친구가 만들어 줬는데 너무 맛있어서 고구마 먹을때만 먹기로 했어요 음식솜씨가 남다른 친구가 만든 동치미와 함께 에어프라이어에 구운 고구마와 과일까지 곁들인 우리집 겨울간식은 먹어도 먹어도 자꾸 먹고 싶어요 다이어트음식으로도 좋은 고구마 맛있게 먹고 예뻐지자구요 ,13,0,0,173,8,0,2630.6,46,,2020-12-15,9266,9890237,인테리어·DIY,"['이거 진짜 맛있죠 ㅠㅠㅠㅠ', '그죠~ 겨울엔 뭐니 뭐니해도 고구마와 동치미죠 ^^', '고구마와 동치미는 절친인거같아요~~!!^^', '네~~ ^^ 다만 먹고 난 후 후유증이 너무 심해요. 뽕뽕뽕~', '환상궁합이네요~글고 에어프라이기 동글하니 색깔도 모던한데 묘하게  이쁘네요~^^', '빨리 익으라고 동글동글 썰었는데 집어 먹기에도 좋아요 ^^', '겨울 환상궁합 음식이네요~~ㅎㅎㅎ 포스팅 잘보고 갑니다~', '맞아요~^^ 요즘 고구마와 동치미에 꽂혀서 매일 먹고 있어요 ㅎㅎ']","[('고구마 러버와 살고 있는 1인 고구마를 비롯해 바나나 호두과자를 좋아하는 남편은그중에서도 고구마를 가장 좋아해서 가을과 겨울이면 고구마 떨어지기 무섭게 채워 놓고 있어요', 1, 0), ('매일 먹어도 질리지 않는 겨울 간식이자다이어트음식 고구마 그럼 지금부터 구워볼게요그래서 오늘은 늘 만들어 먹는 우리집 간단요리 구운고구마와 동치미 겨울간식 주제로 올려봅니다 언니가 선물로 보내준 퀸메이드 대용량 에어프라이어 처음에 받을땐 이거 이거 너무 큰거 아냐 했는데 사이즈가 커서 키친 한마리는 물론이고 만두 감자튀김 돈까스까지 한번 넣고 조리할 수 있어서간식 혹은 손님들 오실때 뚝딱 안주를 만들어낼 수 있어요', 1, 0), ('깨끗하게 씻은 고구마는 먹기 좋은 크기로 잘라 에어프라이어에 넣어 준 후 20분 조리 2시간 같은 20분이 지나면 이렇게 집어 먹기 좋은 달달한 군 고구마가 완성된답니다', 1, 0), ('고구마는 따뜻할때 바로 먹어야 맛있죠접시에 담기전 하나 집어 들고 앙맛있다 맛있어 집게로 집어 접시 몽땅 담아 주기에어프라이어에서 고구마 익는 동안 귤이랑 감을 준비했어요', 1, 0), ('저녁 식사 후에 먹는 간식인데 너무 푸짐하죠 ㅎㅎㅎ', 1, 0), ('고구마와 함께 먹을 동치미도 준비했어요', 1, 0), ('동치미는 친구가 만들어 줬는데 너무 맛있어서 고구마 먹을때만 먹기로 했어요', 1, 0), ('음식솜씨가 남다른 친구가 만든 동치미와 함께 에어프라이어에 구운 고구마와 과일까지 곁들인 우리집 겨울간식은 먹어도 먹어도 자꾸 먹고 싶어요', 1, 0), ('다이어트음식으로도 좋은 고구마 맛있게 먹고 예뻐지자구요', 1, 0)]"
6,https://blog.naver.com/tnalalstn?Redirect=Log&logNo=222134756488,드디어 블루투스스피커 장만했어요 오디오 핸드폰 PC 등을 통해 음악을 듣고 있어서 사실 그렇게 꼭 필요한 녀석은 아니였어요  있으면 좋고  없어도 괜찮은 녀석이였는데 올해 나를 위해 무엇을 산 기록이 거의 없어서 잠결에 장바구니에 담고 결제 클릭 ㅋㅋ주문하고 설레이는 마음으로 기다린 나의 첫번째 레트로 감성의 원목 블루투스스피커 세비즈 원목 블루투스스피커High Power  20WVer  50Hands free callFm Radio TF Card Play  USB사진빨이면 어쩌나 했는데 클래식한듯 고급스런 레트로 느낌의 디자인은 물론 사이즈와 색감까지 전체적으로 다 마음에 드네요가격도 부담없고오래된 오디오도 좋고 핸드폰과 PC를 통해 듣는 것도 좋지만블루투스스피커를 통해 들으니 음질도 색 다르고 감성 홈카페 분위기까지 느껴지네요수미조아 홈카페인테리어에 새로운감성 살림잇템이라고나 할까살림 늘리지 않으려고 장바구니에 담았다가도 비워내곤 했던 살림인데 꼭 필요해서 사는 살림이 아니더라도 이렇게 가끔아무날도 아닌 날 나를 설레이게 하는 살림 하나 장만하면 뭔가 리셋되는 기분이 드는 것 같아요수미네 홈카페에 오신 분들도 잘샀네  예쁘네 집이랑 어울리네해주시니 기분 업업레트로 감성 원목 세비즈 블루투스스피커 개시 기념으로수미조아가 선택한 음악은 뭘까요스피커 위에 요롷게 핸드폰을 올려 놓을 수도 있어요 핸드폰 바꾸기전 사용하던 폰인데 블루투스스피커 전용으로 사용하니 편하네요홈카페인테리어 완성은 음악 매일 아침 출근해서 퇴근까지그리고 주말에 눈 뜨자마자 가을에 듣기 좋은 어쿠스틱 음악 들으며 시작하는 수미조아 홈카페 감성 레트로 세비즈 원목 블루투스스피커 외출할때 종종 델꾸 나와서 차에서도 듣는다죠 설레이는 가을 내돈주고 산 내돈내산 감성 살림잇템 내일도 모레도 그 다음날도 매일 음악 들으며 인형 만들어볼게요  ,15,0,1,208,0,1,2630.2,58,,2020-11-04,9266,9890235,인테리어·DIY,0,"[('드디어 블루투스스피커 장만했어요', 0, 1), ('오디오 핸드폰 PC 등을 통해 음악을 듣고 있어서 사실 그렇게 꼭 필요한 녀석은 아니였어요 있으면 좋고 없어도 괜찮은 녀석이였는데 올해 나를 위해 무엇을 산 기록이 거의 없어서 잠결에 장바구니에 담고 결제 클릭 ㅋㅋ주문하고 설레이는 마음으로 기다린 나의 첫번째 레트로 감성의 원목 블루투스스피커 세비즈 원목 블루투스스피커High Power 20WVer 50Hands free callFm Radio TF Card Play USB사진빨이면 어쩌나 했는데 클래식한듯 고급스런 레트로 느낌의 디자인은 물론 사이즈와 색감까지 전체적으로 다 마음에 드네요가격도 부담없고오래된 오디오도 좋고 핸드폰과 PC를 통해 듣는 것도 좋지만블루투스스피커를 통해 들으니 음질도 색 다르고 감성 홈카페 분위기까지 느껴지네요', 2, 1), ('수미조아 홈카페인테리어에 새로운감성 살림잇템이라고나 할까살림 늘리지 않으려고 장바구니에 담았다가도 비워내곤 했던 살림인데 꼭 필요해서 사는 살림이 아니더라도 이렇게 가끔아무날도 아닌 날 나를 설레이게 하는 살림 하나 장만하면 뭔가 리셋되는 기분이 드는 것 같아요', 1, 0), ('수미네 홈카페에 오신 분들도 잘샀네', 1, 0), ('예쁘네', 1, 0), ('집이랑 어울리네해주시니 기분 업업레트로 감성 원목 세비즈 블루투스스피커 개시 기념으로수미조아가 선택한 음악은 뭘까요', 1, 0), ('스피커 위에 요롷게 핸드폰을 올려 놓을 수도 있어요', 0, 1), ('핸드폰 바꾸기전 사용하던 폰인데 블루투스스피커 전용으로 사용하니 편하네요', 1, 0), ('홈카페인테리어 완성은 음악 매일 아침 출근해서 퇴근까지그리고 주말에 눈 뜨자마자 가을에 듣기 좋은 어쿠스틱 음악 들으며 시작하는 수미조아 홈카페 감성 레트로 세비즈 원목 블루투스스피커 외출할때 종종 델꾸 나와서 차에서도 듣는다죠 설레이는 가을 내돈주고 산 내돈내산 감성 살림잇템 내일도 모레도 그 다음날도 매일 음악 들으며 인형 만들어볼게요', 1, 1)]"
14,https://blog.naver.com/tnalalstn?Redirect=Log&logNo=222124333096,LUMENA H4얼굴이 건조해지고 입술이 갈라지는 가을에필요한 살림잇템들 중 빼놓을 수 없는게 있다면바로 가습기가 아닐까 싶네요  그래서 오늘은간단한 사용법만큼이나 디자인까지 심플해서 홈인테리어 홈스타일링에도 튀지 않은 감각있는 인테리어 초음파 가습기 루메나 사용후기 올려봅니다   더운 여름 우리의 탁상과 휴대용 선풍으로 사랑받은 선풍기 업체 루메나가 가을을 맞아 무드등까지 장착한 대용량 가습기 H4를 출시했어요  전 모델인 H2H3는 디자인대회국제에서 여러번 수상한 이력이 있는데 이번 H4제품은 디자인은 물론 성능까지 잡았네요  10월의 어느 가을날  우리집으로 온 초음파 가습기 박스를 열어보니 사이즈도 좋고 색감과 매트함까지 마음에 드는 가습기와 어댑터 미스크캡이 들어 있어요  가습기 본체 뚜껑을 열면 수조 안쪽 바닥에는 진동자손잡이 쪽으로는 빨간색 수조표시선이 있어요 수조양  16L빨간 수조표시선까지 물을 부어 주었는데 확실히 대용량이라 물이 넉넉하게 들어가네요 기존에 사용하던 가습기는 용량이 적어서 여러번물을 채워 줬어야 했는데 지금은 한번의 충전으로 근무시간 또는  취침전 몇시간 켜두기에 좋았어요  함께 들어있는 미스트캡은 가습기 뚜껑에 끼워주고 본체 뒷부분에 전원 어댑터를 꽂은 후 콘센트에 연결하면 루메나 대용량 초음파가습기 사용 준비 완료디자인 어쩜 이리도 예쁜가요호불호 없는 무난한 화이트 색상이라 신경 쓰시는 인테리어 공간에 전혀 튀지 않고오히려 감각있고 세련된 공간을 만들어 주네요  본체 우측우로 그립감 좋은 손잡이가 있어 가습기 이동시 수월하며 통세척은 물론 무소음이라 조용해서 좋아요   또한 불투명 소재의 수조라 물의 양을 한 눈에 확인할 수 있답니다 가습기 조각방법도 굉장히 간단한데요루메나 초음파 가습기 조작방법 버튼 1회  3회  가습기 단계를 선택할 수 있으며버튼 4회  작동이 종료되고 버튼 1회 2초간 누르면 LED무드등이 켜지고 버튼 2회 2초간 누르면 LED무드등이 꺼져요   가습양은 버튼으로 쉽게 1단계부터 3단계까지  조절할 수 있는데요가을이 온 뒤로 집이 전체적으로 건조했었는데 루메나 가습기 덕분에 습도가 적절해졌어요 초음파 가습기를 주로 사용하는 공간은 머무는 시간이 길고 활동이 많은 작업실이 1순위밤사이 촉촉한 목상태를 유지해 줄 침실을 2순위로 정했어요  퇴근후에는 침실로 이동 가습기 본체에 LED무드등이 장착되어 있어서 침실에 별도 스탠드를 두지 않아서 좋아요  가습기 사이즈가 부담스럽게 크지도 아쉬울 정도로 작지 않은 사이즈라 침대옆 협탁 위에 올려 놓고 사용하기 좋아요 뿐만 아니라 아로마까지 사용할 수 있다고하니 가습기 하나로 촉촉함은 물론 피로회복까지 가능해졌어요 세척도 간편해서 쉽게 청결을 유지할 수 있고 수위감지 센서로 안심하고 사용할 수 있는 심플하고 감각적인 대용량 가정용 루메나 초음파 가습기 우리집 인테리어 살림잇템으로 저장할래요본 게시글은 업체로부터 제품을 무상으로 제공받아 작성된 사용후기입니다 ,19,0,3,350,0,0,2630.6,38,text_ad,2020-10-23,9266,9890237,인테리어·DIY,0,"[('LUMENA H4얼굴이 건조해지고 입술이 갈라지는 가을에필요한 살림잇템들 중 빼놓을 수 없는게 있다면바로 가습기가 아닐까 싶네요', 1, 0), ('그래서 오늘은간단한 사용법만큼이나 디자인까지 심플해서 홈인테리어 홈스타일링에도 튀지 않은 감각있는 인테리어 초음파 가습기 루메나 사용후기 올려봅니다 더운 여름 우리의 탁상과 휴대용 선풍으로 사랑받은 선풍기 업체 루메나가 가을을 맞아 무드등까지 장착한 대용량 가습기 H4를 출시했어요', 1, 0), ('전 모델인 H2H3는 디자인대회국제에서 여러번 수상한 이력이 있는데 이번 H4제품은 디자인은 물론 성능까지 잡았네요 10월의 어느 가을날 우리집으로 온 초음파 가습기 박스를 열어보니 사이즈도 좋고 색감과 매트함까지 마음에 드는 가습기와 어댑터 미스크캡이 들어 있어요', 1, 1), ('가습기 본체 뚜껑을 열면 수조 안쪽 바닥에는 진동자손잡이 쪽으로는 빨간색 수조표시선이 있어요', 0, 1), ('수조양 16L빨간 수조표시선까지 물을 부어 주었는데 확실히 대용량이라 물이 넉넉하게 들어가네요 기존에 사용하던 가습기는 용량이 적어서 여러번물을 채워 줬어야 했는데 지금은 한번의 충전으로 근무시간 또는 취침전 몇시간 켜두기에 좋았어요', 2, 1), ('함께 들어있는 미스트캡은 가습기 뚜껑에 끼워주고 본체 뒷부분에 전원 어댑터를 꽂은 후 콘센트에 연결하면 루메나 대용량 초음파가습기 사용 준비 완료디자인 어쩜 이리도 예쁜가요호불호 없는 무난한 화이트 색상이라 신경 쓰시는 인테리어 공간에 전혀 튀지 않고오히려 감각있고 세련된 공간을 만들어 주네요 본체 우측우로 그립감 좋은 손잡이가 있어 가습기 이동시 수월하며 통세척은 물론 무소음이라 조용해서 좋아요', 2, 1), ('또한 불투명 소재의 수조라 물의 양을 한 눈에 확인할 수 있답니다 가습기 조각방법도 굉장히 간단한데요루메나 초음파 가습기 조작방법 버튼 1회 3회 가습기 단계를 선택할 수 있으며버튼 4회 작동이 종료되고 버튼 1회 2초간 누르면 LED무드등이 켜지고 버튼 2회 2초간 누르면 LED무드등이 꺼져요 가습양은 버튼으로 쉽게 1단계부터 3단계까지 조절할 수 있는데요가을이 온 뒤로 집이 전체적으로 건조했었는데 루메나 가습기 덕분에 습도가 적절해졌어요', 2, 1), ('초음파 가습기를 주로 사용하는 공간은 머무는 시간이 길고 활동이 많은 작업실이 1순위밤사이 촉촉한 목상태를 유지해 줄 침실을 2순위로 정했어요', 1, 1), ('퇴근후에는 침실로 이동 가습기 본체에 LED무드등이 장착되어 있어서 침실에 별도 스탠드를 두지 않아서 좋아요', 0, 1), ('가습기 사이즈가 부담스럽게 크지도 아쉬울 정도로 작지 않은 사이즈라 침대옆 협탁 위에 올려 놓고 사용하기 좋아요', 2, 1), ('뿐만 아니라 아로마까지 사용할 수 있다고하니 가습기 하나로 촉촉함은 물론 피로회복까지 가능해졌어요', 2, 1), ('세척도 간편해서 쉽게 청결을 유지할 수 있고 수위감지 센서로 안심하고 사용할 수 있는 심플하고 감각적인 대용량 가정용 루메나 초음파 가습기 우리집 인테리어 살림잇템으로 저장할래요본 게시글은 업체로부터 제품을 무상으로 제공받아 작성된 사용후기입니다', 1, 1)]"
9,https://blog.naver.com/tnalalstn?Redirect=Log&logNo=222108129336,10월 6일오늘의 가내수공업 작업일기어제는 배송건으로 바쁜 하루를 보내고오늘은 재봉이 대신 테이블에 앉아DIY 애착인형만들기 키트와 기본바느질법 세탁방법 만들기설명서와 솜파우치 준비하는 날이에요내가 좋아하는 날디자인부터 상담 제작 포장 배송까지혼자서 해야하는 일이 많지만음악 들으면서 이렇게 꼼지락거리는 시간이 참 좋아요인형만들기 기본 바느질법은 이미 많이 뽑아 놓은 상태라떨어지면 재단해서 다시 채워 넣어요재단하고 남은 자투리 종이에 끄적끄적 그림도 그리며잠깐 쉬어 가기도 해요코스모스 피어 있는 가을가을한 가을바람에 살랑거리는 코스모스처럼 내 마음도 살랑살랑기본바느질법 재단을 마치고인형만들기 키트에 들어가는 솜파우치 만들기파우치에 솜 넣기전 그림부터 그려주기거울에 비친 제 모습은  영락없는 노숙자모드ㅋㅋ이라고 가내수공업 중이랍니다아침엔 쌀쌀하더니 지금은 제법 포근해요 명절 지나고나니 먹을것도 없고도시락 사러 나갔다와야겠어요잇님들 맛점하세요1 2개2개2개,12,1,0,93,0,0,2630.4,59,,2020-10-06,9266,9890236,인테리어·DIY,0,"[('10월 6일오늘의 가내수공업 작업일기어제는 배송건으로 바쁜 하루를 보내고오늘은 재봉이 대신 테이블에 앉아DIY 애착인형만들기 키트와 기본바느질법 세탁방법 만들기설명서와 솜파우치 준비하는 날이에요', 1, 0), ('내가 좋아하는 날디자인부터 상담 제작 포장 배송까지혼자서 해야하는 일이 많지만음악 들으면서 이렇게 꼼지락거리는 시간이 참 좋아요', 1, 0), ('인형만들기 기본 바느질법은 이미 많이 뽑아 놓은 상태라떨어지면 재단해서 다시 채워 넣어요', 2, 1), ('재단하고 남은 자투리 종이에 끄적끄적 그림도 그리며잠깐 쉬어 가기도 해요', 2, 1), ('코스모스 피어 있는 가을가을한 가을바람에 살랑거리는 코스모스처럼 내 마음도 살랑살랑기본바느질법 재단을 마치고인형만들기 키트에 들어가는 솜파우치 만들기파우치에 솜 넣기전 그림부터 그려주기거울에 비친 제 모습은 영락없는 노숙자모드ㅋㅋ이라고 가내수공업 중이랍니다아침엔 쌀쌀하더니 지금은 제법 포근해요', 1, 0), ('명절 지나고나니 먹을것도 없고도시락 사러 나갔다와야겠어요', 1, 0), ('잇님들 맛점하세요', 1, 0), ('1 2개2개2개', 1, 1)]"
4,https://blog.naver.com/tnalalstn?Redirect=Log&logNo=222091344849,지난주 가을맞이 주방인테리어를 위해싱크대하부장 인테리어필름 셀프 시공했는데주방 메인 LED등이 작다보니 식탁등을 켜지 않으면 어두운 느낌이 있어서 오늘 싱크대상부장에 센서 LED 무드등 설치 했어요요롷게저녁 먹자마자 설거지 덮어 놓고어디에 설치할지 고민하다가 싱크대상부장사이트에서 본 이미지컷과 달라서 약간 똑땅했음주방 메인 LED등이에요주방 메인등 치곤 짧죠ㅎㅎ기존에 사용하던 등이 망가져서 길이가 긴 LED등을 구입했는데 천장이 콘크리트라 사람을 불러야한다고사람 부르는 대신주방에 빛과 멋을 더할 LED무드등을 구입했어요2M  17800원LED선에 양면테이프가 있어서 원하는곳에 붙여주면 되요단 붙였다 떼어내면 접착력이 약해지니 신중하게 결정하는걸로밝기조절은 3단계까지 가능한데티가 별로 안나서 최대 밝기로 해놨어요센서 LED무드등 ON모든등은 OFF실제 밝기보다 사진이 더 밝게 잡아주네요남편이 보더니 연극무대 같다고센서무드등으로 샀는데아직 적응중인지 센서 작동이 안되고 있네요기다려봐야겠어요 생각했던것 만큼 밝지는 않지만 불끄고 앉아 있으니 은은한게 심야식당에 온 기분이네요빛을 더한 우리집 주방인테리어다음주에는 셀프로 싱크대하부장 리폼하기 올릴게요모두 편안한 저녁시간 보내세요,12,0,0,116,0,0,2630.2,62,,2020-09-16,9266,9890235,인테리어·DIY,0,"[('지난주 가을맞이 주방인테리어를 위해싱크대하부장 인테리어필름 셀프 시공했는데주방 메인 LED등이 작다보니 식탁등을 켜지 않으면 어두운 느낌이 있어서 오늘 싱크대상부장에 센서 LED 무드등 설치 했어요', 1, 1), ('요롷게저녁 먹자마자 설거지 덮어 놓고어디에 설치할지 고민하다가 싱크대상부장사이트에서 본 이미지컷과 달라서 약간 똑땅했음주방 메인 LED등이에요', 1, 0), ('주방 메인등 치곤 짧죠ㅎㅎ기존에 사용하던 등이 망가져서 길이가 긴 LED등을 구입했는데 천장이 콘크리트라 사람을 불러야한다고사람 부르는 대신주방에 빛과 멋을 더할 LED무드등을 구입했어요', 1, 0), ('2M 17800원LED선에 양면테이프가 있어서 원하는곳에 붙여주면 되요단 붙였다 떼어내면 접착력이 약해지니 신중하게 결정하는걸로밝기조절은 3단계까지 가능한데티가 별로 안나서 최대 밝기로 해놨어요', 2, 1), ('센서 LED무드등 ON모든등은 OFF실제 밝기보다 사진이 더 밝게 잡아주네요', 2, 1), ('남편이 보더니 연극무대 같다고센서무드등으로 샀는데아직 적응중인지 센서 작동이 안되고 있네요기다려봐야겠어요', 0, 1), ('생각했던것 만큼 밝지는 않지만 불끄고 앉아 있으니 은은한게 심야식당에 온 기분이네요', 1, 0), ('빛을 더한 우리집 주방인테리어다음주에는 셀프로 싱크대하부장 리폼하기 올릴게요모두 편안한 저녁시간 보내세요', 1, 0)]"
0,https://blog.naver.com/tnalalstn?Redirect=Log&logNo=222084803799,책장 정리하다가 상자에 담겨 있는 인테리어소품 집모양 미니어처 발견 동네 꽃집에 꽃포장 아르바이트 갔다가 사장님이 화분선반장 만들고 버렸던 자투리나무 주어와서 만들었던 업사이클링 인테리어소품집모양 미니어처  반가운 마음에 올려봅니다 사이즈가 제각각으로 남겨진 나무조각을 주어다가 만든 100 핸드메이드 집모양 미니어처 사이즈가 제각각이라 오히려 더 재밌게 작업할 수 있었던 자투리나무 6개 15개 정도 가져와서 6개만 남기고 나눔 했더랬지요  취미중 하나가 리폼이라 사포 정도는집에 항시 대기 톱으로 윗부분만 집모양처럼 만드느라 여기저기 날까롭고 모서리도 거칠기 때문에 사포질을 꼭 해야해요 집모양 미니어처 만들기 재료집모양 자투리나무 사포 목장갑 아크리물감 물 붓 스케치할 종이와 펜 1 사포로 모든 모서리를 비롯해 면까지 전체 부드럽게 사포질을 해주고 2 집모양 자투리나무에 어떤 그림을 그려 넣을지 스케치해줍니다 3 나무조각 위에 연필로 스케치를 한 후 원하는 색의 아크릴물감을 칠해줍니다 하나씩 하나씩 그리다보면 재밌어서누가 말리지 않으면 밤새도록 그릴 것 같은 업사이클링 핸드메이드 취미생활이에요 인형들 때문에 빛도 못보고 몇 년 동안 책장안 상자에 담겨 있던 집모양 미니어처들지금이라도 작업실에 다같이 모여 앉아 간식 먹으며 자투리나무로 집모양이든 아니면 미니 액자든 함께 만들면 참 좋을텐데 코로나로 모든게 쉽지 않네요 자투리나무에 그리고 싶은 그림을 담으며 마음의 평안을 찾는 나란 여자  이런 시간이 참 소중하고 좋네요 동대문시장 갔다가 키링제작을 위해 사온 찰리브라운과 미국에 사는 조카가 기념으로 준 미니스쿨버스와 함께 놓으니 스토리가 만들어지는 느낌이네요버려지는 자투리나무로 만든 인테리어소품이라 더 의미있는 업사이클링 집모양 미니어처 코로나가 빨리 종식되어 함께 미니어처 만드는 날을기다려 봅니다 ,20,0,0,212,41,0,2630.0,62,,2020-09-09,9266,9890234,인테리어·DIY,"['포스팅 잘 보고 갑니다^^', '감사합니다~^^', '집에 자투리 나무 너무 많은데, 아이에게 정말 좋을 것 같네요. ^^ 이 번주 숙제가 생겼네요. !!', '정말요?그럼 한번 만들어 보세요.아크릴물감 아니더라도 색연필이나 색역필로도 만들면 예뻐요~^^', '수미님의 아이디어는 도대체 어디서 다 나오는걸 까요?능력이 정말 부럽습니다~너무 예뻐요~', '뭐하나 쉽게 버리지 못하다고니 자꾸 예쁜? 쓰레기를 만들게 되네요ㅎㅎ인형만들기만큼 이런 소소한 만들기도 넘 재밌어요^^', '대박너무예쁩니다', '감사해요~^^편안한 밤 되세요.감기조심하시구요~', '우와~ 금손이시네요!! 전 파는 건 줄 알았어요~ 업사이클링 할 맛 나시겠어요😍😍', '과찬이세요^^워낙 실력자들이 많아서..업사이클링의 매력은 끝이 없는것 같아요.그래서 뭐든 쉽게 버리지 못하기도 하지만요', '아 사진이 너무예뻐서 안들어올 수 없었어요작품인데요?!^^', 'ㅎㅎㅎ 그랬군요~^^들어와 주셔서 감사해요♡작품이란 말에 으~~쓱ㅋㅋ', '너무 이뻐요~♡수미님홈카페에서 자주 등장하겠어요^^', '이쁘게 봐주셔서 감사해요~^^마스크 벗고 테이블에 둘러 앉아 만들날이 왔음 좋겠네요.', '버리는 자투리도 금손 만나니 작품으로 변신!! 넘나 귀여운 미니어처들~^^', '못버리는 병에 걸린 1인ㅎㅎㅎ이런거 만들때 자동 힐링~^^밤공기 차네~ 감기조심, 코로나조심♡', '우아 직접 만드시다니 진짜 대단하셔요👍🏻👍🏻👍🏻', '재밌는 만들기 놀이예요~^^♡꼼지락거리기 딱 좋죠', '우와 ㅎㅎ 금손이셔요 :)너무 너무 귀여운데요 ?!', '귀엽게 봐주셔서 감사합니다~^^편안한 밤 되세요~~', '뭐든지 뚝뚝딱딱 잘 만드시네요.수강생하고 싶은 맘요.ㅎㅎ', '뚝딱놀이는 언제나 즐거워요~저도 코로나만 아니면 홈클래스 열고 싶네요ㅜㅜ', '온라인으로 안될까요?나무 재료만 보내주시고,붓이랑 물감은 각자가 준비~~줌~같은걸로 ㅎㅎ', '미니어처 집은 나두 참 좋아하는데 자투리가 있어도 만들 틈이 없네.귀여워.찰리브라운이랑 미니 카랑 넘 잘 어울린다', '없는게 없는 히히제로~^^자투리나무는 못버리겠어.. 짐정리하면서 버리려고 마대에나무들 담아 놓았다가 다시 들고 들어옴ㅋㅋ납득이는 다 맹글었나 오바~~^^', '오~~~ 너무 이쁘네요~~ !!', '감사합니다~~~^^편안한 밤 되세요', '미니어처집 너무 귀여워서저 이거 눈에 띄면 막 사는데,금손이신 수미조아님은 자투리 나무토막만 있으면뚝딱 만드실 수 있으니넘 부러워요♡', '귀엽게 봐주셔서 감사 감사요~^^저도 요론거 보면 박수가 절로 나오는데~마침 자투리나무가 있어서 만들어봤어요. 다음에 또 생기면 그땐 나눔할게요~^^']","[('책장 정리하다가 상자에 담겨 있는 인테리어소품 집모양 미니어처 발견 동네 꽃집에 꽃포장 아르바이트 갔다가 사장님이 화분선반장 만들고 버렸던 자투리나무 주어와서 만들었던 업사이클링 인테리어소품집모양 미니어처 반가운 마음에 올려봅니다 사이즈가 제각각으로 남겨진 나무조각을 주어다가 만든 100 핸드메이드 집모양 미니어처 사이즈가 제각각이라 오히려 더 재밌게 작업할 수 있었던 자투리나무 6개 15개 정도 가져와서 6개만 남기고 나눔', 2, 1), ('했더랬지요', 0, 1), ('취미중 하나가 리폼이라 사포 정도는집에 항시 대기 톱으로 윗부분만 집모양처럼 만드느라 여기저기 날까롭고 모서리도 거칠기 때문에 사포질을 꼭 해야해요', 1, 0), ('집모양 미니어처 만들기 재료집모양 자투리나무 사포 목장갑 아크리물감 물 붓 스케치할 종이와 펜 1 사포로 모든 모서리를 비롯해 면까지 전체 부드럽게 사포질을 해주고 2 집모양 자투리나무에 어떤 그림을 그려 넣을지 스케치해줍니다 3 나무조각 위에 연필로 스케치를 한 후 원하는 색의 아크릴물감을 칠해줍니다', 1, 1), ('하나씩 하나씩 그리다보면 재밌어서누가 말리지 않으면 밤새도록 그릴 것 같은 업사이클링 핸드메이드 취미생활이에요', 1, 0), ('인형들 때문에 빛도 못보고 몇 년 동안 책장안 상자에 담겨 있던 집모양 미니어처들지금이라도 작업실에 다같이 모여 앉아 간식 먹으며 자투리나무로 집모양이든 아니면 미니 액자든 함께 만들면 참 좋을텐데 코로나로 모든게 쉽지 않네요', 1, 0), ('자투리나무에 그리고 싶은 그림을 담으며 마음의 평안을 찾는 나란 여자 이런 시간이 참 소중하고 좋네요', 1, 0), ('동대문시장 갔다가 키링제작을 위해 사온 찰리브라운과 미국에 사는 조카가 기념으로 준 미니스쿨버스와 함께 놓으니 스토리가 만들어지는 느낌이네요버려지는 자투리나무로 만든 인테리어소품이라 더 의미있는 업사이클링 집모양 미니어처 코로나가 빨리 종식되어 함께 미니어처 만드는 날을기다려 봅니다', 1, 0)]"
1,https://blog.naver.com/tnalalstn?Redirect=Log&logNo=222050304120,지난주 금요일 휴가 첫 날친친동생부부와 포천허브랜드에 다녀왔는데요너무 오랜만에 갔는데 정말 많이 변했더라고요 볼거리가 너무 많아서 가다 서다를 반복하며 모처럼 눈호강 제대로 하고 온 포천허브랜드 오늘부터 조금씩 부스별로 보여 드릴게요앙증맞고 예쁜 미니어처 인테리어소품 좋아하시는 분들 사진 보면서 힐링하고 가세요 포천허브랜드 체험관에 전시되어 있는 홈카페 인테리어장식 미니어처들 사이즈가 정말 작은데 정교감이 말도 못해요  사진으로는 크기가 가늠이 안되지만 보통 찻잔세트에 58cm정도 크기예요 이렇게 작은걸 어떻게 만들었을까 싶네요 이런 예쁜 미니어처를 보면 제가 막 작아지는 느낌이에요 사실 예쁜 인테리어소품이나 장식용품보면 자동으로 눈이 커지고 돌고래 소리가 나오는데요다만 소장하지는 않아요 예쁘다 예쁘다 하면서 만족감을 채우는 스타일이에요 홈카페 찻잔 미니어처 옆으로영화속에 들어온 듯한 느낌이 들었던 미니어처들 미니어처들은 역시 모아 놓아야 더 빛이 나는 것 같아요 미니어처하우스가 제법 근사하죠섬세하게 표현된 소파와 아기침대 손으로 집기 조차 어려운 램프와 향수까지 완전 너무 귀엽고 앙증맞네요 요즘 취미생활로 미니어처꾸미기 하시는 분들 많으시던데 이제 막 미니어처꾸미기 시작한 분들이라면 보자마자 저처럼 돌고래 소리 절로 나올 각이에요  저기 저 테이블 위에 피자랑 체리 어쩔거얌 ㅋㅋ 참고로 저 체리 보리보다 작아요 ㅋㅋ그 외에도 폭 30CM정도 크기의 박스 안을 꾸민 다양한 공간도 전시되어 있어요 쪼매난 소품 하나 하나 정교하게 만들어서 원단까지 착착 접어 넣었는데 요건 갖고 싶더군요 보고만 있어도 기분 좋아지는 DIY 취미생활로도 좋은 인테리어 미니어처하우스 소품다음엔 프랑스인형 담아 볼게요헨드메이드 인형 관심있는 분들 구경 오세요계속되는 비로 피해 없으시길 바래요 제발,11,0,0,205,20,0,2630.0,48,,2020-08-03,9266,9890234,인테리어·DIY,"['수미님도 비조심이요~~~미니어처들 너무 귀여워요!!저희 어머님 집에 있는거 2개 발견해서 더 반갑네요~~^^', '너무 귀엽고 신기해서 눈을 뗄 수 없었답니다 ^^세상엔 이쁜게 너~~무 많아요 ^^', '장마가 길어져\n많이힘든데\n좋은포스팅 보고 힘을내고갑니다..\n앞으로 좋은포스팅 부탁드릴꼐요^^\n자주놀러오겠습니다~~', '그러게요~~ 경기는 14일까지 온다고하니 이번 여름은 망했어요 ㅠ.ㅠ제발 코로나랑 함께 멈춰주길.... 폭우와 태풍에 주의하시구요~', '미니어처 언제봐도 예쁨이죠.빠져들게 만드는 매력~^^그나저나 비 많이 오죠?대전은 한바탕 지나갔는데 위쪽은 더 심각하더라고요비 피해 없으시길...', '그죠?? 언제봐도 예쁜 미니어처들... 근데 이상하게 구매하게 되진 않네요.ㅎㅎㅎ저희 동네는 오전에 비가 오락가락하고 바람이 거세가 불더니 지금은 비만 잔뜩 내려요. 일하기 너무 힘든 날이네요. 초록여신님도 비 피해 없으시길 바래요~ ^^', '미니어처 하우스 만드시는 분들 보면손이 정말 섬세해야 할 수 있겠다는 생각이 들어요!디테일 하나하나가 눈을 크게 뜨고 보게 만드네요♡♡ 휴가 잘 보내고 계신가요?수미조아님도 비 피해 없으시길 기도드릴게요!', '피나님 닉네임이 줄었네요 ^^ ㅎㅎㅎ요즘 취미생활로 미니어처하우스 만드는 분들이 많아진 것 같아요. 이런건 큰 테이블에 재료 놓고 앉아서 다같이 만들면 정말 재밌는데 말이죠~^^ 휴가는 금토일 3일로 끝났어요. 3일 내내 비가와서 속땅해요 ㅠ.ㅠ9월에 봐서 다시 가야할 것 같아요. ㅎㅎ피나님도 비 피해 없도록 조심 또 조심하시구요~이럴때일수록 건강 잘 챙기세요^^', '장마로힘들었는데\n좋은포스팅보고갑니다\n자주놀러오겠습니다\n수고하세요~', '감사합니다 ^^ 힘들땐 힘나는거 보면서 으랏차차!!!', '정말 보기만해도 힐링이 되네요~', '저런 정교한 미니어처 하나로 집 분위기를 확 바꿔줄 수 있죠😊한 편의 영화 속 같은 미니어처들, 공유 감사합니다!일상 속 휴식 이야기가 담긴 스트레스리스 블로그에도 놀러오세요!즐거운 시간 보내세요😊', '너무 예뻐요! 저도 저런거 정말 좋아하는데~~ 기회가된다면 저도한번 도전해보겠습니다 ㅎㅎ']","[('지난주 금요일 휴가 첫 날친친동생부부와 포천허브랜드에 다녀왔는데요', 1, 0), ('너무 오랜만에 갔는데 정말 많이 변했더라고요 볼거리가 너무 많아서 가다 서다를 반복하며 모처럼 눈호강 제대로 하고 온 포천허브랜드 오늘부터 조금씩 부스별로 보여 드릴게요앙증맞고 예쁜 미니어처 인테리어소품 좋아하시는 분들 사진 보면서 힐링하고 가세요', 1, 0), ('포천허브랜드 체험관에 전시되어 있는 홈카페 인테리어장식 미니어처들 사이즈가 정말 작은데 정교감이 말도 못해요', 2, 1), ('사진으로는 크기가 가늠이 안되지만 보통 찻잔세트에 58cm정도 크기예요', 0, 1), ('이렇게 작은걸 어떻게 만들었을까 싶네요', 2, 1), ('이런 예쁜 미니어처를 보면 제가 막 작아지는 느낌이에요', 0, 1), ('사실 예쁜 인테리어소품이나 장식용품보면 자동으로 눈이 커지고 돌고래 소리가 나오는데요', 2, 1), ('다만 소장하지는 않아요', 0, 1), ('예쁘다 예쁘다 하면서 만족감을 채우는 스타일이에요', 1, 0), ('홈카페 찻잔 미니어처 옆으로영화속에 들어온 듯한 느낌이 들었던 미니어처들 미니어처들은 역시 모아 놓아야 더 빛이 나는 것 같아요', 1, 0), ('미니어처하우스가 제법 근사하죠', 1, 1), ('섬세하게 표현된 소파와 아기침대 손으로 집기 조차 어려운 램프와 향수까지 완전 너무 귀엽고 앙증맞네요', 1, 0), ('요즘 취미생활로 미니어처꾸미기 하시는 분들 많으시던데 이제 막 미니어처꾸미기 시작한 분들이라면 보자마자 저처럼 돌고래 소리 절로 나올 각이에요', 1, 0), ('저기 저 테이블 위에 피자랑 체리 어쩔거얌 ㅋㅋ 참고로 저 체리 보리보다 작아요 ㅋㅋ', 1, 1), ('그 외에도 폭 30CM정도 크기의 박스 안을 꾸민 다양한 공간도 전시되어 있어요', 0, 1), ('쪼매난 소품 하나 하나 정교하게 만들어서 원단까지 착착 접어 넣었는데 요건 갖고 싶더군요 보고만 있어도 기분 좋아지는 DIY 취미생활로도 좋은 인테리어 미니어처하우스 소품다음엔 프랑스인형 담아 볼게요헨드메이드 인형 관심있는 분들 구경 오세요', 1, 0), ('계속되는 비로 피해 없으시길 바래요 제발', 1, 1)]"
2,https://blog.naver.com/tnalalstn?Redirect=Log&logNo=222038775514,자투리 원단을 활용하거나 한 땀 한 땀 수 놓아 완성한 프랑스자수나 화이트 하덴거자수 그리고 레이스 원단으로 감성돋는 diy인테리어 소품을 만들어 볼 수있는 취미생활추천 diy 수틀 액자 만들기 너무 쉽기도하고 많은 분들이하고 계신 수틀 액자 만들기 저도 만들어 보았어요 몇 년전 취미로 프랑스자수 하면서 사용하던 수틀과 친구가 준 이니셜A 프랑스자수 원단으로완성한 수틀액자 쿠션이나 에코백 만들까 했는데 먼저 거실인테리어소품으로 액자부터 만들었어요 몇년전까지만해도 프랑스자수와 히데보자수를 배워서 틈날때마다 가방 파우치 테이블매트 등 만들었는데 지금은 눈이 침침해져서 쉽게 손이 가지 않네요 그럼 참 쉬운 수틀액자 만들어 볼게요수틀 액자 만들기는 정말 간단해요 원단에 곱게 수 놓은 이니셜 꽃자수 원단과 사이즈에 맞는 수틀을 준비합니다  겹쳐 있는 수틀안쪽 바깥쪽을 풀어 안쪽 수틀을 바닥에 놓고   그 위에 이니셜이 보이도록 원단을 배치합니다 원단이 울거나 흔들리지 않게 팽팽하게 하여 바깥 수틀을 끼워주고 뒤로 돌린 후 원단을 수틀 안쪽으로 곱게 접어 줍니다 테이프로 원단이 움직이지 않게 고정시켜 줍니다 넘나 간단하게 프랑스자수 수틀 액자가 완성 되었어요  꽃자수를 놓은 원단만으로도 충분히 예쁘지만 이렇게 수툴에 끼워 벽에 걸 수 있게 액자처럼 만들어주면 갬성이 모락모락 피어 올라요수틀 나사 조임 부분에 원하는 색상의 끈이나아니면 끈이 보이는게 싫을 경우 낚시줄을 이용해서 끼워 주면 끝 요롷게 거실 전신거울 옆에 걸어 주었어요 걸때는 따로 나사나 못을 박지 않고 시침핀으로 꽂아주시면 돼요 자국도 나지 않으면서 수틀이 무겁지 않아서 시침핀으로도 충분히 고정 이동 설치가 가능해요 정말 별거 아니지만 집에 있는 수틀과 친구가 만든 꽃자수원단으로 수틀 액자를 만들다보면 그 순간 만큼은 기분이 참 좋아져요  꼭 바느질이 아니라도 하루 종일 친구들과 이것 저것 만들기 놀이하면서 즐겁고 유쾌한 홈클래스를 하고 싶은 요즘이라 더 그런 것 같아요 왜이리 자꾸 꼼지락거리고 싶은건지 하나 만들고 나니 왜이리 재밌는지 자투리 원단에 그림을 그려 수틀액자 만들려다가 쓰고 남은 레이스원단이 있어서 위의 방법과 같이 수틀에 끼워 주었어요  이대로도 밋밋한게 참 예쁘죠원단에 따라 다른 분위기를 연출 할 수 있어서 개인적으로 참 좋아하는 취미 DIY 소품이에요 미니 수틀액자는 끈을 달지 않고 시침핀을 꽂아 걸어 주었어요 밋밋하고 깔끔한 느낌도 좋았지만 강아지풀과 꼬꼬닭 레고와 수미조아 나무소품이 있어서 꾸며 보았어요 나이가 들어도 여전히 꼼지락거리는걸 좋아하는 1인 꼬부랑 할머니가 되어도 뭐 만들거 없나 찾아 다니며 이것 저것 만들며 살 것 같아요 함께 할 수 있는 친구할머니가 있다면 더 좋고 별거 아니지만 기분을 좋게하는 취미생활추천 DIY 프랑스자수 수틀액자만들기 집에 잠자고 있는 수틀이 있다면 원단으로 감성돋는 예쁜 수틀액자 만들어 보세요 0,22,0,0,358,7,0,2630.2,63,,2020-07-22,9266,9890235,인테리어·DIY,"['와~~집 분위기와도 너무 잘 어울립니다^^', '레이스 느낌 자투리 원단 느낌 너무 좋아용자수 수틀이랑 레이어드 되니 더 이뻐요', '수틀자체로 네추럴인테리어가되는듯요~^^ 자수...대박..넘이쁘요~~~', '간단한 방법으로 분위기를 바꿀수 있는 좋은 아이템인걸요~갬성 돋아요~~~^^', '자수틀도 멋진 인테리어 아이템이 될 수 있네요^^수미조아님 집 분위기와도 넘나 잘 어울려요♡', '손재주가좋으세요 정말!']","[('자투리 원단을 활용하거나 한 땀 한 땀 수 놓아 완성한 프랑스자수나 화이트 하덴거자수 그리고 레이스 원단으로 감성돋는 diy인테리어 소품을 만들어 볼 수있는 취미생활추천 diy 수틀 액자 만들기 너무 쉽기도하고 많은 분들이하고 계신 수틀 액자 만들기 저도 만들어 보았어요', 1, 0), ('몇 년전 취미로 프랑스자수 하면서 사용하던 수틀과 친구가 준 이니셜A 프랑스자수 원단으로완성한 수틀액자 쿠션이나 에코백 만들까 했는데 먼저 거실인테리어소품으로 액자부터 만들었어요', 1, 0), ('몇년전까지만해도 프랑스자수와 히데보자수를 배워서 틈날때마다 가방 파우치 테이블매트 등 만들었는데 지금은 눈이 침침해져서 쉽게 손이 가지 않네요', 1, 0), ('그럼 참 쉬운 수틀액자 만들어 볼게요수틀 액자 만들기는 정말 간단해요', 1, 0), ('원단에 곱게 수 놓은 이니셜 꽃자수 원단과 사이즈에 맞는 수틀을 준비합니다', 1, 1), ('겹쳐 있는 수틀안쪽 바깥쪽을 풀어 안쪽 수틀을 바닥에 놓고 그 위에 이니셜이 보이도록 원단을 배치합니다', 1, 1), ('원단이 울거나 흔들리지 않게 팽팽하게 하여 바깥 수틀을 끼워주고 뒤로 돌린 후 원단을 수틀 안쪽으로 곱게 접어 줍니다', 2, 1), ('테이프로 원단이 움직이지 않게 고정시켜 줍니다 넘나 간단하게 프랑스자수 수틀 액자가 완성 되었어요', 1, 0), ('꽃자수를 놓은 원단만으로도 충분히 예쁘지만 이렇게 수툴에 끼워 벽에 걸 수 있게 액자처럼 만들어주면 갬성이 모락모락 피어 올라요수틀 나사 조임 부분에 원하는 색상의 끈이나아니면 끈이 보이는게 싫을 경우 낚시줄을 이용해서 끼워 주면 끝 요롷게 거실 전신거울 옆에 걸어 주었어요', 1, 0), ('걸때는 따로 나사나 못을 박지 않고 시침핀으로 꽂아주시면 돼요 자국도 나지 않으면서 수틀이 무겁지 않아서 시침핀으로도 충분히 고정 이동 설치가 가능해요', 2, 1), ('정말 별거 아니지만 집에 있는 수틀과 친구가 만든 꽃자수원단으로 수틀 액자를 만들다보면 그 순간 만큼은 기분이 참 좋아져요', 1, 0), ('꼭 바느질이 아니라도 하루 종일 친구들과 이것 저것 만들기 놀이하면서 즐겁고 유쾌한 홈클래스를 하고 싶은 요즘이라 더 그런 것 같아요', 1, 0), ('왜이리 자꾸 꼼지락거리고 싶은건지 하나 만들고 나니 왜이리 재밌는지 자투리 원단에 그림을 그려 수틀액자 만들려다가 쓰고 남은 레이스원단이 있어서 위의 방법과 같이 수틀에 끼워 주었어요', 1, 1), ('이대로도 밋밋한게 참 예쁘죠원단에 따라 다른 분위기를 연출 할 수 있어서 개인적으로 참 좋아하는 취미 DIY 소품이에요', 1, 0), ('미니 수틀액자는 끈을 달지 않고 시침핀을 꽂아 걸어 주었어요', 0, 1), ('밋밋하고 깔끔한 느낌도 좋았지만 강아지풀과 꼬꼬닭 레고와 수미조아 나무소품이 있어서 꾸며 보았어요', 1, 0), ('나이가 들어도 여전히 꼼지락거리는걸 좋아하는 1인 꼬부랑 할머니가 되어도 뭐 만들거 없나 찾아 다니며 이것 저것 만들며 살 것 같아요', 1, 0), ('함께 할 수 있는 친구할머니가 있다면 더 좋고 별거 아니지만 기분을 좋게하는 취미생활추천 DIY 프랑스자수 수틀액자만들기 집에 잠자고 있는 수틀이 있다면 원단으로 감성돋는 예쁜 수틀액자 만들어 보세요', 1, 0), ('0', 1, 0)]"
10,https://blog.naver.com/tnalalstn?Redirect=Log&logNo=222010145569,카페베네와 함께한 커피원두 파우치 만들기벌써 5년전이네창업 아이템으로 커피 원두자루를 주 소재로 하였으니커피원두자루를 지속적으로 제공 받을 수 있는업체를 찾다가 만난 카페베네카페베네 덕분에 원재료 걱정을 덜었고더불어 첫 주문까지 해주셔서 감사했던 그날을 잊지 못한다일주일동안 동료와 남편의 도움으로밤낮 모르고 하루종일 작업실 두 곳을 번갈아 가며거북목이 될 정도로 열일하던 그때를 어떻게 잊겠는가지금 생각하면 사업의 사자도 모르던 우리가견적서를 작성하고 디자인부터 제작에 배송까지 가능했던건서로를 믿지 않았다면 불가능한 일이 였을 것이다그래서 그때가 참 그립다혼자가 아닌 둘이였기에 더 힘나고 든든하고즐거웠던 우리의 창작활동이함께했던 동료는 육아로 인해 다시 자신의 자리로 돌아가고나는 커피원두 소재가 아닌 인형도안 디자인으로 전환지금은 인형도안 디자인과 함께인형쿠션diy패키지사은품굿즈등을 제작하고 있지만여전히 커피 원두자루는 매력적이다카페베네에서 주문한 커피파우치 900개그 뒤로 몇백개 주문도 거뜬하게 만들었었다카페 오픈기념 개인소장 선물용 업사이클링 만들기패키지카페 인테리어소품으로 주문 받았던 커피원두자루 소품작업 환경이 지금보다 좋아진다면다시 작업하고 싶다쌓아둔 재료는 언제쯤 빛을 보려나  해,5,0,0,121,0,0,2630.4,59,text_ad,2020-06-23,9266,9890236,인테리어·DIY,0,"[('카페베네와 함께한 커피원두 파우치 만들기벌써 5년전이네창업 아이템으로 커피 원두자루를 주 소재로 하였으니커피원두자루를 지속적으로 제공 받을 수 있는업체를 찾다가 만난 카페베네카페베네 덕분에 원재료 걱정을 덜었고더불어 첫 주문까지 해주셔서 감사했던 그날을 잊지 못한다일주일동안 동료와 남편의 도움으로밤낮 모르고 하루종일 작업실 두 곳을 번갈아 가며거북목이 될 정도로 열일하던 그때를 어떻게 잊겠는가지금 생각하면 사업의 사자도 모르던 우리가견적서를 작성하고 디자인부터 제작에 배송까지 가능했던건서로를 믿지 않았다면 불가능한 일이 였을 것이다', 0, 1), ('그래서 그때가 참 그립다혼자가 아닌 둘이였기에 더 힘나고 든든하고즐거웠던 우리의 창작활동이함께했던 동료는 육아로 인해 다시 자신의 자리로 돌아가고나는 커피원두 소재가 아닌 인형도안 디자인으로 전환지금은 인형도안 디자인과 함께인형쿠션diy패키지사은품굿즈등을 제작하고 있지만여전히 커피 원두자루는 매력적이다카페베네에서 주문한 커피파우치 900개그 뒤로 몇백개 주문도 거뜬하게 만들었었다카페 오픈기념 개인소장 선물용 업사이클링 만들기패키지카페 인테리어소품으로 주문 받았던 커피원두자루 소품작업 환경이 지금보다 좋아진다면다시 작업하고 싶다쌓아둔 재료는 언제쯤 빛을 보려나 해', 1, 0)]"
11,https://blog.naver.com/tnalalstn?Redirect=Log&logNo=221795733379,클라라가 올해도 소장각 책을 이벤트로 들고 왔어욤첫 스타트는 언제나 활기차게지난 2년동안 도시여자가 시골살이 하면서 어울리지 않게 의기소침 해있고 세상 다잃은 것처럼 축 쳐져 있다가ㅋㅋㅋㅋ3년 시작 되는 이시점에시골을 평정해보고자  아무도 알아주지 않는데 혼자만 분주합니다ㅎㅎㅎㅎㅎ신나게 시작 해보는 활기차고 발랄한 서평이벤트 진행 합니다주부재봉씨의 아이디어 소품 33귀엽고 사랑스러운 가방과 파우치 만들기 저작권도 프리하고 상업용도도 OK유튜브 동영상도 수록이 되어 있어 더욱 쉽게 배워볼 수 있어요정말 매력만점귀엽고 사랑스러운 가방과 파우치 만들기 색감마저고 귀엽고 예쁜 작품들주부재봉씨의 아이디어까지 더해져 재밌고 실용적인 아이템들이 소개되어 있어요재봉틀이 없다면 손바느질로도 가능한  비교적 쉬운 작품들이 소개되어 있어서 초보님들도 도전해보기 좋을듯합니다PART 1간단히 만들 수 있는 기본 가방과 파우치난이도가 낮은 작품들로 직선재단을 이용한 납작한 스타일의 가방과 파우치 아이템재밌는 기법도 가득원단 한장으로 쉽게 만들어 볼 수 있는 파우치 랍니다설명도 꼼꼼하고 자세히 되어 있어서 놓치는 부분 없이 쉽게 따라해 볼 수 있어요이런 유니크한 가방도 실용성 굿원단이 참 예쁜 손잡이 다는 법이 독특한 가방디자인도 심플해서 많이 들고 다니게 될것 같아요PART 2반짝반짝 아이디어가 빛나는 가방과 파우치기본적인 파우치를 만들며 워밍업을 해보셨다면 반짝이는 아이디어를 더한 기능성 있는 파우치에 도전해 보세요큼지막한 앞주머니가 있어서 더욱 실용성 있는 미니 보스턴백좀 크게 확대 해서 크게 만들면 여행가방으로도 활용가능할것 같아요이 가방은 저도 몇년전에 많이 만들었었는데 손은 좀 가지만 실용성은 굿이랍니다조개모양 둥근파우치는 오늘 당장 만들어 봐야 겠어요동글동글 귀엽고 여러모로 사용하기 좋을것 같아요PART3수납력이 돋보이는 실용만점 가방과 파우치이번엔 좀더 디테일하게인테리어 소품활용도 좋고 그대로 들고 나가면 가방활용도 좋은 아이디어 가득한 가방과 파우치에요큰 우유가 생각나는 재밌는 필통반짝이는 아이디어가 정말 새롭네요원단마저도 찰떡궁합귀엽고 예쁜 필통이에요한작품 한작품 워낙 디테일하게 설명이 잘되어 있어요굳이 동영상을 보지 않아도 될정도로 자세히 수록이 되어 있답니다그래도 초보분들은 아직 익숙치 않아 도안보는 법이 힘들 수 있으니 동영상을 보면 좀 더 쉽게 접근할 수 있을것 같아요실물도안겹친도안이 아니라 초보분들도 당황하지 않고 바로 사용할 수 있어서아주아주 굿굿굿이런 책은 그야말로 소장각이지요하나 가지고 있으면 두고두고 아이디어가 퐁퐁 쏟아지는 책클라라 서평이벤트1이글은 본인 블로그에 전체 공개로 담아주신후 URL남겨주세요2클라라와 이웃인분만 참여해주세요이웃이 아니에요 그럼 이웃추가를 해주세요3당첨되시면 꼭본인 블러그에 서평 남겨주시는건 필수간단하게라도 남겨주시는 쎈스기간 2월4일2월10일발표2월10일당첨인원 5명2월10일 꼭 당첨확인하세요마스크 꼭 착용하고 다니시고 건강조심하세요               ,19,1,0,303,0,0,2630.4,0,,2020-02-04,9266,9890236,인테리어·DIY,0,"[('클라라가 올해도 소장각 책을 이벤트로 들고 왔어욤첫 스타트는 언제나 활기차게지난 2년동안 도시여자가 시골살이 하면서 어울리지 않게 의기소침 해있고 세상 다잃은 것처럼 축 쳐져 있다가ㅋㅋㅋㅋ3년 시작 되는 이시점에시골을 평정해보고자 아무도 알아주지 않는데 혼자만 분주합니다ㅎㅎㅎㅎㅎ', 1, 0), ('신나게 시작 해보는 활기차고 발랄한 서평이벤트 진행 합니다', 1, 0), ('주부재봉씨의 아이디어 소품 33귀엽고 사랑스러운 가방과 파우치 만들기 저작권도 프리하고 상업용도도 OK유튜브 동영상도 수록이 되어 있어 더욱 쉽게 배워볼 수 있어요', 2, 1), ('정말 매력만점귀엽고 사랑스러운 가방과 파우치 만들기 색감마저고 귀엽고 예쁜 작품들주부재봉씨의 아이디어까지 더해져 재밌고 실용적인 아이템들이 소개되어 있어요', 1, 0), ('재봉틀이 없다면 손바느질로도 가능한 비교적 쉬운 작품들이 소개되어 있어서 초보님들도 도전해보기 좋을듯합니다', 1, 0), ('PART 1간단히 만들 수 있는 기본 가방과 파우치난이도가 낮은 작품들로 직선재단을 이용한 납작한 스타일의 가방과 파우치 아이템재밌는 기법도 가득원단 한장으로 쉽게 만들어 볼 수 있는 파우치 랍니다설명도 꼼꼼하고 자세히 되어 있어서 놓치는 부분 없이 쉽게 따라해 볼 수 있어요', 1, 0), ('이런 유니크한 가방도 실용성 굿원단이 참 예쁜 손잡이 다는 법이 독특한 가방디자인도 심플해서 많이 들고 다니게 될것 같아요', 1, 0), ('PART 2반짝반짝 아이디어가 빛나는 가방과 파우치기본적인 파우치를 만들며 워밍업을 해보셨다면 반짝이는 아이디어를 더한 기능성 있는 파우치에 도전해 보세요', 1, 0), ('큼지막한 앞주머니가 있어서 더욱 실용성 있는 미니 보스턴백좀 크게 확대 해서 크게 만들면 여행가방으로도 활용가능할것 같아요', 2, 1), ('이 가방은 저도 몇년전에 많이 만들었었는데 손은 좀 가지만 실용성은 굿이랍니다조개모양 둥근파우치는 오늘 당장 만들어 봐야 겠어요', 1, 0), ('동글동글 귀엽고 여러모로 사용하기 좋을것 같아요', 1, 0), ('PART3수납력이 돋보이는 실용만점 가방과 파우치이번엔 좀더 디테일하게인테리어 소품활용도 좋고 그대로 들고 나가면 가방활용도 좋은 아이디어 가득한 가방과 파우치에요', 1, 0), ('큰 우유가 생각나는 재밌는 필통반짝이는 아이디어가 정말 새롭네요', 1, 0), ('원단마저도 찰떡궁합귀엽고 예쁜 필통이에요', 1, 0), ('한작품 한작품 워낙 디테일하게 설명이 잘되어 있어요', 1, 1), ('굳이 동영상을 보지 않아도 될정도로 자세히 수록이 되어 있답니다그래도 초보분들은 아직 익숙치 않아 도안보는 법이 힘들 수 있으니 동영상을 보면 좀 더 쉽게 접근할 수 있을것 같아요', 1, 0), ('실물도안겹친도안이 아니라 초보분들도 당황하지 않고 바로 사용할 수 있어서아주아주 굿굿굿이런 책은 그야말로 소장각이지요', 1, 0), ('하나 가지고 있으면 두고두고 아이디어가 퐁퐁 쏟아지는 책클라라 서평이벤트1이글은 본인 블로그에 전체 공개로 담아주신후 URL남겨주세요', 0, 1), ('2클라라와 이웃인분만 참여해주세요', 1, 0), ('이웃이 아니에요', 1, 0), ('그럼 이웃추가를 해주세요', 0, 1), ('3당첨되시면 꼭본인 블러그에 서평 남겨주시는건 필수간단하게라도 남겨주시는 쎈스기간 2월4일2월10일발표2월10일당첨인원 5명2월10일 꼭 당첨확인하세요', 1, 1), ('마스크 꼭 착용하고 다니시고 건강조심하세요', 1, 0)]"
3,https://blog.naver.com/tnalalstn?Redirect=Log&logNo=221591372580,어제 저녁에 친구네 갔는데 친구네 집에 틸란드시아가 있길래 얼마나 키웠냐고 물어봤을 뿐인데 가져가서 키우라면 선물해줬어요간만에 화원에 갔는데 이걸 팔길래 냉큼 데려왔다고 틸란드시아는 겉에 하얀색 가루같은게 붙어있는데요이게 미세먼지를 잘 잡는다고해서꾸준히 인기가 많다고해요그래서 저도 친구가 주길래 주방에 걸어두면좀 도움이 될까 싶어서 걸어놨답니다  며칠전부터 습하더니 미세먼지도 오락가락아침에 오면 좋았다가 저녁에 보면 다시 나쁨인 이 미세먼지를 어쩌며 좋을지 집 공기청정기에 있기는 한데 워낙 문 열어 놓고 일하는 편이라 그때뿐이고 그렇다고 답답하게 문을 닫아 놓고 살기는 싫고 아직 에어컨 켜기는 낭비 같지만 그래도 짜증나는 것 보다는 전기세 얼마 나오지 않으니 그냥 켜는게 좋을 것 같아요 그나저나 요즘 공기도 공기지만 매트리스가 제일 문제 오래돼서 그런건지 아니면 미세먼지 때문인지 침구청소기로자주 밀어주는데도 침대에만 누우면 어찌나 재채기가 나오는지 안그래도 요즘에 매트리스도 바꾸면서 침대 프레임도 바꾸고 싶었던 참이였는데 어제 동생부부와 가구점 갔다가 원목가구가 눈에 띄어서 이번엔 원목침대로 둘러보기 위해 루헨퍼니쳐 둘러보고 왔어요 원목은 물론 가죽침대까지 많은 곳 사진으로 먼저 만나보세요어제 다녀온 곳은 루헨퍼니처란 곳으로 지점이 여러개더라구요 어디갈까하다가 마침 시댁에 김치 가지러 가는길이라 저는 수원점으로 다녀왔어요판매 품목은 침대랑 수입매트리스 쇼파 식탁이 있답니다 수입종의 원목침대도 있고 패브릭과 전동 등 다양한 종류의 침대들이 있어서 한번에 많은 종류를 보고 선택하기 좋았어요 1층엔 쇼파만 전문적으로 전시 되어 있었어요 저희는 원목침대가 목표였기에슬쩍 둘러보고만 왔지만 네임택 보니 할인이벤트 행사도 진행하고 있더라구요 해외 기능성 원단으로 제작된 쇼파들도 많았어요요즘 유행이라 없어서 못판다는 ㅎㅎ물수건으로 오염부분을 쉽게 세척할 수 있는 것도 있었는데요집에 아이들이나 애완동물이 있는 경우 완전 좋겠더라구요 플로킹 기법을 사용한 세르텍스 원단도 있었는데요정전기로 원사를 빳빳하게 세워 만들어서 빈틈없이 매끄러운 느낌을 주는게 포인트라고해요 그래서 미세먼지도 못뚫 정도로 촘촘하다고 완전 대박이죠그리고 쇼파 맞춤제작도 가능했는데요디자인과  원단 색상만 골르면 자신이 원하는 사이즈대로 맞춰준다고해요 원목침대를 보기 위해 본격적으로 살펴봤는데요위  제품은  뮤즈Muse 예요 영감을 주는 존재를 흔히 뮤즈라고 하잖아요헤브보드에 은은하게 빛나는 조명을 보니 이름이 왜 뮤즈라고 이름 지었는지 알겠더라구요 보기만해도 마음이 스르르감성으로 철철 넘치는 느낌 침대에서 책이나 스마트폰 취미생활을 해도 좋을 것 같고 일단 어둡지 않아서 눈을 보호할 수 있을 것 같아요 그리고 곳곳에 수납공간까지 마련되어 있으니 완전 만능 프레임이더라구요 침대 사이즈는 1600mm  2000mm으로 맞춤으로 선택해서 제작이 가능했는데요위에 표기된 사이즈 외에 원하는 크기로도 제작이 가능하다고 하니 가구맞춤 원하시면 문의하세요  사실  제가 정말 좋다고 생각한건 침대 상판 양쪽으로 작은 선반이 있는데원목 또는 강화 유리로 선택 할 수 있다는 점이였어요 유리는 깔끔해보이고 원목은 자연스럽고어떤걸로 하면 좋을지 고민이 되더라구요 위 사진속에 있는 건 다른 형태의 원목프레임인데요이것도 역시나 무드등이 장착되어 있고 USB포트까지 있어서 잘때 핸드폰 충전하기 좋겠죠수납공간은 물론 작은 협탁도 있으니 활동도도 굿헤드 보드 상판을 회색으로 패브릭 둘러져 있는데이것도 고객이 원하는 색상으로 변경 제작이 가능해요 안되는게 없는 곳이더라구요 색상이랑 중간에 믹스되는 다른 소재의 색상까지도 전부 바꿀 수 있으니 이것이야말로 진정한  맞춤가구가 아닐지 그리고 이건 조명부분이 길게 튀어나온게 좀 특이했어요앞에 두개는 매트리스 바닥판이 넓어서 매트리스를 올려 놓고 빈공간은 활용할수 있었다면이건 매트리스 사이즈와 딱맞게 제작되어서 협탁을 바닥에 두고 쓰면 되는 것 같아요 조명이 헤드쪽과 아래쪽에  달려 있어서머리맡이 전체적으로 환해서 좋았어요 갑자기 생각난 지난 일화가 있는데지금은 저희 집 침실 머리 맡에 콘센트에 꽂아서 톡톡 터치하면 켜지는 작은 무드등 아시죠그걸 꽂아 두고 썼는데 사실 전에는 그런거 안썼거든요어느날 밤에 자다가 화장실 가려고 나왔는데침대에서 내려오다가 바닥에 뭔가 물컹하고  밟혀서 깜짝놀라서 엄마야 0 하고 보니 남편이 더워서 바닥으로 내려가 자고 있던 상태 저희 신랑이 스트레스 많이 받거나 더우면가끔 침실에서 나가서 다른방이나 거실에서 자곤 하는데 제가 기억을 못했지 뭐예요 암튼 자다가 저 간떨어질 뻔했던 경험이었어요 그래서 또 그런일이 있을까 싶어수면에 방해되지 않을 정도의 작은 무드등을 켜놓고 싶더라구요 원목침대가 많은 루헨 브랜드의 또다른 장점은 국내애 침대 공장을 3곳이나 직접 운영하고 있다는 점인데요공장이 매장과 멀지 않아서 수리나 맞춤이 신속하게 이루어진다고해요 디자인과  원목의 수종 그리고 색상 서랍위치 프레임 크기와 높이까지맞춤 제작할 경우 반영할 수 있는 옵션도 여러가지라는 점 사실 말만 맞춤이지 사이즈 조절만 가능한곳이 많은데 이렇게 세세한 부분까지 고려할 수 있는가구점에 방문하니 왠지 잘 찾아온 것 같고 믿음이 가더라구요 소개해준 친구한테도 고맙기도하고그나저나 워낙 종류가 많다보니 디자인이 비슷비슷해 보였지만 전부 다 다른 디자인이라 결정장애 다시 오기 시자기했답니다 이것도 좋아보이고저것은 더 괜찮아보이고찜콩하고 돌아서면 다른게보이고거기다 서랍 유무에 따라갯수에 따라 확실히 느낌이 달라보였어요지금 쓰고 있는 침대가 침방 크기에 딱 맞다보니 예쁘게 꾸미고 싶어서 그게 잘 안되고공간도 부족해서 늘 잠만자고 나와야 할 정도인데 이건 사이즈도 딱 좋고 배치도 너무 잘 되어있어서 침실인테리어 꾸미기에도 좋을 것 같아요 앗 그리고 반면에 조명이 없는 원목침대도 있었어요 협탁위에 스탠드를 놓고 쓰시는 분들은 조명이 매립된 건 싫어하신다고 그래서 조명없는 프레임도 많이 나간다하고요 특히 신혼부부들이 좋아한다고 하네요 사실 공간효율에 있어서 수납이 참 중요해서 서랍을 포기하기가 힘들잖아요 높은 매트리스 선호하는 분들은 저상형이 좋고북유럽 느낌나는 정갈한 프레임도 있어서 빈티지 엔틱 느낌 선호하는 분들도 좋아하실 것 같아요 그리고 사람마다 취향이 제각각이라 거기에 맞게 선택할 수 있는 종류가 많아요 이렇기 때문에 다들 매장이  넓고 종류가 많은 가구점을 찾아가나봐요 매장이 넓기만하다 다 좋은건 아니기도해요 아무리 넓어도 프레임이 비슷비슷하면 가나마나그런데  여기는 모든 프레임이 전부 다 달라서 둘러보는 재미도 있더라구요 그만큼 시간도 좀 걸린다는점 ㅋㅋㅋLED조명을 비롯해 하단에 수납공간과 협탁까지 있는 퍼펙트한 원목침대 아무래도 수납공간 넉넉한게 좋으시다면 공간이 좁아서 찾고 계셨던 거라면 아래 서랍이랑 바닥판에 있는 벙커형 수납공간까지 사용하면 좋을 듯 해요앞서 보여드린 사진들은 LED가 있고 서랍까지이 있는 것들만 보여드렸다면 위 사진처럼 평상형으로 되어있는 벙커형 프레임도 있어요 슈퍼싱글 사이즈의  원목침대 프레임도 있었는데보통 슈퍼싱글는 집이 협소하거나 아이들 방에 많이 두시는데요그렇기 때문에 수납공간이 많아야 장점매트리스르 올리고 바닥판을 열면 저렇게 서랍이 있답니다거기다 사진 찍어온 것들 전부할인가로 판매하고 있더라라구요 맞춤 제작 전문인데 할인매장 가격까지 그렇다고 품질이 전혀 꿀리지 않고 완전 오길 잘했다 싶었어요 시기를 잘 타고 여기를 왔다고 생각한 이유는 바로 오픈기념 세일 때문 ㅎㅎ패키지 특가전을 하고 있더라구요 34백만원대에 소파랑 침대 수입매트리스까지한 번에 패키지로 그것도 할인가로 구매할 수 있어요 전시 가구나 협찬가구 세일도 엄청 났구요 거기에 사은품까지 여러개 챙겨주신다니 막 끌리고 아쉽게도 패키지에 포함된 제품은 저희집 침실 구조랑 어울리지 않아서 패스 아 이럴때 못사는 아쉬움이 너무 커서 수원에 사는 친구한테 이 소식을 전했답니다 그랬더니 어디냐며 지도 찍어달라고 난리ㅋㅋㅋ입주 또는 신혼살림 차리는 분들 오시면 정말 좋을 것 같더라구요 돈 들어갈 곳 많잖아요 그리고 원목침대 외에도 아이와 부모가함께 쓰기 좋은 패밀리침대도 있었어요 프레임이 폭신폭신해서 아이들이 침대에서 뛰어도 부딪히지 않을 것 같아 안심할 수 있겠더라구요 등받이까지 폭신한 쿠션으로 되어 있어서 기대 앉기도 편할 것 같고 요즘 왜이리 잘 나오는지 이런 프레임이 별로라면 저상형 원목 여러개 붙여서 패밀리침대로 쓰셔도 될 것 같아요 친구들보면 아이 키울때 패밀리침대 안쓰고 그냥 바닥에 두꺼운 이불 깔고 지내곤 하던데 이런거 쓰면 좋겠다 싶어요 앗 그리고 전동침대는 2세트 같이하면 할인율이 더 좋다고 하네요요즘은 침실에 전동 침대 두개 놓고 쓰시는 분들도 많다고 들었은데 부부가 각각 그렇게 사용하면 편하다고 하더라구요저도 마음은 그러고 싶지만 방이 좁아서 비용도 만만치 않고 말이죠 암튼 리모콘 수납할 수 있는 곳까지 있어서리모콘 찾아 삼만리 안해도 될 것 같아요 패브릭 프레임은 포근포근하고 편안해서 참 좋다고 했더니 찾는분들이 많으시데요개인적으로 패브릭은 관심이 없었는데 생각보다 종류가 많더라구요 거기에 헤드레스트 기능까지 있는 것도 있고 상판이나 가드 없이 밑부분만 있는 것도 가성비가 좋고 깔끔한게 딱이였어요 가죽 느낌의 제품들도 둘러 봤는데아이는 있어도 패밀리침대가 다소 부담스럽다면 모서리를 둥글게 라운드 처리한 것도 아이와 함께  쓰기 좋을듯해요원목침대 그리고 쇼파에 이어 식탁까지주로 취급하시는건 대리석과 세라믹 원목이라고해요 매장에 없는건 구매 할 수 있게 도와주실 수 있다고 세상에나 매장에 없는것까지 도와주신다니 이런 친절함 흔치않잖아요말씀만이라도 너무 고맙더라구요감탄이 절로 나왔어요 그래서 이렇게 좋은 마음으로 리뷰도 쓰게 되나봐요 식탁의 경우 46인용 8인용까지사이즈가 다양하고 주문 제작 할 경우엔 원하는 사이즈로 조절 가능해요 의자 디자인도 물론 선택 가능하구요요즘 많이 보이는 벤치의자와1인용의자 서로 믹스해서 제작하면 인테리어효과 제대로일 것 같아요 12층으로 된 넓은 매장을 다 둘러보고나니 어느덧 저녁시간 잠깐만 보고 간다는게 완전 대장정이었어요 오랜만에 많이 걸어서 그런지 종아리에 알이 박힌 느낌 조금 피곤하긴 했지만 모처럼 좋은 원목침대 볼 수 있어서 좋았어요 제 생각엔 침대는 기본형 넘넘 좋겠지만 LED 가 있는 디자인이 정말 대박인 것 같아요 활용성 좋고 효율성까지 짱짱 침대 구매 예정이시라면 가까운 루헨퍼니쳐 매장 둘러보셔도 좋을듯요httpsblognavercomppyyoo77루헨퍼니쳐 0312737007경기도 화성시 효행로 1350번길 9경기도 화성시 반월동 34815이 글은 업체의 요청으로 작성된 리뷰로 업체로부터 대가원고료를 받았습니다 2,37,0,0,1207,0,1,2630.2,43,text_ad,2019-07-21,9266,9890235,인테리어·DIY,0,"[('어제 저녁에 친구네 갔는데 친구네 집에 틸란드시아가 있길래 얼마나 키웠냐고 물어봤을 뿐인데 가져가서 키우라면 선물해줬어요', 2, 1), ('간만에 화원에 갔는데 이걸 팔길래 냉큼 데려왔다고 틸란드시아는 겉에 하얀색 가루같은게 붙어있는데요', 2, 1), ('이게 미세먼지를 잘 잡는다고해서꾸준히 인기가 많다고해요', 2, 1), ('그래서 저도 친구가 주길래 주방에 걸어두면좀 도움이 될까 싶어서 걸어놨답니다 며칠전부터 습하더니 미세먼지도 오락가락아침에 오면 좋았다가 저녁에 보면 다시 나쁨인 이 미세먼지를 어쩌며 좋을지 집 공기청정기에 있기는 한데 워낙 문 열어 놓고 일하는 편이라 그때뿐이고 그렇다고 답답하게 문을 닫아 놓고 살기는 싫고 아직 에어컨 켜기는 낭비 같지만 그래도 짜증나는 것 보다는 전기세 얼마 나오지 않으니 그냥 켜는게 좋을 것 같아요', 1, 0), ('그나저나 요즘 공기도 공기지만 매트리스가 제일 문제 오래돼서 그런건지 아니면 미세먼지 때문인지 침구청소기로자주 밀어주는데도 침대에만 누우면 어찌나 재채기가 나오는지 안그래도 요즘에 매트리스도 바꾸면서 침대 프레임도 바꾸고 싶었던 참이였는데 어제 동생부부와 가구점 갔다가 원목가구가 눈에 띄어서 이번엔 원목침대로 둘러보기 위해 루헨퍼니쳐 둘러보고 왔어요', 1, 0), ('원목은 물론 가죽침대까지 많은 곳 사진으로 먼저 만나보세요', 1, 0), ('어제 다녀온 곳은 루헨퍼니처란 곳으로 지점이 여러개더라구요', 2, 1), ('어디갈까하다가 마침 시댁에 김치 가지러 가는길이라 저는 수원점으로 다녀왔어요', 0, 1), ('판매 품목은 침대랑 수입매트리스 쇼파 식탁이 있답니다 수입종의 원목침대도 있고 패브릭과 전동 등 다양한 종류의 침대들이 있어서 한번에 많은 종류를 보고 선택하기 좋았어요', 2, 1), ('1층엔 쇼파만 전문적으로 전시 되어 있었어요', 0, 1), ('저희는 원목침대가 목표였기에슬쩍 둘러보고만 왔지만 네임택 보니 할인이벤트 행사도 진행하고 있더라구요', 0, 1), ('해외 기능성 원단으로 제작된 쇼파들도 많았어요', 1, 1), ('요즘 유행이라 없어서 못판다는 ㅎㅎ물수건으로 오염부분을 쉽게 세척할 수 있는 것도 있었는데요', 2, 1), ('집에 아이들이나 애완동물이 있는 경우 완전 좋겠더라구요 플로킹 기법을 사용한 세르텍스 원단도 있었는데요', 1, 1), ('정전기로 원사를 빳빳하게 세워 만들어서 빈틈없이 매끄러운 느낌을 주는게 포인트라고해요', 1, 0), ('그래서 미세먼지도 못뚫 정도로 촘촘하다고 완전 대박이죠', 2, 1), ('그리고 쇼파 맞춤제작도 가능했는데요', 2, 1), ('디자인과 원단 색상만 골르면 자신이 원하는 사이즈대로 맞춰준다고해요', 0, 1), ('원목침대를 보기 위해 본격적으로 살펴봤는데요', 0, 1), ('위 제품은 뮤즈Muse 예요', 1, 1), ('영감을 주는 존재를 흔히 뮤즈라고 하잖아요헤브보드에 은은하게 빛나는 조명을 보니 이름이 왜 뮤즈라고 이름 지었는지 알겠더라구요 보기만해도 마음이 스르르감성으로 철철 넘치는 느낌 침대에서 책이나 스마트폰 취미생활을 해도 좋을 것 같고 일단 어둡지 않아서 눈을 보호할 수 있을 것 같아요', 1, 0), ('그리고 곳곳에 수납공간까지 마련되어 있으니 완전 만능 프레임이더라구요', 0, 1), ('침대 사이즈는 1600mm 2000mm으로 맞춤으로 선택해서 제작이 가능했는데요', 2, 1), ('위에 표기된 사이즈 외에 원하는 크기로도 제작이 가능하다고 하니 가구맞춤 원하시면 문의하세요', 0, 1), ('사실 제가 정말 좋다고 생각한건 침대 상판 양쪽으로 작은 선반이 있는데원목 또는 강화 유리로 선택 할 수 있다는 점이였어요', 1, 0), ('유리는 깔끔해보이고 원목은 자연스럽고어떤걸로 하면 좋을지 고민이 되더라구요', 1, 0), ('위 사진속에 있는 건 다른 형태의 원목프레임인데요', 0, 1), ('이것도 역시나 무드등이 장착되어 있고 USB포트까지 있어서 잘때 핸드폰 충전하기 좋겠죠', 1, 0), ('수납공간은 물론 작은 협탁도 있으니 활동도도 굿헤드 보드 상판을 회색으로 패브릭 둘러져 있는데이것도 고객이 원하는 색상으로 변경 제작이 가능해요', 1, 1), ('안되는게 없는 곳이더라구요', 0, 1), ('색상이랑 중간에 믹스되는 다른 소재의 색상까지도 전부 바꿀 수 있으니 이것이야말로 진정한 맞춤가구가 아닐지', 1, 0), ('그리고 이건 조명부분이 길게 튀어나온게 좀 특이했어요', 1, 0), ('앞에 두개는 매트리스 바닥판이 넓어서 매트리스를 올려 놓고 빈공간은 활용할수 있었다면이건 매트리스 사이즈와 딱맞게 제작되어서 협탁을 바닥에 두고 쓰면 되는 것 같아요', 1, 1), ('조명이 헤드쪽과 아래쪽에 달려 있어서머리맡이 전체적으로 환해서 좋았어요', 1, 0), ('갑자기 생각난 지난 일화가 있는데지금은 저희 집 침실 머리 맡에 콘센트에 꽂아서 톡톡 터치하면 켜지는 작은 무드등 아시죠그걸 꽂아 두고 썼는데 사실 전에는 그런거 안썼거든요', 2, 1), ('어느날 밤에 자다가 화장실 가려고 나왔는데침대에서 내려오다가 바닥에 뭔가 물컹하고 밟혀서 깜짝놀라서 엄마야 0 하고 보니 남편이 더워서 바닥으로 내려가 자고 있던 상태 저희 신랑이 스트레스 많이 받거나 더우면가끔 침실에서 나가서 다른방이나 거실에서 자곤 하는데 제가 기억을 못했지', 1, 1), ('뭐예요', 0, 1), ('암튼 자다가 저 간떨어질 뻔했던 경험이었어요', 0, 1), ('그래서 또 그런일이 있을까 싶어수면에 방해되지 않을 정도의 작은 무드등을 켜놓고 싶더라구요', 0, 1), ('원목침대가 많은 루헨 브랜드의 또다른 장점은 국내애 침대 공장을 3곳이나 직접 운영하고 있다는 점인데요', 1, 1), ('공장이 매장과 멀지 않아서 수리나 맞춤이 신속하게 이루어진다고해요', 0, 1), ('디자인과 원목의 수종 그리고 색상 서랍위치 프레임 크기와 높이까지맞춤 제작할 경우 반영할 수 있는 옵션도 여러가지라는 점 사실 말만 맞춤이지 사이즈 조절만 가능한곳이 많은데 이렇게 세세한 부분까지 고려할 수 있는가구점에 방문하니 왠지 잘 찾아온 것 같고 믿음이 가더라구요', 1, 1), ('소개해준 친구한테도 고맙기도하고그나저나 워낙 종류가 많다보니 디자인이 비슷비슷해 보였지만 전부 다 다른 디자인이라 결정장애 다시 오기 시자기했답니다', 2, 1), ('이것도 좋아보이고저것은 더 괜찮아보이고찜콩하고 돌아서면 다른게보이고거기다 서랍 유무에 따라갯수에 따라 확실히 느낌이 달라보였어요', 1, 1), ('지금 쓰고 있는 침대가 침방 크기에 딱 맞다보니 예쁘게 꾸미고 싶어서 그게 잘 안되고공간도 부족해서 늘 잠만자고 나와야 할 정도인데 이건 사이즈도 딱 좋고 배치도 너무 잘 되어있어서 침실인테리어 꾸미기에도 좋을 것 같아요', 1, 0), ('앗 그리고 반면에 조명이 없는 원목침대도 있었어요', 0, 1), ('협탁위에 스탠드를 놓고 쓰시는 분들은 조명이 매립된 건 싫어하신다고 그래서 조명없는 프레임도 많이 나간다하고요 특히 신혼부부들이 좋아한다고 하네요', 1, 0), ('사실 공간효율에 있어서 수납이 참 중요해서 서랍을 포기하기가 힘들잖아요 높은 매트리스 선호하는 분들은 저상형이 좋고북유럽 느낌나는 정갈한 프레임도 있어서 빈티지 엔틱 느낌 선호하는 분들도 좋아하실 것 같아요', 1, 0), ('그리고 사람마다 취향이 제각각이라 거기에 맞게 선택할 수 있는 종류가 많아요', 0, 1), ('이렇기 때문에 다들 매장이 넓고 종류가 많은 가구점을 찾아가나봐요 매장이 넓기만하다 다 좋은건 아니기도해요', 1, 0), ('아무리 넓어도 프레임이 비슷비슷하면 가나마나그런데 여기는 모든 프레임이 전부 다 달라서 둘러보는 재미도 있더라구요', 1, 1), ('그만큼 시간도 좀 걸린다는점 ㅋㅋㅋLED조명을 비롯해 하단에 수납공간과 협탁까지 있는 퍼펙트한 원목침대 아무래도 수납공간 넉넉한게 좋으시다면 공간이 좁아서 찾고 계셨던 거라면 아래 서랍이랑 바닥판에 있는 벙커형 수납공간까지 사용하면 좋을 듯 해요', 1, 0), ('앞서 보여드린 사진들은 LED가 있고 서랍까지이 있는 것들만 보여드렸다면 위 사진처럼 평상형으로 되어있는 벙커형 프레임도 있어요', 0, 1), ('슈퍼싱글 사이즈의 원목침대 프레임도 있었는데보통 슈퍼싱글는 집이 협소하거나 아이들 방에 많이 두시는데요', 2, 1), ('그렇기 때문에 수납공간이 많아야 장점매트리스르 올리고 바닥판을 열면 저렇게 서랍이 있답니다', 0, 1), ('거기다 사진 찍어온 것들 전부할인가로 판매하고 있더라라구요 맞춤 제작 전문인데 할인매장 가격까지 그렇다고 품질이 전혀 꿀리지 않고 완전 오길 잘했다 싶었어요', 1, 1), ('시기를 잘 타고 여기를 왔다고 생각한 이유는 바로 오픈기념 세일 때문 ㅎㅎ패키지 특가전을 하고 있더라구요', 1, 1), ('34백만원대에 소파랑 침대 수입매트리스까지한 번에 패키지로 그것도 할인가로 구매할 수 있어요', 1, 1), ('전시 가구나 협찬가구 세일도 엄청 났구요', 1, 0), ('거기에 사은품까지 여러개 챙겨주신다니 막 끌리고 아쉽게도 패키지에 포함된 제품은 저희집 침실 구조랑 어울리지 않아서 패스 아 이럴때 못사는 아쉬움이 너무 커서 수원에 사는 친구한테 이 소식을 전했답니다 그랬더니 어디냐며 지도 찍어달라고 난리ㅋㅋㅋ입주 또는 신혼살림 차리는 분들 오시면 정말 좋을 것 같더라구요', 1, 0), ('돈 들어갈 곳 많잖아요', 1, 0), ('그리고 원목침대 외에도 아이와 부모가함께 쓰기 좋은 패밀리침대도 있었어요', 1, 0), ('프레임이 폭신폭신해서 아이들이 침대에서 뛰어도 부딪히지 않을 것 같아 안심할 수 있겠더라구요', 2, 1), ('등받이까지 폭신한 쿠션으로 되어 있어서 기대 앉기도 편할 것 같고 요즘 왜이리 잘 나오는지 이런 프레임이 별로라면 저상형 원목 여러개 붙여서 패밀리침대로 쓰셔도 될 것 같아요', 1, 0), ('친구들보면 아이 키울때 패밀리침대 안쓰고 그냥 바닥에 두꺼운 이불 깔고 지내곤 하던데 이런거 쓰면 좋겠다 싶어요', 1, 0), ('앗 그리고 전동침대는 2세트 같이하면 할인율이 더 좋다고 하네요', 1, 1), ('요즘은 침실에 전동 침대 두개 놓고 쓰시는 분들도 많다고 들었은데 부부가 각각 그렇게 사용하면 편하다고 하더라구요', 1, 0), ('저도 마음은 그러고 싶지만 방이 좁아서 비용도 만만치 않고 말이죠', 0, 1), ('암튼 리모콘 수납할 수 있는 곳까지 있어서리모콘 찾아 삼만리 안해도 될 것 같아요', 2, 1), ('패브릭 프레임은 포근포근하고 편안해서 참 좋다고 했더니 찾는분들이 많으시데요', 1, 0), ('개인적으로 패브릭은 관심이 없었는데 생각보다 종류가 많더라구요', 1, 0), ('거기에 헤드레스트 기능까지 있는 것도 있고 상판이나 가드 없이 밑부분만 있는 것도 가성비가 좋고 깔끔한게 딱이였어요', 1, 0), ('가죽 느낌의 제품들도 둘러 봤는데아이는 있어도 패밀리침대가 다소 부담스럽다면 모서리를 둥글게 라운드 처리한 것도 아이와 함께 쓰기 좋을듯해요원목침대 그리고 쇼파에 이어 식탁까지주로 취급하시는건 대리석과 세라믹 원목이라고해요', 1, 0), ('매장에 없는건 구매 할 수 있게 도와주실 수 있다고 세상에나 매장에 없는것까지 도와주신다니 이런 친절함 흔치않잖아요말씀만이라도 너무 고맙더라구요', 1, 0), ('감탄이 절로 나왔어요', 1, 0), ('그래서 이렇게 좋은 마음으로 리뷰도 쓰게 되나봐요 식탁의 경우 46인용 8인용까지사이즈가 다양하고 주문 제작 할 경우엔 원하는 사이즈로 조절 가능해요', 0, 1), ('의자 디자인도 물론 선택 가능하구요', 1, 0), ('요즘 많이 보이는 벤치의자와1인용의자 서로 믹스해서 제작하면 인테리어효과 제대로일 것 같아요 12층으로 된 넓은 매장을 다 둘러보고나니 어느덧 저녁시간 잠깐만 보고 간다는게 완전 대장정이었어요', 1, 0), ('오랜만에 많이 걸어서 그런지 종아리에 알이 박힌 느낌 조금 피곤하긴 했지만 모처럼 좋은 원목침대 볼 수 있어서 좋았어요', 1, 0), ('제 생각엔 침대는 기본형 넘넘 좋겠지만 LED 가 있는 디자인이 정말 대박인 것 같아요', 1, 0), ('활용성 좋고 효율성까지 짱짱 침대 구매 예정이시라면 가까운 루헨퍼니쳐', 1, 0), ('매장 둘러보셔도 좋을듯요httpsblognavercomppyyoo77루헨퍼니쳐 0312737007경기도 화성시 효행로 1350번길 9경기도 화성시 반월동 34815이 글은 업체의 요청으로 작성된 리뷰로 업체로부터 대가원고료를 받았습니다', 1, 0), ('2', 1, 0)]"
13,https://blog.naver.com/tnalalstn?Redirect=Log&logNo=221549967714,선물받은 퀸메이드 에어프라이어그동안 쓰던 필립스 에어프라이어는 친척동생주고7리터 에어프라이어는 우리집 주방 한쪽에 자리 잡았어요이렇게홈카페 자리에덩치큰 에어프라이어를 올려 놨더니 공간이 꽉 차보이네요기존에 쓰던 필립스에어프라이어가 통이 작아 23번 나눠 구워야해서 불편했는데대용량 퀸메이드에어프라이어 선물 받아서 완전 신나요 이젠 편안하게 한번에 많은양을 구울 수 있게 되었어요사이즈가 크지만 색상도 디자인도 예뻐서주방에 놓아도 전혀 답답해 보이지 않아요오히려 블링블링하고 갬성스러워서 주방이 한층업그레이드 된 느낌이랄까손잡이도 있어서 이동할때 굿쓰고 있던 필립스에어프라이어 는 옮길때마다 으랏차차하면서 받들어 모셨는데이젠 쉽게 이동할 수 있어서 마음에 들어요사진처럼 집에서 치킨 구어 먹을 수 있는 거냐며ㅎㅎㅎ퀸메이드에어프라이어 개봉 기념 안방 도배 기념으로 저녁에 우리들만의 수요파티를 열었답니다 저는 떡볶이와 그린빈 햄볶음을 준비하고동생들은 샐러드와 닭2마리와 냉동감자 준비생각보다 도배가 길어져서 집이 좀 어수선 했지만오후 4시부터 퇴근하는대로 준비한 음식들 갖고하나둘 도착7리터에어프라이어 개봉 기념으로닭도리탕용 2팩 삶아서 깔집내고마늘과 올리브오일소금후추 섞어서 양념해놓고베란다에서 로즈마리 뜯어서 함께 굽고왕푸짐 샐러드 만들고떡볶이도 만들고냉동감자도 골고루 굽고그린빈에 스모크햄 넣어 볶아주고후다닥뚝딱 푸짐하게 차려서 맛있게 먹었어요닭2마리 넉넉하게 들어가는7리터에어프라이어 굽기전 후 사진을 담지 못해 아쉽네요비주얼 좋았는데대용량에어프라이어가 있으니종종 맛난 요리하면 소개할게요0에어프라이어로 만드는 새로운 레시피요리 열심히 만들어볼게요기대해주세효,7,0,0,151,7,0,2630.6,54,,2019-05-30,9266,9890237,인테리어·DIY,"['넉넉한 사이즈 장만하셨군요~우리집도 7리터,겁나 커요ㅎㅎ우리애들은 혼자서도 에어프라이어에 냉동만두 구워 먹어요^^', '우리 둘이 쓰기엔 큰데손님 오셨을땐 딱이얌^^에어프라이어 땜시 살만 더 찜ㅋㅋㅋ난 김치만두 궈 먹어야쥐~~♡', '저도 에어프라이어 사야하는데 좋은 정보 좀 주세요', '~^^  안녕하세요.이제야 댓글을..ㅋㅋ어제 닭두마리 첫 개시했는데 7리터라 확실히 넉넉하니 좋더라구요.닭도리탕용 닭 5마리는 들어갈 정도예요ㅎㅎ비싼 에어프라이어가 부담스럽다면 퀸메이드는 어떠실지...', '감사합니다고려해보아야겠어요', '앗 이건 이쁘게 생겼네요 :-)', '맛난거 뚝딱 만들어주는 덩치 큰 이쁜이에요~^^♡']","[('선물받은 퀸메이드 에어프라이어그동안 쓰던 필립스 에어프라이어는 친척동생주고7리터 에어프라이어는 우리집 주방 한쪽에 자리 잡았어요', 1, 0), ('이렇게홈카페 자리에덩치큰 에어프라이어를 올려 놨더니 공간이 꽉 차보이네요', 0, 1), ('기존에 쓰던 필립스에어프라이어가 통이 작아 23번 나눠 구워야해서 불편했는데대용량 퀸메이드에어프라이어 선물 받아서 완전 신나요 이젠 편안하게 한번에 많은양을 구울 수 있게 되었어요', 1, 0), ('사이즈가 크지만 색상도 디자인도 예뻐서주방에 놓아도 전혀 답답해 보이지 않아요', 0, 1), ('오히려 블링블링하고 갬성스러워서 주방이 한층업그레이드 된 느낌이랄까손잡이도 있어서 이동할때 굿쓰고 있던 필립스에어프라이어 는 옮길때마다 으랏차차하면서 받들어 모셨는데이젠 쉽게 이동할 수 있어서 마음에 들어요', 1, 0), ('사진처럼 집에서 치킨 구어 먹을 수 있는 거냐며ㅎㅎㅎ퀸메이드에어프라이어 개봉 기념 안방 도배 기념으로 저녁에 우리들만의 수요파티를 열었답니다', 1, 0), ('저는 떡볶이와 그린빈 햄볶음을 준비하고동생들은 샐러드와 닭2마리와 냉동감자 준비생각보다 도배가 길어져서 집이 좀 어수선 했지만오후 4시부터 퇴근하는대로 준비한 음식들 갖고하나둘 도착7리터에어프라이어 개봉 기념으로닭도리탕용 2팩 삶아서 깔집내고마늘과 올리브오일소금후추 섞어서 양념해놓고베란다에서 로즈마리 뜯어서 함께 굽고왕푸짐 샐러드 만들고떡볶이도 만들고냉동감자도 골고루 굽고그린빈에 스모크햄 넣어 볶아주고후다닥뚝딱 푸짐하게 차려서 맛있게 먹었어요', 1, 0), ('닭2마리 넉넉하게 들어가는7리터에어프라이어 굽기전 후 사진을 담지 못해 아쉽네요', 1, 1), ('비주얼 좋았는데대용량에어프라이어가 있으니종종 맛난 요리하면 소개할게요0에어프라이어로 만드는 새로운 레시피요리 열심히 만들어볼게요기대해주세효', 1, 0)]"
