,Title,Blogger,Post URL,Post,Image num,Paragraph num,Comment num,Video num,weekly viewer mean,Sympathy num,AD,Posting Date
0,다이소표 DIY 미니어쳐 맨션하우스 만들기 취미생활,뚝딱리폼 DIY 주는사랑의 작은변화,https://blog.naver.com/impok1004?Redirect=Log&logNo=222263516687,"취미생활 하고 싶어 꽃친 미니어쳐 집짓기!!저의 딸래미가 순식간에 뚝딱 집한채 졌답니다. 무슨소리냐구요?? 다이소표 미니어쳐 맨션하우스 만들기 했거든요.​​​3월 1일 쉬는날 아이들과 다이소에 그릇 정리 수납장도 사고 아이 필요한 학용품도 사고 할겸 갔다가 눈에 꽃여 망설이지도 않고 구입한DIY 미니어쳐 맨션하우스와 가구만들기 구입했답니다.미니어쳐 가구들은 종류도 엄청 많고 가격은 5.000원 그리고 나무 미니어처 맨션하우스는 2.000원 이가격 실화인가 싶기도 하고망설이지도 않고 바로 집어왔답니다.다이소만 가면 지름신이 온다니까요!!​요즘 뚝딱질도 잘 못하고 답답하기만 해서 이렇게나마 집에서 미니어쳐로 가구도 만들고 집도 만들며 취미생활을 즐겨 볼까 하는 마음으로구입했는데 결국 맨션하우스는 울 아이가 순식간에 혼자 만들어버렸네요.그거 엄마껀데 니가 하면 어쩐다?? 작은아이는 어려서 부터 인테리어나 엄마 가구만들면 호기심을 갖으며 관심이 많았거든요.​​​가구만들기는 제가 틈틈히 할껀데 울 작은아이도 함께 만들고 싶다며 가구 혼자 만들지 말라고 하는거 있죠.울 아이는 다이소표 미니어처 맨션하우스를 만들기 먼저 하겠다며 테이블위에 전부 꺼내 늘어놓았답니다.설명서는 자세하게 과정샷이 나와있지는 않고 그림과 번호만 적혀있어 내가 스스로 조립하듯 끼워 맞춰가며 만들어야 한다는 거에요저처럼 이쪽으로 만들기를 좋아하거나 울 아이처럼 관심이 많다면 조립하는건 어렵지 않으실건데요혹시라도 어린아이들이 하고 싶다고 하면 부모님이 함께 하면서 도와주는 것이 좋을듯 싶네요.​​​한번에 전부 조립할 재료를 떼어내지 말고 하나하나 조립하면 순서대로 떼어내가며 하시는 것이 좀더 DIY 하기 쉽답니다.​​바닥면을 먼저 떼어 준비해주고 옆라인도 틀에서 떼어내고 조립 들어가기 전에 먼저 가조립 먼저 해봅니다DIY 가구들 조립하고 만들기 할때 미리 가조립을 해주듯 미니어쳐도 마찬가지랍니다.미리 가조립을 한번 해봐야 실패를 하지 않거든요.​​​창문틀도 전부 떼어내줍니다.창문을 떼어 내면서 은근 즐겁다는 울 작은아이!!!​​창문을 떼어내고 안쪽 부터 벽면을 조립해 나갑니다.​​다이소표 미니어쳐 맨션하우스는 끼워맞추는 형식으로 틀에 끼워맞추는 건데요.은근 잘 맞지 않은 부분도 있더라구요그럴때는 동봉되어 있는 사포로 샌딩을 해주면 된답니다.​​​연결홈이나 창문 등을 떼어낼때 손으로 잘 떼어지지 않으면 송곳 사용해 제거해주면 되는데울 작은아이는 망가진 볼펜을 이용했답니다.​​홈에 맞춰 안쪽 칸막이도 야무지게 끼워 조립해줍니다.​​울 작은아이 조립하는 모습에 내가 다 흐뭇해지네요내가 하려고 했던건데 엉 울 아이한테 빼앗겼지만 아깝진 않아요.​​하나하나 홈에 맞춰 벽면을 조립해요.​단점이 있다면 완전 정확히 딱 맞지 않은 부분들이 있어서 사포를 이용해 샌딩해주면 맞춰나갈 수 있답니다.​​벽면 모두 조립하고 지붕도 올립니다.홈에 맞게 조립만 해서 되는게 아니고 약간 벌어지거나 하는 부분도 있는데 그런 공간은 목공본드나 순간접착제를 이용해 붙여주면나중에 떨어지거나 벌어질일이 없네요.​​​엄청 진지한 울 딸래미!!집한채 짓는데 이정도 몰입은 기본이겠죠.​​상단 지붕도 전부 올려줍니다.​​지붕까지 정확히 조립을 전부 했으면 연결부위나 홈에 맞춰 끼워준 부분은 좀더 튼튼함을 위해  순간접착제를 이용해 붙여주는데요바닥면 홈부위에 접착제로 고정해줍니다.울 딸래미 손 너무 예쁘죠?? 내 손은 못생겼는데 그래서 늘 울 딸래미 손 보며 대리만족 하고 있네요.​​지붕 연결된 부위도 튼튼하게 고정시키기 위해 순간접착제를 발라 줍니다.​​그리고 지붕에서 포인트!! 굴뚝도 붙여주면 되는데요 접착제를 이용해 튼튼하게 붙여요.​​이렇게 해서 울 작은아이가 집한채 지었네요.다이소표 미니어쳐 맨션하우스!!  2,000원으로 지어진 맨션하우스 이정도면 정말 휼륭하죠일단 조립만 전부 끝냈는데요.조만간 예쁘게 색칠도 해줘야겠어요집 색칠까지 해주면 더욱더 예쁘지 않을까 싶네요.​​지붕쪽에는 다락방도 있고 굴뚝까지 있고~  은근 사랑스러운 미니어쳐 하우스네요!!​​​입구부터 문 그리고 창문에서 상단부분까지 잘 만들어졌네요울 작은아이 이제 취미생활로 DIY 미니어쳐에 꽃친것 같다며 가구도 자기가 만들거라고 하는 거 있죠.엄마 혼자 다 만들면 삐질꺼라면서 ㅎㅎ​​앞면뿐 아니라 뒷면과 옆면까지 전부 창문과 문이 있어 어느면에서 봐도 더 예쁜 그자체랍니다.정말 여기 색까지 칠해주면 더 감성돋지 않을까요??지붕과 벽을 어떤색을 칠할지 고민이네요.조금은 고급스럽고 감성있는 이국적인 느낌으로 색칠하고 싶은데 울 이웃님들 의견좀 나눠주세요어떤 색상의 지붕과 벽으로 색칠해야 예쁠지 말이죠??​​옆면도 은근 예쁘네요2,000원의 행복을 맘껏 느껴봅니다.​​울 거실책상 선반위에 올려 두었는데요. 인테리어 소품으로 활용해도 너무 사랑스럽고 예쁘네요조만간 예쁘게 색칠도 하고  나의 작업공간으로 옮겨서 미니어쳐 하우스와 가구들로 열심히 채워보려해요집콕하고 밖에도 잘 못나가는데 이렇게나마 취미생활로 미니어처 하우스 짓기 해봅니다.저와 울 딸래미가 집콕하면서  힐링하는 방법이네요.은근 만드는 동안 설레이고 마음속 행복이란 단어를 머금게 되네요.저보다 울 딸래미가 더 좋아라 하네요.​​",28,525,55,1,4589.4,60,,2021. 3. 3. 22:20
1,수원강아지분양 귀여운 미니어처푸들,눈누랄라 일상이야기 :),https://blog.naver.com/xodn3919?Redirect=Log&logNo=222415403410,"코로나 때문에 나가지를 못하니우울하게 하루하루를 보내고 있던 중지인의 소개로 수원강아지분양 받게 되었는데제가 갔던 곳 중에서 제일 마음에 들었고여기서 입양한 다른 지인 분들의 이야기도굉장히 긍정적이어서 한번 소개해드릴까 하고 글을 작성해 봅니다.집에서 할 수 있는 것도 많이 즐겼고더이상 할 것도 없으니 심심하기도 하고매일 강아지 영상을 찾아보곤 했는데이러고 있는 저를 아는 지인이미유펫 애견샵을 소개해줘서상담부터 차근차근 받기로 하고카페를 먼저 둘러보게 되었어요.멍이 종류도 생각한 것보다 많았고제가 좋아하는 견종도 있어서얼른 빨리 만나보고 싶더라구요!전화로 간단하게 상담을 진행해 보니,직접 방문하는 것이 좋을 것 같다고 하셔서다음 날 바로 출발하게 되었답니다.애견샵에 도착했을 땐 처음 느낀 기분은동물 특유의 냄새가 안 나서 정말쾌적하고 깔끔하다는 거였는데요!사람도 그렇듯이 첫인상이 중요한데이곳은 분위기도 그렇고 제 마음에쏙 들었답니다. :)환경뿐만이 아닌 직원분들도다 친절하시고 아가 멍냥이들이지내는 베이비룸 안도 수시로 확인하고케어해 주시는 모습들을 보니정말 정성과 사랑으로 아이들을대하는구나, 가 느껴져서신뢰도 더 쌓이고 여기서수원강아지분양 받고 싶다는생각이 강하게 들었답니다. 어떤 아이로 수원강아지분양 받을지이리저리 다 둘러보고는 직원분과상담을 진행하게 되었는데요.따로 마련되어 있는 공간이 있어서개인적인 부분들도 알려드릴 수 있었어요.전화로 먼저 마음에 드는 견종을간단하게 이야기해 드렸지만직원분에게 자세하게 얘기를 들으니또 마음이 바뀌게 되었어요.제가 분양 받고 싶었던 멍이의 성격과는너무 정반대여서 키우기에는다소 무리가 있을 것 같다고 하시더라구요.그래서 직원분이 성격부터 성향까지다 봐 주시고 같이 잘 살 수 있는 아이로성격을 매칭을 해 주셨어요.수원강아지분양 상담을 다 끝내고가정에서 무난하게 키울 수 있으면서저와 성격이 잘 맞는 아이로말티즈와 미니어처푸들을 소개 받았답니다!하지만 저는 더 뽀글한 털을 가진푸들을 선택하게 되었어요. ^^선택하기 전에도 직원분에게 미니어처푸들에대한 성격과 특징을 간단하게 들었지만견종을 결정하게 될 경우 더욱 깊고자세하게 설명해 주셔서 정말 좋았어요.제가 사소한 걸 질문을 해도구체적으로 답변해 주시고 이런디테일함이 저는 너무 좋고직원분에게 감사드렸어요. 미니어처푸들이라고 해서 다른 푸들과는다른 게 없이, 사이즈만 다르다고 하셨는데요.토이, 미니어처, 스탠다드까지 있고제가 수원강아지분양 받기로 한 멍이는소형 사이즈의 미니어처 크기를 가진 푸들이었어요!외모는 똘망똘망한 눈망울을제일 먼저 생각할 수도 있겠지만큰 특징은 뽀글뽀글한 털이 아닐까 싶은데요!성격은 애교도 잘 부리고 정말활발하고 눈치도 빠른 멍이라고 해요.또 눈치만 빠른 것이 아닌 똑똑하고영리함까지 장점으로 가진매력적인 강아지랍니다.직원분에게 설명을 다 듣고강아지분양 확정 짓고직원분에게 안내를 받아서계약서라는 걸 작성하게 되었어요.이 문서는 반려하게 될 멍이의 기본적인 견종,이름, 태어난 날짜, 애견샵에 온 날,예방접종 기록 등이 기재가 되어있기 때문에보호자가 입양을 할 때나그 후에도 정말 중요하게 챙겨야 되는 문서랍니다!또 이 문서를 작성하게 되면수원강아지분양 후 반려견에게문제가 생겼을 경우 도움을 받을 수 있도록하기 위해 쓰는 서류이기도 하니필수로 챙기는 게 좋다고 해요!쓰면서도 모르는 부분들은하나하나 짚으면서 자세히 설명을 해 주셔서긴장하지도 않고, 수월하게작성을 완료할 수 있었습니다!문서에 서명까지 완료하고 나서애견샵에 계신 선생님을 만날 수 있어요.강아지분양 받는 당일 날에건강검진을 해 주시는데 멍이만들어가는 게 아닌 보호자도그 과정을 볼 수 있게 같이 들어갈 수 있다는점이 너무 좋은 것 같아요!건강건진 중에 강아지에게 문제가있으면 선생님께서 바로 설명도 해 주시구요.다행히 저희 미니어처푸들은 아무 이상이없어서 안심할 수 있었답니다.그렇게 다 끝나고 강아지에게제일 중요한 예방접종 날짜까지잡아주셔서 너무 감사드렸어요.검진까지 다 받고 집에 가서 당장써야 되는 용품들을 보고 있었는데제가 미니어처푸들을 데리고 선생님께건강확인을 받을 때 직원분들이집에서 필수적으로 필요한용품들을 미리 준비해 주셨어요.물그릇, 밥그릇, 배변 패드, 간식, 목줄,하우스 등등 사소한 것도 챙겨주셔서너무 좋았고 사용하기 힘들거나조립을 해야 되는 용품은 직접 꺼내서보여 주시기도 하고, 섬세하게 다 설명해 주셔서방법도 다 익힐 수 있었던 유익한 시간이었습니다!검진과 용품도 순조롭게 진행되고있는 중 문뜩 지인이 한 말이 생각나더라구요.반려생활을 할 때 제일 힘들었던 부분이위생미용이라고 하던데 초보 견주인 제가스스로 해줄 수 있을까 싶더라구요.갑자기 생각난 김에 직원분에게 여쭤보니여기서 수원강아지분양 받은 아이들은모두 애견샵에서 기본적인 미용을받아볼 수 있다고 해요.얼굴 주변, 엉덩이, 관절에 무리가갈 수 있는 발바닥 털, 발톱까지!기본적인 관리를 해 준다고 하니 너무 마음이 편했어요.그리고 직접 방문해서 강아지입양 하는 게힘든 경우 전화나 문자, 다른 매체로 상담을진행 후 반려동물들을 집까지 데려다주는홈서비스까지 해 주고 있다고 합니다!요즘 같은 시대에는 워낙 대면으로일을 처리하는 게 힘든데 이런 것들까지상황에 맞춰서 준비해 뒀다는 게참 마음에 들더라구요.수원강아지분양 받으면서 건강검진,용품, 미용까지 필요한 걸 한 번에다 해결할 수 있다는 게 너무 유용하고시간도 절약할 수 있겠다는 생각이 들어정말 마음에 쏙 들었어요.​​초보 견주에게는 많은 도움을 받을 수 있는곳이고, 또 반려생활을 하면서 필요한꿀팁들까지 전수해 주시니 이보다좋은 애견샵이 있을까 싶네요. 강아지분양 받은 우리 미니어처푸들 멍이!지금은 어느 곳 하나 큰 무리 없이건강하게만 자라는 중인데요. :)앞으로도 이렇게 행복만 하면서커줬으면 하는 바람이랍니다.​",19,587,0,1,1050.4,14,,2021. 6. 30. 18:00
2,"내가 살고 싶은 곳, 'DIY미니어처하우스' 만들기!",속고 싶은 거짓말.,https://blog.naver.com/nyjini79?Redirect=Log&logNo=222421860166,"코로나로 인해 바뀐 풍경 중 하나는 바로 '집'에 대한 사회적 관심도가 높아졌다는 점일 것이다. 티비만 틀면 보이던 여행 프로그램들이 모두 다 사라지고, 그 자리를 차지한 것은 바로 건축, 인테리어 등 집에 관련된 방송들이니 말이다. ​내가 살고 싶은 집, 꿈꾸는 집을 미니어처로 만들어보면 어떨까. 상상만으로 행복해지는, 실제보다 더 진짜 같은 디테일이 살아 있는 그런 집이다. ​원래 피규어나 미니어처에 관심이 많은 편이라, 지나가다 발견하면 홀린 듯이 보곤 했다. 그래서 이번 기회에 직접 만들어 보기로 했다. 기왕이면 '내가 살고 싶은 집'이라면 더 좋겠다 싶어 아이엠미니의 인기상품인 '아파트타임' 제품을 골랐다. ​제품을 받으면 이렇게 기본 설명서와 한글 설명서가 함께 동봉되어 있다. 그리고 미니어처 제작에 필요한 가위, 핀셋 등 각종 필요한 도구와 미니어처를 먼지로 부터 지켜줄 '아크릴 케이스'도 받을 수 있다. ​우선 설명서가 두 개라 혼자 만들기 어려울 때는 두 사람이 같이 만들어도 좋다. 사실 나처럼 미니어처 만들기가 처음인데, 처음부터 중형 크기의 제품을 골랐을 경우 혼자 만들기는 다소 무리가 있으니 말이다. ​각종 도구들이 다 포함되어 온거라, 여기다 집에 있는 딱풀 정도만 추가하면 바로 만들기에 들어갈 수 있다. ​겁없이 도전한 초보라서 처음에는 설명서만으로는 좀 무리가 있었다. 다행히 아이엠미니 유튜브에서 동영상으로 만드는 방법이 자세히 나와 있다. 동영상을 틀어 놓고 우선 바닥 판부터 만들기 시작했다. ​수영장과 외부 바닥을 완성하고 집의 틀 정도 만드는 데도 시간이 엄청나게 소요되었다. 수영장의 정말 중요한 포인트인 조명 설치가 생각보다 시간이 많이 걸렸는데, 나중에 완성한 뒤 조명을 켜면 정말 아름답다. ​1층을 먼저 완성해야 하니 부엌에 있는 소품부터 만들기 시작했다. 정말 소품이 말도 안 되게 작아서 만들때 손에서 쥐가 날 정도였는데, 완성하고 보면 그 작은 크기 때문에 더 사랑스럽고 예쁘다는.. ㅎㅎ ​싱크대를 만들어 장착하고, 찬장에 있는 컵과 그릇 책들을 수납하면 대략 부엌은 이런 모양이다. 컵 손잡이며 냄비 테두리와 손잡이 등은 모두 선을 직접 구부려 모양을 만들어야 하는 작업이라 디테일을 요한다. 역시나 손에서 쥐가 나는 작업이었으나, 완성해놓고 보면 정말 근사한 소품들이다. ​부엌의 완성은 식탁과 의자인데, 스테이크 디테일이 정말 압도적이다. 실제로보면 정말 정말 크기가 작아서 눈이 돌아가는데, 완성해놓고 보면 이렇게 귀엽다!! 의자를 만드는 작업은 안에 쿠션감을 줘야 해서 꽤 오래 걸렸다. ​자, 이렇게 1층이 완성되어 가고 있다. 거실에 있는 소파 하나만 더 만들면 되는데... 예쁜 만큼 시간이 정말 정말 오래 걸리는 1층 작업이었다. ​거실을 완성하고 나서는 수영장 옆에 있는 선베드 차례. 시원한 스트라이프 색감이며 자그마한 쿠션까지 너무 예쁘다. ​이제 2층으로 올라왔다. 침실은 화려한 조명 만드는 작업이 좀 까다로웠는데, 만들어 놓고 보니 침실 분위기와 너무도 잘 어울렸다. 슬리퍼 두 쌍과 액자, 꽃병 등 역시나 소품들이 많아서 작업 하는데 시간이 꽤 걸렸다. ​이번에는 침실 옆에 있는 욕실이다. 욕조는 저 모양 그대로 들어 있고, 주변에 커튼과 거울, 수조 등을 만들어 붙이면 되는데 너무 예뻤다. ​욕실을 완성하면 분위기가 이렇다. 바닥 타일까지 너무 세련된 욕실! 실제로 이렇게 작고 예쁜 욕실을 갖고 싶다는 생각마저 들었다. ​이제 막바지 작업, 1층에서 2층으로 올라가는 계단이다. 계단 중간에 화분까지 놓아두는 센스! 이렇게 외부 계단을 올라갈 수 있는 2층 집에 실제로 살고 싶다는 생각이 들었다. ​드디어 감격의 완성샷!! 하루에 꽤 오랜 시간을 투자해서.. 일주일 정도 걸렸는데.. 보통 이 정도 사이즈면 2~3주는 걸린다고 봐야 할 것 같다. 매일 투자할 수 있는 시간이 한정적일테니 말이다. 초보라서.. 며칠은 거의 하루 종일 이 작업에 쏟아 부어야 했지만.. 완성된 모습에 그저 감탄을 금하지 못했다. ​정말 너무 너무 예쁜 완성샷!! 수영장이 딸려 있는 2층 집은 영화에서나 볼 법한 장소인데, 실제로 이런 집에 살면 얼마나 좋을까 싶은 생각이 절도 들게 하는 비주얼이다. ​​이 제품은 오르골과 조명이 포함되어 있기 때문에, 어두운 곳에서도 어떤 모습인지 확인해보고 싶었다. 조명을 켜니 더 근사한 모습의 집이 되었다. 게다가 이런 미니어처에는 먼지가 쌓이면 청소하기도 쉽지가 않은데, 뚜껑처럼 덮을 수 있는 아크릴 케이스가 정말 신의 한수라고 생각한다. 아크릴 케이스 덕분에 인테리어 효과도 더 두드러지고 말이다. DIY미니어처하우스를 직접 만들어 본 것은 이번이 처음이다. 전부터 관심이 많아서 지나치질 못하고 구경만 했었는데, 실제로 만들어보니 똥손이라도 충분히 만들 수 있다는 것! 단, 시간과 인내는 필수이다. 너무 작은 디테일들이 많아서 손에서 쥐가 날 정도인데다, 정말 많은 시간과 노력을 들여야 완성할 수 있으니 말이다.​하지만 아이엠미니 홈페이지에 가보면 초급, 중급, 상급 별로 정말 많은 제품들이 있다. 기왕이면 초급부터 도전해보면 머리 아프지 않게, 시작해볼 수 있을 것 같다. 아기자기한 소품을 좋아한다면, 집에서 혼자 즐길 수 있는 취미를 찾고 있다면, DIY미니어처하우스를 적극 추천한다. 집에서 보내는 시간이 많아진 요즘, 적은 비용으로 최고의 만족도를 느낄 수 있는 취미가 될테니 말이다. ​'아파트타임' 제품은 아래 링크나 아이엠미니 홈페이지에서 구매할 수 있다. ​​아이엠미니 공식 홈페이지 https://iammini.com/아이엠미니 공식 인스타그램 https://www.instagram.com/iammini_diy/아이엠미니 공식 유튜브 https://www.youtube.com/c/iammini​​*업체로부터 제품을 제공받아 주관적으로 작성한 리뷰입니다.",18,680,2,0,1579.4,10,text_ad,2021. 7. 6. 10:29
3,diy 책꽂이 미니어처 만들기 키트 고양이의 골목 풀템,마론하우스 : M.A.D.E,https://blog.naver.com/sadnessmj?Redirect=Log&logNo=222417646034,안녕하세요 마론입니다오늘은 조금 특별한 diy 미니어처 하우스를만들어볼거랍니다책꽂이에 꽂아서 장식 할 수 있는diy 책꽂이 미니어처 만들기 키트에요풀템의 diy 미니어처 만들기 패키지들은귀여운 미니어처도 사은품으로 주더라구요만들기전에안내문도 꼼꼼히 읽어봅니다책꽂이 미니어처 만들기 패키지는생각보다 간단해요칼선이 다 되어 있어서떼어서 조립하고 간간히 접착제로붙여주기만 하면 된답니다​조명에 필요한 건전지 박스도 들어 있구요건전지 박스는 미리 건전지를 넣어불량인지 아닌지불이 들어오는지를 확인해보는게 좋아요​기본 설명서는 중국어로 되어 있는데풀템에서는 한글 설명서가 함께 동봉되어 있어더 이해하기 쉬웠어요​설명서를 참고해서해당하는 조각들을 떼어내서조립을 해주면 된답니다​기본적으론 잘 떼어지는데잘 안떼어지면칼로 살짝 눌러주면 잘 떼어져요하나하나 따라서 하나하나 설명서대로 떼어내서 조립해주면어렵지않게 완성할 수 있어요붙여질 자리들이 미리 비워져 있어서바로 바로 붙여주면 된답니다한면을 완성하는데1시간도 안걸린것 같아요앉은자리에서 금새 뚝딱뚝딱 예쁜 벽면을 완성했어요반대쪽 벽도 금새 완성했구요고양이의 골목이라는 이름답게귀여운 야옹이들을 중간중간끼워넣어 줍니다조명 설치가 좀 어렵겠구나 싶었는데이것도 설명서대로 하나씩 따라해보니어렵지않게 완성했어요​센서등이 있어서그 센서에 빛이나 움직임이 감지되면불이 들어온다고 하더라구요완성한 양쪽 벽을 건전지 박스와함께 조립해주면 되는데저는 이 세면 조립하는게 제일 힘들었어요;​생각보다 조립이 딱딱 안들어가서막 두드려 가면서 조립했어요 그래도 이렇게 예쁜책꽂이 미니어처가 완성되었어요​이 책꽂이 미니어처는 불을 꼭 켜야 예뻐요정면엔 거울이 들어가는데그 거울이 비친 모습이 너무 예쁘더라구요​불은 위에 동그란 센서가 있는데움직이나 빛을 감지하면 불이 들어온데요​이렇게 살짝 지나만 가도불이 짠 켜지죠​저는 너무 감지가 잘되서?전원을 꺼뒀어요​움직이 없는 구석이나높은곳에 올려두면굳이 껐다켰다 안해도무드등으로 활용하기 좋을것 같아요​책꽂이에 꽂아두면 너무 분위기 있고인테리어 소품으로도 좋은것 같아요불이 켜지면 미니어처의아기자기함이 더욱 잘 보여서요건 꼭 불을 켜고 보셔야해요불빛도 은은하고인테리어 조명이나 인테리어 소품으로 너무 좋을것 같아요만들기도 어렵지않고집들이 선물로도 너무 좋을것 같아요​​https://smartstore.naver.com/fulltem/products/4505975260풀템의 F포레라인 2 고양이골목으로저는 만들었어요​다른 시리즈들도 많던데진짜 다 만들어서책꽂이 곳곳에 장식하고 싶더라구요​​저는 조명달고 조립하는데좀 끙끙대느라총 3시간 정도 걸린것 같아요​앉은자리에서 완성 가능한diy 책꽂이 미니어처랍니다​diy 미니어처 하우스가 어렵거나 오래걸려서 도전해보지 못하셨다면요건 쉽고 금새 완성이 가능하니만들어보셔도 좋을것 같아요!​​갑자기 또 확진자가 많아지니주말엔 집콕이 안전할것 같아요 ㅜ​재미있는 취미키트들 잔뜩 안고주말 집콕도 슬기롭게 즐겁게보내요 우리 :)​즐거운 주말보내세요​마론이였어요​​​:: 풀템에서 직접 골라 만들어 본 후기 입니다!,24,264,12,2,801.4,24,,2021. 7. 2. 15:22
4,"아이엠미니 협찬- DIY미니어처하우스 만들기, DIY키트",고무인간,https://blog.naver.com/shinanda1219?Redirect=Log&logNo=222425430382,"​예쁘고 아기자기한 인형의 집을 볼때마다 미소가 지어지고, 꼭 저런 집에서 살아보고 싶다는 마음이 종종 들곤 해요.​미니어처 하우스 집도 다양하게 만들어지고 있는데요,오늘은 미니어처 집을 비교적 손쉽게 만들어 볼 수 있는 DIY키트 제품을 소개해 보려고 해요.​아이엠미니라는 DIY 패키지를 판매하는 곳인데요저는 이곳에서 미니어처 하우스 DIY 키트를 체험해 볼 기회가 생겼답니다.​​https://iammini.com/​홈페이지에서도 확인할 수 있듯이 혹시 모를 누락 부품이 생기면  신청이 가능하고,외국 제품이지만 한국 설명서와 함께 여러 가지 만들기 팁을 동영상으로도 확인할 수 있어요.또 상시로 이벤트를 진행한다고 하니, 관심이 있다면 좋은 기회가 있을 때 찾아보는 것도 좋을 것 같아요. ​​저는 요즘 심심해하는 아이들과 만들어 보려고 미니어처 하우스 DIY 제품들을 찾아봤어요.제품이 정말 다양하더라고요.​난이도가 나눠져 있어서 선택에 참고가  되었는데,제가 도와줄 거라 '은손' 난이도를 택했습니다.​제품명은  '스윗타임즈' 입니다.핑크핑크한 공주님 하우스죠^^​울 꼬맹이들 보자마자 이런집에서 살고싶다고ㅎㅎ​ 제품이 규격에 맞게 잘라져서 포장이 되어있습니다. 필요한 도구들도 함께 들어있고요.설명서는 한국말 번역본이 함께 있어요.저도 처음으로 DIY 키트를 접해봤고, 난이도가 쉬운것은 아니라서 보면서 생각을 계속 하게 되더라고요. 아이들 입장에서는 조금  어려울 것같아요.그래도 간단한것들은 찾아서 예쁘게 조립해가더라고요.칼 사용은 그동안 못하게 했는데, 잘 잘라지는 클레이케인이고, 많이 위험하지도 않아서 직접 잘라보게 했습니다.작은것 하나에 너무너무 좋아하네요.계단도 만들어 주고요~전체적인 하우스 틀은 제가 조립해 주었어요.​바닥 과 벽은 모양은 종이를 잘라서 나무에 붙여 줘야해요. 붙이는 수고를 조금 더 해줘야 합니다^^​제가 집 모양을 만들고 있는 동안 침대 제작을 하고 있는 아이에요.레이스를 붙여주며 하나씩 완성되어 가는 모습을 보며 무척 뿌듯해 하네요.이렇게 하나씩 만들어 갔어요.미니어처 하우스를 빛나게 해줄 예쁜 전등~ 참 아기자기한 멋이 있네요.생각보다 시간은 오래걸리더라고요.다음날 다시 아이들과 만들어요.이번에는 종이에 천을 붙여 쇼파를 만듭니다.양면테이프가 참 요긴하게 쓰이네요. 쇼파도 모양이 점점 완성되어가네요.가구 배치가 너무나 궁금해 일단 만들어 진것은 자리에 놓아봅니다.아이들과 설명서대로는 만들지 않았어요.아이가 원하는대로 꾸밀것은 꾸미고, 아이가 만든 작은 소품으로 대체하기도했고요.이렇게 응용할 수 있다는 것도 이런 제품들의 장점인것 같습니다.​그럼,완성작을 공개합니다~ㅋㅋㅋ전등은 재미있는 센서가 있어서 진동소리로 온오프를  할수 있더라구요.박수를 치면  켜지고, 꺼지고...아이들은 요런거 진짜 재미있어 하죠!​핑크핑크한 예쁜 집~작은 소품들까지 더해서 아기자기한 예쁜 집이 완성된것같아요.시간이 좀 걸렸지만, 아이들과 함께 완성을 해서 더 뿌듯하네요.난이도 가 조금 더 낮은 작은 모형은 초등학생들도 혼자 충분히 할 수 있을것 같더라고요.완성된 미니어처 하우스~내손으로 무언가 하나씩 만들어간다는 재미를 느끼게 해주는 재미있는 작업이었어요.​​​해당 업체로부터 제품을 지원받아 작성되었습니다.​#아이엠미니 #DIY미니어처하우스 #DIY키트 #미니어처 #미니어쳐 #미니어처하우스만들기 #고무인간 #신난다​​​ 
",23,333,17,1,220.6,41,text_ad,2021. 7. 9. 10:28
5,5월 시간표 부산 돌하우스 미니어처,DOLLHAUS 푸펜하우스 부산서면점,https://blog.naver.com/dollhaus?Redirect=Log&logNo=222312528652,"​​5/1 토요일 원데이 꽃만들기​시간표 조금 변동이 있어요평일 오전 시간을 하루 늘렸어요대신 화요일 저녁반을 줄였어요 우선 한 달 이렇게 시간표 진행해볼게요​수강료 관련​간단하게 초급과정은 15만원(재료비포함)정도 예상하시면 됩니다상세 설명은 공지사항에 있는 목공정규과정 포스팅 참고해주세요취미로 원하는 작품위주의 수업을 원하시는 분들은최소 목공 중급과정 이후 가능합니다​그리고 개인진도라 월별이 아니니 언제고 시작하시면 됩니다예약은 최소 하루전까지만 받습니다^^공방 특성상 남자 수강생분과 어린 수강생분은 받지않아요원데이는 현재 수강생분들에 한해서 진행됩니다참고해주세요~~^^​더 궁금한 게 있으시면 김쌤에게 카톡 dollhaus방문상담은 예약필수​목공정규과정 안내https://blog.naver.com/dollhaus/221187304384 
 
 
",1,67,0,0,49.8,3,,2021. 4. 26. 0:10
6,DIY미니어처하우스 플라워카페 완성,몽실이의 리폼이야기,https://blog.naver.com/jounglove79?Redirect=Log&logNo=222354402333,"​아기자기한 작은 세상을 좋아는 하지만디테일 작업에선정말 어렵고 시간도 오래 걸리고너무 고생하여 만들어서 그런지조금은 더 의미가 남다르게느껴지는 작업이었답니다. ^^​오랜만에 아이들과 온가족이모여 앉아서 만들어서그래서 더 의미가 있었답니다. ^^​​​​힘들게 힘들게 만들어 완성하고 보니예쁘긴 예쁘더라고요 ^^​취미생활로집에 콕 하면서 천천히 도전해 볼만하다 싶기도 했고요~​​​​​아이엠미니 라는 업체에서구입이 가능한 DIY미니어처 만들기인데요​수없이 많은 제품들 중저희는 플라워 카페를 선택했답니다.​​​​​​예전에개인적으로 구입한 제품에는한글 번역 설명서가 없어서만들면서 헷갈리고 더 고생했던 기억이 있는데요​이번엔 포장박스를 개봉하면많은 작디작은 재료들과한글 번역 설명서까지 있어서만드는 내내 정말 많은 도움을 받으며만들 수 있었습니다.​​​​​​설명서 하나하나 들여다보면서아이들과 셋이서 한숨만 푹푹 쉬었네요 ㅋㅋ​어찌나 오리고 붙이고 해야 할 게많던지 거기서일차적으로 한숨이 나오더라고요 ㅋ​​​​​​연신 오리고또 오리고~ ^^​​​​​​바닥면이 될 부분에잔디, 타일을 표현해 주는 것 또한풀이나 본드로 붙여 주면 된답니다.​​​​​​​​뭐가 그렇게도 많던지 ^^​플라워 카페를 선택한 것에얼마나 후회를 하면서 만들었는지 몰라요. ㅋㅋ​​​​​​​카페 내부를 꾸며야 하는작은 가구와 음식들 오리고 붙이고 또 붙이고~ ^^​​​​​​​딸아이가제일 고생을 많이 했어요. ^^​계속해서 만들고 붙이고또 만들고 너무 고생해서 어찌나 미안하던지... ​​​​​​장식장도 만들고미니 테이블, 책등을 모두손수 만들어줘야 하는 작업들이었어요​​​​​​​카페답게먹음직스러운 모형 미니케이크들도여러 종류로만들어 장식을 해주었어요~​​​​​​​해도 해도 끝이 없던 작업들이었던 것 같습니다 ^^​​​​​​​​하나하나 채워 넣어야 하는작업이 말도 못 하게 긴 시간을 투자해야했어요~ ^^​​​​​하나둘 벽체를 세워주기 시작했습니다.​​​​벽을 세운 뒤만들어 놓은 가구와 소품 등을하나 둘 본드 칠해 가며 붙여주고조명까지 연결해 주었답니다~​​​​​정말 많은 노고가 따르는 작업이네요 ^^​​​​채워 넣은 후나머지 벽과 지붕을 꾸며 주었어요​​​플라워, 거기에 어울리는식물들까지 작업이 완료되었습니다.​​​​​그래도 열심히아이들과 움직여 만들면서정말 힘들고 지루하고그랬지만이게 또 다 만들고 나니 뿌듯함은두 배로 느껴지는 작업이었던 것 같습니다. ^^​​​​​​​​아기자기 한 DIY 미니어처 하우스를이렇게 완성하고 나니예쁘긴 예쁘더라고요~ ㅋ​​​​​설명서만 제대로 보면서차근차근 느긋하게 한다면어떤 똥 손이라도 상관없이 완성은할 수 있답니다. ^^​하다 하다 몇 가지 빼먹은 건 있지만포인트 되는 것은다 만들어 장식했어요~ ㅋ​​​​​​​뒤쪽문에는 오르골이 장착되어손잡이를 돌려놓으면멜로디도 울려 퍼진답니다 ^^*​​​​​​​​제일 고생 많이 한 딸이다 만들고 나니 예쁘긴 하다며고생한 보람이 있네요~그러더라고요 ^^​평소 미니어처 만들기에 관심 있으신 분들은구경해 보시고 쉬운 DIY 키트로 선택하셔서도전해 보시는 것도 나쁘지 않을 것 같아요~ ^^​​​​​​이 글은 아이엠미니 에서 제품을 제공받아 직접 만들어 작성된 글입니다.",65,286,0,2,3153.0,60,text_ad,2021. 5. 17. 13:54
7,집을 짓자! (DIY미니어처하우스) 시애틀 풀빌라 ~ing 다섯번째,"kirakira ""손"" 놀이터",https://blog.naver.com/mabusii?Redirect=Log&logNo=222261802417,"집을 짓자! 내집 마련하기 ~ing 다섯번째​오늘은 지난번 짓던 1층 마무리를 하고2층 바닥을 올리고욕실과 침실을 정리할 예정입니다.​​​지난번 주방 옆에 비어있던 공간에첼로를 넣고 샷시 작업을 해주었어요.천장에 조명이 들어오면 더 연주하는 맛이 나겠지요? ^^​​​​​펜스 작업도 해주니 더 있어 보입니다 ㅋㅋ한쪽 기둥을 세우고 2층 바닥 공사​​​​조명 만들기거실 샹들리에 - 와 이거 진짜 모양 잡기 너무 힘들었어요. 왜 착 안 붙어주냐고요 ㅠㅠ첼로 악기룸의 꽃조명 - 간단해서 제일 좋았음 ㅋㅋ욕실과 외부 기둥 조명 - 반투명 구슬 안에 조명이 쏘옥~ 불 켜면 예쁠 것 같아요.침실 조명 - 투명 호스 잘라 씌워줌​​​​조명 전선들저걸 잘 이어서 불이 들어와야는데잘 될지 어떨지안되면 오라버니한테 sos 해야지요 ㅎㅎ​​세면대, 변기, 욕조, 샤워기, 샤워커튼, 거울, 기타 소품들샤워커튼이 제일 어려웠어요.​​​그나저나 1층 계단을 올라오면 욕실로??이 무슨 구조인 게냐ㅋㅋㅋㅋ​​침실 완료침대, 베개, 이불, 핸드백, 슬리퍼, 캐비닛, 사이드 테이블, 기타 소품들처음엔 소품 하나 만들기도 힘들었는데 쪼끔 익숙해졌다고 침실은 뚝딱 ㅎㅎ​여기서 깜짝 퀴즈!침실을 만들면서 7가지 중 제가 제일 힘들었던 건 어떤 것일까요?하나만 찍어주세요!제일 먼저 맞추신 분께 스티커 선물 드립니다 ^^​​​이제 80% 정도 진행되었어요.수영장과 지붕, 기타 마무리하고 불만 들어오면 완성입니다.다음엔 완성된 집과 함께 올게요 ^^​놀러 올 준비하고 계세요~다들 여권 준비하셨죠?ㅋㅋㅋㅋ​​​#아이네스님선물#미니어처만들기#미니어처하우스시애틀#DIY#내집마련은어려워#거의다왔다!​킨

\

6
병

(0

60
0
# 티
않

0
600

0
디라06틴
",17,168,41,0,217.0,60,,2021. 3. 2. 14:54
8,미니어처 관심 있으세요? 하얀미소 미니어처와 해외자료 함께... ,하얀미소의 행복한인테리어일상,https://blog.naver.com/smileho05?Redirect=Log&logNo=222238112032,"저는 미니어처에 관심이 많답니다.관심은 많은데 제가 하는 일에 미니어처 분야는 들어가 있질 않아요.​하지만 셀프 인테리어 만 17년, 인테리어 교육도 11년 넘게 하다 보니인테리어를 할 줄 아는 사람들에게는미니어처에 필요한 도구나 기법 등이 무척 유리한 분야구나 하는 생각은 하고 있답니다.​누구보다도 더 많은 표현이나 형상을 만들 수가 있으니까요.각종 공구나 페인트, 그 외 특수 재료를 다루어 본 사람은미니어처 작업을 할 때더 사실적인 묘사를 할 수가 있으니 분명 접근도 쉬울 거예요.​우선 해외 자료를 구경 하시기 전에저의 미니어처 사진도 구경해보세요~​이때만 해도 해외자료 찾는 법도 몰라서모두 저의 아이디어로 나온 창작물이 많다 보니요즘에 볼 수 있는 자료보다는 덜 멋지겠지만​혼자 가구를  만들고 페인팅하고 실제 사는 집처럼 꾸미기 위해아주 오랜 시간 몰입했던 제법 커다란 미니어처 집이랍니다.실제로 성인 1명은 들어갈 수 있고요.작은 어린이는 두 명도 들어갈 수 있는 공간을 가진미니어처 집이랍니다.​​실내 내부의 모습이에요.모두 나무를 잘라서 가구를 만들고 인테리어를 했어요.침구도 직접 만들고 원피스도 만들어 옷걸이에 걸어주고이거 만들 때만 해도 몇 달을 아이디어 내서 올인했던원주 목장에 설치해 주었던 미니어처 집!제 추억 속의 작품이랍니다.빈티지 페인팅 기법, 타일 기법도시락 통으로 싱크대 볼을 만들고 우산 손잡이 부분으로 수전을 만들었던그 모든 작업들을 회상하는 이 시간도나는 미니어처를 좋아하는 사람이구나라는 생각이 들게 하지요.​​추억 속의 현장으로 직접 가보시려면 아래 링크로 들어가셔요~얼른 다녀오세요.​저도 벽돌을 좋아하는데요.위 제가 만든 미니어처 집 외부에도 브리스틀 벽돌 페인팅으로벽돌의 느낌을 주었었지요.​​[자료출처:pin]그래서 이런 미니어처를 보면 내가 할 수 있는 게 어떤 게 있나면밀히 살펴보게 된답니다.벽돌은 이렇게 하면 되겠고 문은 계단은 이렇게 저렇게...혼자 벌써 집을 다 짓고 있다니까요.​바라만 보아도 저집에 가있는 양 너무 힐링이 돼요.​진짜 제가 셀프 할 때 했던 작업들 동원하면이렇게  동화 같은 집을 만들 수 있겠다는 생각에가슴이 콩닥거릴 때가 많아요.너무 이쁘지 않아요?​미니어처를 들여다볼 때는 소재를 참 많이 보게 돼요.어떤 걸로 어떻게 만들었을까디테일하게 표현된 소품들을 보노라면 풍요롭지 못하던 시절의 작은 낭만들이 지금의 풍족한 세상보다 더 행복했음을 느낄 수 있거든요.​이 사진들은 호빗 하우스라고 하더라고요.정말 요정이나 난쟁이가 사는 집 같지요?​나뭇가지 하나만 꽂아도집 분위가 살아나고 시멘트 벽면이 멋스러워요.따듯한 조명은 더 추억 돋게 하네요.만드는 과정도 살짝 보여드리는 사진이에요.돌로 만든 미니어처 집도 멋지고~나무로 만든 허물어져 가는 빈티지 집도 멋지고~나무막대와 모스를 이용해서 만든 풍경 액자도 멋지네요.​세상의 핸드메이드 작품들은 저마다 개성을 갖고작가의 혼이 불어넣어진 창작물로보는 이들에게 행복감을 선사하지요.1!
 
 
",23,325,14,0,987.6,60,,2021. 2. 9. 19:53
9,DIY미니어처 미미네공방 피아노 만들기 키트,양감의 양감LIFE,https://blog.naver.com/yangsart?Redirect=Log&logNo=222418712405,"지난번에 미니어처로 가게 만드는 걸 보더니 아이가 자기도 하고 싶어해서 좀 더 쉬운  DIY미니어처 피아노 만들기 키트를 준비했어요. 미미네공방 미니어처 제품으로, 간단하게 조립만 하면 되니까 초등학생도 쉽게 만들 수 있어요. 오르골도 포함되어 있습니다.  ​ DIY미니어처 키트니까 부품이 많으려나 했는데 생각보다 부품은 많지 않네요. 그래서 만들기 쉬워요. ​  목재라서 자유롭게 채색이 가능한 피아노 미니어처키트에요. ​​ 한글 설명서가 들어있는데 모양은 살짝 다르지만 순서는 비슷하게 조립하면 됩니다. ​​ 어떤 부품인지 바로 옆에 써있어서 아이 혼자서도 편하게 만들 수 있을 것 같아요. 레이저 컷팅이 되어 있어서 편하게 떼어 조립할 수 있네요. ​​ 미미네공방 DIY미니어처 피아노 만들기 키트 구성품입니다. 조립할 부품과 오르골, 드라이버, 목공풀도 들어있어서 따로 준비물이 필요없네요.    채색은 집에서 구하기 쉬운 싸인펜, 색연필로 했어요. ​​ 싸인펜이 잘 먹어서 칠하기 편해요. ​​ 그렇지만 색연필이 더 색상이 다양해서 대부분은 색연필로 색칠했어요.    피아노 의자 조립은 아이가 혼자 했어요. 초1 아이가 하기에도 쉽거든요. 피아노 본체는 좀 도와줘야했구요. ​​ 밑판은 아이가 마루바닥으로 만들겠다며 색연필로 저렇게 색칠했어요. ​​ 목공풀이 필요한 부분은 많지는 않아요. 그렇지만 목공풀이 없었다면 붙이기 힘들었을테니 DIY미니어처 만들기 키트로 들어있는 게 고마웠어요. ​​ 오르골은 드라이버를 이용해 볼트로 조여줍니다. ​​ 초1이라서 이 부분을 제가 도와줬어요. 초등학교 고학년 정도면 어렵지 않게 만들 수 있는 수준이에요. ​  아이가 직접 색칠하고 조립한 거라 엄청 좋아하더라구요. ​  오르골 손잡이를 돌려 음악이 나오는 것도 좋더라구요. 작고 단순한 미니어처만들기지만 요런 소소한 기능 좋아요.    색칠이 어설퍼 보이지 않을까 했는데 조립하고 나서 보니까 나름 괜찮더라구요. ​​ 위에서 내려다보면 이렇게 생겼어요. 크기는 요정도로 사이즈가 작으니까 책상 위에 올려두기 좋네요.    아이가 직접 색칠한 거라 성취감이 높아 좋더라구요. 목재라서 부담없이 채색이 가능합니다. 처음 목재 상태 그대로 조립해도 되지만 이왕이면 이렇게 색칠하고 조립하는 게 더 예쁘고 개성있는 것 같아 만족스러워요.    동영상에 미미네공방 피아노 미니어처만들기 키트 완성한 외관과 오르골 소리 담아봤어요. ​​ 건반 부분에 흰색을 칠해야겠는데, 하얀색은 색연필밖에 안보여서 이렇게 칠했어요. ​​ 페달도 있구요. ​​ 바닥은 아이가 마루바닥으로 색칠 마구마구 했지만 조립하고 보니 괜찮네요. ​​ 피아노 측면으로 오르골을 돌릴 수 있는 손잡이가 있어요. 손잡이를 돌리면 음악이 나와서 아이가 재미있어 하는데요, 손잡이를 돌릴 때에만 음악이 나오네요. 쬐끔 아쉬움도 있지만 그만큼 조립이 쉬워서 어린이도 만들 수 있는 점이 좋네요.    저번에 만든 미니어처 가게와 같이 놔둬봤어요. 미니어쳐끼리 모아둬도 재밌더라구요. ​  측면과 뒷면은 이렇게 생겼어요. 뒷면은 오르골을 부착한 뒷모습이구요, 귀찮아서 채색은 생략했어요. 진짜 피아노처럼 정교한 모습은 아니지만 초등학생도 쉽게 만들 수 있는 DIY미니어처란 점이 좋네요.   ​다른 인형들과 매치해도 재미있어요. ​​ 조립이 쉬워 부담없는 미미네공방 DIY미니어처로 아이와 즐겁게 미니어처만들기 했어요. 직접 색칠하고 조립하니까 더 뿌듯해하더라구요. 따로 준비물 필요없이 바로 작업할 수 있는 점도 좋았구요.단순한 형태지만 조립도 쉬워서 미니어처만들기가 처음이거나 막막한 사람들이 하기에도 좋을 것 같아요. ​​ ​기     이 리뷰는 실제 상품-서비스 외에 경제적 대가 없이
00098      올바른 리뷰문화몰 만들기위해 작성된 리뷰입니다
",31,426,6,1,2779.0,14,,2021. 7. 3. 12:18
10,DIY 미니어처 하우스 만들기 아이엠미니 드림하우스 취미활동,뚝딱리폼 DIY 주는사랑의 작은변화,https://blog.naver.com/impok1004?Redirect=Log&logNo=222369558655,"오늘은 주는사랑의  DIY 미니어처 하우스 만들기 올려봅니다.조금 괜찮아지나 싶더니 춘천은 다시 코로나로 인해 2단계로 격상해서 또 제제가 심했졌답니다.그러다 보니 다시 집콕해야 하는 시간들이 더 많아지겠죠.이럴때 취미생활이나 취미활동으로 DIY 미니어처 하우스 만들기 해보시는건 어떨까 싶네요.​​주는사랑은 뚝딱질을 좋아하는 인테리어 블로거다 보니 DIY 미니어처 하우스 만들기에도 은근 관심을 많이 갖게 되는데요.미니어처를 구비해 직접 조립하기도 하는데요.​​이번에 조립하게 된 건 아이엠미니 달콤 드림하우스 DIY 미니어처 하우스랍니다.네이버 쇼핑 판매 1위를 차지 하고 정도로 인기만점이라고 해요.아이엠미니 달콤 드림하우스는 만드는데 3~4일 정도 소요되며 중급이라고 보시면 되는데요뭐 급하게 하고 싶지 않다면  일주일 정도 여유를 두고 만들어 보시는 것도 좋으실듯 해요.14세 미만 어린이는 혼자 하게 쉽지 않은 작업이니 보호자나 어른과 함께 만드시면 좋겠네요.​​미니어처 만들기 자랑 뿜뿜이벤트 부터 방구석 똥손 이벤트까지 다양한 이벤틀 진행하고 있는데요카카오톡 플러스 친구 아이엠니 추가 하고 100% 당청 자랑 이벤트에 참여 하면 되는데 스타벅스 아메리카노 키프티콘은 물론당첨을 통해 24K순금 배지 증정 이벤트까지 푸짐하답니다.​​​​​조립하기 전 동봉되어 있는 설명서와 함께 부품 체크는 필수!!​​재료들이 깨알 같이 들어 있네요.우드 재료, 천, 구슬, 램프부터 자, 핀셋, 조각칼, 드라이버, 가위, 송곳, 검은팬에 순간접착제외 본드 등 깨알같이 들어 있어서 따로 조립하는데 있어 재료를 준비하지 않아도 된답니다.​조립팁이 있다면 나무재료, 천부터 전부 번호와 알파벳이 적혀 있는데요.재료들을 전부 꺼내 놓지 말고 설명서 보면서 번호와 알파벳에 맞춰가며 하나하나 꺼내가며 조립해주세요전부 재료들을 다 꺼내놓으면 나중에 찾아 조립하기 곤란해 질수 있답니다.​​​조립설명서는 영문과 한글판 두개가 들어 있어서 두세명이 조립할때도 조립설명서가 두세트다 보니 보기도 편하다는 점!!​​​​먼저 벽과 바닥을 붙이기 위해 필요한  벽지와 장판을 오려 준비해줍니다.​​그리고 접착제를 밀대 등으로 고르게 발라주고 잠깐 기다렸다가 붙여주면 접착이 다 잘된답니다.​​울 작은아이와 옆지기도 조립 광이랍니다.전 사실 미니어처 조립보다는 뚝딱질을 더 좋아라 하지만 울 아이와 옆지기가 미니어처 조립하는걸 좋아해서아이 위해 구비해주곤 하는데요.취미활동으로 집콕하면서 여유 있을때 만들기는 제격인듯 해요.울 딸래미도 옆지기도 무척이나 진지합니다.​​벽지와 장판을 붙이고 바닥판과 벽 차례로 조립해 나갑니다.​​​그리고 작은 소품들 세탁기나 디퓨저나 욕실에 사용하는 비누네 세면도구 등도 전부 조립해줍니다아 그리고 귀여운 스쿨걸도 이벤트로 무료 증정되고 있네요.​​​싱크대로 만들고 수납장 등 계단외  LED 전구 까지 직접 연결해 만들어 주고  벽과 연결을 해주는데요LED 전구의 흰색은+극 회색선은 - 극이니까 +극과 -극을 구별해 연결해 주면되는데요설명서를 보시면 어렵지 않게 연결을 직접 할 수 있답니다.​​​창틀과 옷장도 조립해 부착해주고 커튼도 직접 만들어 줍니다.​​1층 욕실에 샤워공간과 세면도구 거울부터 변기 등  동봉되어 있는 접착제를 이용해 조립해요.​​​욕실까지 완성하면 거실쪽 벽도 세워주고 냉장고도  조립하고 그위에 상판도 올려줍니다.​​​조립해준 싱크대도 접착해 이용해 부착해주는데요.대리석 상판에 인덕션까지 정말 디테일 그자체죠.​​​2층 한쪽으로 창문과 옷장도 조립해줍니다.하나하나 완성되어 가는 모습 보니 뿌듯하네요.​​​이제 주방 그릇이나 냄비 접시, 침실가구, 쿠션, 이불과 테이블. 가벽까지  전부 직접 만들어 줍니다.주는사랑은 침대나 소파 등의 조금 큰 사이즈는 만들지만 아주 작은 디테일을 요하는 냄비나 작은소품 등은 성격상 내스타일은 아닌데 그래도 울 딸래미와 옆지기가 열심히 꼼꼼하게 잘 만들어 주었답니다.뭐 솔직히 미니어처는 저보다 울 작은 딸래미가 더 좋아하는 취미활동 중 하나기이고 해서 울 딸래미가 거의 다 만들긴했지만요~​​​가벽부터 계단까지 완성한 모습이네요.​​그리고 LED 등도 필요한 벽면에 전부 설치해줍니다.​​그리고 설명서를 보면서 만들어 준 가구나 소품들을 거실이나 주방 방에 맞춰 배치해 조립해줍니다.​​이렇게 해서 예쁜 DIY 미니어처 하우스 달콤한 드림하우스 만들기 완성했답니다.156,2× 245×166mm 아담한 사이즈의 미니어처로 마음의 여유를 갖고 천천히 조립해주는 것이 포인트 같아요.​​침실공간과 주방 욕실까지 LED 등까지 있어 등을 켜두면 은근 감성돋는데요그뿐 아니라 계란이 있는 공간은 센서등까지 있는데요손뼉을 치면 센서등이 켜졌다 커졌다 하는데 디테일까지 신경쓴 부분이 맘에 들더라고요.​​​소리에 반응하는 센서등까지 센스만점!! 디테일의 끝판왕!!​​​나의 공간 나의 작업실에  비치해두었답니다울 딸래미가 만든 작품이네요.​​​조명을 전부 켜놓으면 감성까지 느껴지는 드림하우스랍니다.​​​울 딸래미 만들때는 손도 많이 가지만 하고 나면 뿌듯함 그자체라며~ 가구부터 소품까지 직접 만들어서 더 의미 있다고 하는 거 있죠.​​​바로보고만 있어도 미소짓게 만든  미니어처 하우스!!핑크톤이 은근 러브리하면서도 감성 있네요.​​​나의작업실이 있는 홈카페 공간에 이렇게 두니 은근 인테리어 만점이네요.뭐~ 인테리어 소품으로도 손색이 없네요.​​​밤에는 LED등을 켜두면 취침등으로 사용해도 손색이 없네요.밤에 보니까 더 이쁜거 있죠감성 뿜뿜이랄까요?? *^^*​​​​밤에는 취침등이나 무드등으로 사용하고 낮에는 인테리어 소품으로 밤에는 조명등으로 사용해도 좋겠죠.​물론 저는 인테리어를 애정하다보니 미니어처 집 배치해놓는 것만으로 행복 그자체네요저에게는 인테리어 소품으로 활용하기 딱이랍니다.미니어처에 관심있고 애정하는 분들이라면 여유를 갖고 천천히 만들어 보고 싶다면 추천드리고 싶네요.​ 
고
브 으
과 354
떠 00 로
= 중 브
뜨 ㅋ 그
죽:    =
0 이"" 62
이] 48 까
때 국 ㅁ
< 그
ㅇ1 102
버 구0 50

고
퍼] 서 0
고
브 으
과 354
떠 00 로
= 중 브
뜨 ㅋ 그
죽:    =
0 이"" 62
이] 48 까
때 국 ㅁ
< 그
ㅇ1 102
버 구0 50

고
퍼] 서 0
고
브 으
과 354
떠 00 로
= 중 브
뜨 ㅋ 그
죽:    =
0 이"" 62
이] 48 까
때 국 ㅁ
< 그
ㅇ1 102
버 구0 50

고
퍼] 서 0
",33,602,38,1,4589.6,60,text_ad,2021. 5. 27. 10:53
11,미니어처_컨츄리 하우스,여곰's 꼼지락 핸드공방,https://blog.naver.com/kidari800412?Redirect=Log&logNo=222422068276,"작다고 얕봤다가 크게 데인 꼼지락거리입니다지금도 목이 아프고 눈이 아프고.. 한 것 같아요;;​친구가 생일선물로 줬던 #미니어처 만들기인데요이제야 완성 포스팅을 올립니다​(이건 만들기 폴더가 맞을까요? 붙이기 폴더가 맞을까요?)만들기도 맞지만 붙여서 만드는 거니까(?)붙이기 폴더에 정리하는 걸로!!​​​완성 컷입니다거치대도 토끼 모양이네요한 손에 잡히는 작은 케이스를 열면 예쁜 #컨츄리하우스 가 나옵답니다 ^^​​​​-뭐~ 반나절 정도 ""뚝딱!"" 하면 되겠지 하고열었다가 진땀을 흘렸네요일단 본드로 붙여서 고정될 때까지 기다려야 하는 것도 있고생각보다 시간이 많이 걸리는 작업이에요미니 소품들이랑 배경 작업(집, 마당, 나무, 전구)까지 정리해놓고 한번 쉬었다가 전체 장식 마무리하는 작업으로 2번을 나눠서 했어요​사이에 틈이 너무 길었네요;;​미니어처다 보니 재료도 조그맣네요재료가 다 든 게 맞나 싶을 정도로 간단해 보이지만..안내 책자에 구성품 확인해보면  다 있습니다다 있드라구요~ㅎㅎ​​​​#미니소품들 정말 작아요;;;;아~! 이게 이렇게 되는 거야? 하면서 작업했답니다​다한증이 있어서 손에 땀이 나기 전에 손을 말려가며 해야 해요안 그럼 붙어야 할 자리에 붙지 않고 제 손으로 다 붙어버리거든요작아서 힘든데 땀까지 도와주면(?) 최악이죠 ㅎ;;​​​여기까지 1차 작업해놓고자리 잡아서 본드가 굳을 때까지 기다려요숲속 재료를 꾸미기 전에 베이스가 되는 아이들이 단단히 고정돼있어야 작업하기 편할 것 같아서요 ​핀셋이 있으면 작업하기가 더 수월해요첨에 핀셋 찾아꺼내기가 귀찮아서 그냥 해서손에 본드가 덕지덕지 붙었어요​​​시간이 얼마나 지났을까요?깜박 잊고 방치하고 있다가 생각나서 급 마무리했어요~​​​​​두두둥!! 개봉 박두 ㅋㅋ핀셋으로 대충대충 꽂아주면 돼요~토끼 가족도 그냥 그네에 고정시켜 버렸어요나중에 여기저기 굴러다니는 게 싫어서최대한 야무지게 붙인다고 붙였는데잘 붙어있길 바래요~ ^^15X17 정도 되네요앞에 것 보다가 완성 사진 보니까 확실히 많이 다르네요​​풍성한 #숲속하우스 가 되었어요^^완성하고 나니 너무나 뿌듯한 거~~~​​​​밤에 형광등 끄고 조명도 켜보고~혼자 씐이났어요정말 이런 숲속하우스가 있다면 밤엔 이런 느낌이겠죠?​​​밤낮없이 그네를 타는 토끼 커플입니다 ^^​​​​뭐 이런 것까지 디테일하게 만들어야 하나..너무 작아서 티 나 날까? 하면서 만들었는데완성품은 너무 만족스럽습니다~ㅎㅎ​저는 손에 땀도 많고 속도가 느린 편이라시간이 많이 걸렸지만..보통은 반나절이면 완성할 수 있을 것 같아요​​​""친구야! 드디어 완성했다!!""​2021.06.28​​​​​​​​​by. 여곰 (여곰's 꼼지락 핸드공방 http://blog.naver.com/kidari800412​)-도안과 사진은 무단으로 데리고 다니시면 안 돼요. 따뜻한 공감과 덧글 함께 해주시면 큰 힘이 될 거예요. * ^ - ^*​​​​#드림박스 #DIY미니어처 #컨츄리하우스 #미니어처하우스#만들기 #붙이기 #꼼지락 #핸드메이드 #취미 #공예 #미술 #가구 #인테리어소품​​​​​​...​​​​​​​​",21,292,0,0,179.0,4,,2021. 7. 6. 14:13
12,아카데미과학 1/35 전차 보급품 세트 II 미니어처 악세사리... ,Game & Toy,https://blog.naver.com/love7405?Redirect=Log&logNo=222403194331,"아카데미과학 1/35 전차 보급품 세트 II 말그대로 전차 보급품 세트 프라모델 입니다.​​​제품 번호는 1383​​탱크나 트럭 꾸미기에는이런 악세사리 제품이 좋아요.​​다양한 언어로 적혀 있네요.​​제품박스를 보면 해당 박스아트로 나온건 1996년이 첫출시로 보입니다. ​​이제품의 제조일은 2008년 12월 제품​​조립전 주의사항과 초보자 가이드​​​런너는 총3장이 들어 있어요.​​​각종 상자랑 기름통이 많이 들어 있네요.​​런너에 보면 1996년 금형으로 생산초판은 1996년에 나왔군요.​​​쇠사슬 디테일도 봐줄만 합니다.​​카세트 라디오가 들어 있어요.귀엽네요^^*저거 예전 중학교시절 친구집에 있던거랑 똑같은 ㅋㅋ추억 돋습니다.​예전 제품이라서 접착제가 들어 있습니다.아카데미 제품에 접착제가 들어 있다면일단 오래된 제품이예요.​아카데미 킷에서 본드가 사라진지 오래 되었습니다.​제품 설명서기관총도 들어 있고 ​​드럼통이랑 미군, 독일군, 이스라엘군이 사용하던 기름통이 많이 들어 있어요.디오라마용 탱크나 트럭에 사용하는 제품.​​​아카데미 미니어처 악세사리는 뭔가 푸짐한 제품 같습니다.​​절판되어서 보기 힘들어진것이 아쉽네요.암튼 AFV 악세사리로 사용하기 좋은 제품 같아요.^^*​​​ 
 
",17,110,10,0,2841.0,10,,2021. 6. 19. 15:17
13,diy 미니어처 하우스 플라워카페 로즈가든 만들기 01... ,마론하우스 : M.A.D.E,https://blog.naver.com/sadnessmj?Redirect=Log&logNo=222320330535,"안녕하세요 마론입니다요즘 새로운 집을 짓고 있는데요 ㅎㅎ이번에 만들고 있는 diy 미니어처 하우스는아이엠 미니의 플라워 카페 로즈가든입니다아이엠미니에서 구입한diy 미니어처 하우스는한글설명서도 포함되어 있고미니어처 제작에 필요한칼과 가위,핀셋,접착제등도구들이 포함되어 있어요받자마자 재료들이 제대로 왔나빠진 부품은 없나 확인해보았거든요저는 빠짐없이 다 들어있었는데​혹시나 누락된 부품이 있으면아이엠미니에서는부품제공서비를 하고 있어서연락하면 바로 받을 수 있어요!​제가 diy 미니어처를 선택한 이유는이런 작은 미니어처들이 많이 들어있어서에요이것들만 봐도 너무 귀엽고 예쁘더라구요집의 테두리부터 만들어주었어요투명필름지를 창문에 붙여주고가구들도 하나씩 만들어 줍니다작은 소품들도 제 맘에 들었던건만들어봤어요저는 대부분 종이로 만드는건 잘 안만드는데;요건 만들면 예쁠거 같더라구요진짜 새끼손톱보다 작은 소품들 많아서초집중해서 만들었어요가구들만 모아서 찍어봤는데뭔가 엔틱한 느낌이 나면서도너무 맘에 들었어요종이로 잘라 완성한티백통들을 여기에 이렇게 하나씩 올려서 장식할거에요예시로 되어있던것말고제가 원하는 대로 장식해보았어요설명서에는 너무 많은것들이정신없이 올라가 있어서조금 여유있게 장식해봤어요케이크들은 케이크장식장안에넣어 주었구요다른 장식장에는블루와 핑크,브라운,화이트의조합으로 소품들도 장식해줬어요​완성한 장식장은 이렇게카페안에 들어가요지금까지 한 50프로?정도 완성된것 같은데자잘한것들과 신경쓰이는 조명외관조경등등이 남아있어요미니어처 한번 작업하려면이렇게 난리가 나는 테이블이에요;​​​diy 미니어처 하우스 플라워카페로즈가든은 아이엠 미니에서 보실 수 있으며대형 108 플라워카페를선택하시면 됩니다​https://www.youtube.com/watch?v=GEkZK6s3n84아이엠미니에서 준비한제작영상도 있어서영상보면서 만들어도 좋을것 같아요​​​미니어처 하우스들은왜이렇게 사도사도만들어도 만들어도 다갖고 싶은지;​나머지도 틈틈히 작업해서다음에는 완성 포스팅으로 찾아올께요​​즐거운 주말보내세요마론이였어요​*아이엠미니에서 직접골라 만들어본 후기입니다 
",19,155,13,1,801.4,31,text_ad,2021. 4. 23. 15:17
14,"DIY 미니어처 하우스 - 모형집 ""미니하우스"" 만들기","카스와 제동이와 사랑하는와이파이...그리고 ""둥이""",https://blog.naver.com/story8081?Redirect=Log&logNo=222328653634,"< DIY 미니어처 하우스 - 모형집 ""미니하우스"" 만들기 >​​집콕 시기라서 이제는 이런 것도 만들어 보네요.ㅋ​집에서 무엇을 하면서 시간을 보낼지?고민을 하다가 발견한 ""DIY 미니어처 하우스""~!둥이가 보자마자 사서 만들자고 아네요.​하지만, 둥이가 만들 수 있는 난이도가 아니었습니다.결국은 제가 만들어야겠다고 생각했습니다.ㅜㅜ​일단은 처음 해보는 거라 가장 쉬워 보이는 것을 구입했습니다.하지만, 만들다 보니 쉬워 보이는 것도 쉽지가 않네요.시간도 오래 걸리고, 설명서도 잘 되어 있지 않아서 조금 헤맸습니다.​그래도 일단 완성을 하니 둥이가 아주 좋아하네요.조명까지 들어오니 아주 예쁩니다.​둥이가 다른 미니하우스를 만들어 달라고 하던데........솔직히 제 스타일이 아니라 또 만들기는 싫지만,그래도 만들어줘야 하겠지요.ㅜㅜ​​DIY 미니어처 하우스 - ""DIY 미니하우스""입니다.""DIY 미니어처 하우스""입니다.설명서입니다.만들기 재료입니다.설명서에 따라서 하나씩 만들어 봅니다.벽을 세우고, 가구들도 하나씩 환성이 됩니다.아기자기한 소품들이 너무 많네요.바느질이 가장 힘드네요.군대에서 오버로크 칠 때가 생각이 났습니다.ㅋ이렇게 만들어진 소품을 하나씩 붙입니다.​가구를 하나씩 설치합니다.ㅋ이렇게 모형 방이 만들어졌네요.조명 작업도 해줍니다.조명이 잘 켜지네요.ㅋ​나머지 면도 투명 아크릴을 붙여 마무리를 해줍니다.마지막으로 배선 작업을 깔끔하게 하고,스위치를 안 보이는 뒤쪽에 설치해서 마무리를 했습니다.​이렇게 만들어주니 둥이가 아주 좋아하네요.나중에 시간이 나면 다른 종류의 ""DIY 미니 하우스""를 또 만들어줘야겠습니다.^^​​DIY 미니어처 하우스 - 모형집 만들기 ""DIY 미니하우스 만들기""입니다.대
",16,160,1,0,1829.8,13,,2021. 4. 30. 11:50
15,미니어처 반려동물 양모펠트 자격증 푸들 비숑 장모치와와... ,버블토리,https://blog.naver.com/rlaskdud81?Redirect=Log&logNo=222387207280,"​양모펠트 미니어처 반려동물 자격증 수업이 인기예감입니다~!! ​용인에서 오신 수강생분과 자격증수업을 진행했어요초보자도 귀여운 강아지 전신인형을 만들 수 있어요~ 양모펠트 입문용으로도 좋아요 ^^ ​저도 빠르게 수업중에 장모치와와를 완성했어요처음부터 완성되는 모습까지 지켜보신 수강생분께서.. 진짜 빠르게 완성되네요~ 라고 말씀해주셨어요 ​​우리 쪼꼬~~ 예요 ​직접 키우는 반려견이나 반려묘를 완성하시면 만족도가 더욱 높아요~ ​이번에 만든 장모치와와는 초미니 사이즈네요 ㅎ 꼬리까지 다 포함해도 저렇게 작아요 ^^ ​​오늘은 카메라를 안가져와서 핸드폰으로 다 찍은 사진인데 이렇게 예쁘답니다 ^^ 실물은 더욱 귀여워요 ​​미니미니~~ ​꽃과 함께 어레인지해서 작품화시켜도 너무 좋겠죠? ​제가 곧 강아지 꽃밭을 만들어볼께요 ​​수강생분이 만드신 비숑이예요​토리~   제 이름이 아니구요 ㅎ​다리가 짧고 모량이 빵빵한 토리를 완성해주셨어요 보고 만들었던 사진과 똑같은 느낌의 리본도 만들어드렸어요 ​​실버푸들~ ​너무 귀엽고 공주같은 강아지를 만들어주셨어요 ​꼼꼼하시고 실력이 좋으셔서 작품이 다 예쁘게 완성되네요 ​​너무 귀여워서 찍고 또 찍었어요 ^^ ​​미니어처 강아지 인형 만들기 ​대한반려동물공예협회의 자격증이 발급되는 수업이예요​수업 문의는 댓글로 해주세요​푸들, 비숑, 말티즈, 시츄, 요키, 포메를 만들게 됩니다. ",14,142,1,0,187.2,0,,2021. 6. 7. 6:30
16,깔끔하주 전통주 미니어처 전통주애 엣지있게,뷰티 꿈디자이너's 꿈꾸는 저금통,https://blog.naver.com/ericashin?Redirect=Log&logNo=222417965481,"​​깔끔하주 전통주 미니어처전통주애 엣지있게깔끔하쥬~~ 전통주애전통있는 깔끔한 맛 다음날도 깔끔한 끝그래서 깔끔하주​꿈디자이너 처럼 술이 약한데 이것 저것 먹어보고 싶어하는 사람들을 위한엣지있는 전통주 미니어처골고루 취향에 맞게 골라서 선물도 주고홈술도하고 혼술도해봅시다​​​저는 깔끔한 맛을 좋아해서 깔끔하주를 선택했는데요꼴라짱이 술을 잘 안마셔서 혼술하기에 좋은걸 찾다보니전통주 미니어처가 딱이더라구요제가 술은 잘 못마시지만 독주가 좀 더 잘 받는듯 ㅋㅋㅋ작은 사이즈니깐 부담도 없구요​향수도 미니어처를 좋아라하는데 전통주도 미니어처를 좋아라하다뉘​​​​​전통주애 신상출시 중이구요 네이버에서 현재 10%할인 중이라서색다른 과실주 소확행 누려봅니다​​​​남편은 명인의 혼을 담은 담솔이 끌린다고 하였고조는 매력적인 대대로 홍주가 땡겼드랬죠​​​아직 담솔은 오픈 안했구요 나머지는 홀라당 다 마셨네요 ㅋㅋ어느날 안주가 좋은게 생기면 집에서 고급지게 홈술하면서 마실려구요​​혼술하기에 좋은 전통주 미니어처는 저도 모르게 계속 구매할 것 같은 예감이​​​​​​​특히 캠핑가시거나 놀러가실 때 간단하게 술 마시고 싶고분위기에 맞게 안주에 맞게술을 오픈하시고 싶다면​골라 마실 수 있는 전통주 미니어처 시리즈​우리는 깔끔한게 좋아유~ 깔끔하주​이강주는 말해뭐해너무 유명한 전통이 있는 술명인이 만든 전통주니깐이름이 있으니깐 놀러갈 때 들고 갔더니 제일 인기 많음​그리고 리뷰는 사랑이니깐 이쁘게 찍겠다며햇살아래 찰칵거리는데 제가 제일 무서워하는 벌핫 핫 오픈도 안했는데신기하게도 다른 술도 아니고 꽃술인화주에 벌이 떡하니 붙어서 날라갈 생각을 안하는거예요한참을 날라가길 기다렸다니깐요​그래서 원래는 이강주를 좋아했었는데저녁때 이녀석을 마셔보고 화주에 꽂혔습니다강렬하면서 풍미있는 화주​​이거 마시고 오늘 우리 진심을 말하는거야진심 홍삼주 ㅋㅋㅋ술 잘 못마시는 애들끼리 놀러가서 맛만보고친구한테 선물로 줄테니 너 들고가라고 말해놓구진심 들고 간 술 다 마셔버렸던...맛있는 전통주애 전통주​​흥분의 도가니~ 언제나 그러하듯 고기는 사랑이쥬전통주애 전통주는 깔끔하주​​​어느 것을 먼저 마셔줄까요~~ 알아맞춰봅시다딩동댕♬​너야 너! 바로 너! 화주 벌이 달려들었던 화주​그리고 나머지 술도 맛나서 술술 들어가서 쟁겨놓지 못하고 다 마셨다는 비하인드 스토리​​​180ml의 부담스럽지 않은 미니6종 전통주 미니어처전통있는 전통주애는 국내산 원료로 만들었구요다양한 맛들이 있으니 취향대로 골라서 드셔보세요​달달하주는 달달한 술들건강하주는 피로에 지친 님을 위한 건강한 술들깔끔하주는 소중한 간에 희석식 소주 깔끔한 맛 전통소주 술들다양하주는 과일주 약주 소주 각2병씩 모은 술들​​https://www.soollove.com/​​​​'본 포스팅은 업체로부터 제품을 제공받아 주관적으로 작성되었습니다'​#깔끔하주 #전통주미니어처 #전통주미니어쳐 #전통주 #전통주애 #소확행 #홈술 #혼술 #과실주 #건강주 
",31,275,3,1,1637.6,18,text_ad,2021. 7. 2. 20:41
17,7월 8월 시간표 - 부산 돌하우스 미니어처,DOLLHAUS 푸펜하우스 부산서면점,https://blog.naver.com/dollhaus?Redirect=Log&logNo=222429839849,"​​​6월은 정신없이 바빠서시간표를 이제서야 올리네요7~8월 시간표 이전과 같아요​시간조율 가능 (문의)코로나도 그렇고 여름엔 원데이 계획이 없어요​가을엔 수업을 좀 늘려보도록 하겠습니다^^​​​수강료 관련​간단하게 초급과정은 15만원(재료비포함)정도 예상하시면 됩니다상세 설명은 공지사항에 있는 목공정규과정 포스팅 참고해주세요취미로 원하는 작품위주의 수업을 원하시는 분들은최소 목공 중급과정 이후 가능합니다​그리고 개인진도라 월별이 아니니 언제고 시작하시면 됩니다예약은 최소 하루전까지만 받습니다^^공방 특성상 남자 수강생분과 어린 수강생분은 받지않아요원데이는 현재 수강생분들에 한해서 진행됩니다참고해주세요~~^^​더 궁금한 게 있으시면 김쌤에게 카톡 dollhaus방문상담은 예약필수​목공정규과정 안내https://blog.naver.com/dollhaus/2211873043841
77 77
들다
들다
",2,66,0,0,49.8,5,,3시간 전
18,집을 짓자! (DIY미니어처하우스) 시애틀 풀빌라 ~ing 네번째,"kirakira ""손"" 놀이터",https://blog.naver.com/mabusii?Redirect=Log&logNo=222258742881,"집을 짓자! 내집 마련하기 ~ing 네번째​하늘도 맑고 날도 좋고집짓기 딱 좋은 날입니다! ㅋㅋ​​​지난번엔 주방과 거실 그리고 악기들을 만들었고오늘은 기초를 세우고 1층에 살림살이를 채워 넣어봤어요.하나하나 소품들 만들 때는 마치 소꿉놀이하는 느낌이었는데이제야  집을 짓는 느낌이 들기 시작했어요 ^^​​​​​벽, 벽지, 장판 등등이제 시작합니다.​​​​토대가 되는 바닥몇 평쯤 될까요? ㅋㅋㅋㅋ​​​​거실과 구분되는 주방과 양옆의 계단 합체​​​​양옆에 벽을 세워줍니다.이 모양이 1층 거실과 주방 그리고 악기 룸입니다.​식탁이 있는 곳이 주방이 되고투명한 부분이 악기 룸그리고 계단 아래쪽이 거실이에요.​​​​​앞서 만들었던 싱크대와 주방 소품들 넣어줍니다.그 옆으로는 2층으로 올라가는 계단이에요.액자와 시계로 허전한 거실 벽면을 채워줍니다.​​​​아래 거실에 피아노와 소파 테이블을 놓아줬어요.주방 옆면엔 샷시 작업을 해서 첼로가 들어갈 예정이에요.좀 더 세세한 작업을 해야지만 1층은 얼추 마무리가 되었어요 ^^​​​#아이네스님선물#미니어처만들기#미니어처하우스시애틀#DIY#내집마련은어려운일#내집이보인다​​​소품들만 있을 때와는 좀 다르죠?이제 좀 집을 짓는구나 싶습니다 ^^2층  바닥 올리고 침실과 욕실, 수영장그리고 외벽과 조명공사만 하면!!!드디어 내 집 장만입니다!​​​이제 50% 정도 진행된 것 같아요.끝까지 잘 마무리하도록 응원해 주세요 ^^집들이하면 놀러 오세요!바다 건너와야 하니 여권 준비하시고요.참고로 제가 집 짓고 있는 여긴 시애틀입니다~ㅋㅋㅋㅋ​​​디라06틴
티거
세째
",14,148,26,0,217.0,60,,2021. 2. 27. 18:09
19,작은마을을 축소해놓은듯한 미니어처빌리지,브라운앤틱,https://blog.naver.com/brownantique?Redirect=Log&logNo=222408650832,"가로 161 * 폭 80 높이 140​​​무료한시간 잠시나마 눈으로 즐거우시라고 스페셜한 아이템 올려드려요..작년에 프랑스페어에 가서 너무멋지고 탐이나서 사들고 온 미니어처에요..사실 미니어처라고 하기에는 사이즈가 어마하지만ㅋ​작은마을 하나를 옮겨놓은듯한...아주 오래되어 낡고 삭은 나무들이 굉장히 매력적이기도 했지만미니어처라고 하기에는 너무 잘 만들고 디테일이 예술품이라고 해도 될만큼보통수준이 아니에요..​지붕,,기둥,,창문~그리고 올라가는계단,, 작은간판들.. 발코니.. 마을가운데 우물까지...사진을자세히 보시면 정말이지 감탄에 감탄이...작아져서 저 마을에 들어가 살고싶은 생각도 가져보고,,동화 속 주인공이 되고싶은 어린아이와같은 마음이 들기도하네요..​군데군데 나무로만든 인형은 제가 아주마음에 들어 사와서는 판매안하고 소장한 목각인형들인데요..요 미니어처에 한두개씩 올려놓으니 완전 환타스틱!!!!!안팔고 갖고있기를 넘 잘했다는 생각이 드네요 ㅋ​제대로 입체적인 모양을 다 보여드릴 수는 없어 아쉽지만매장에 오시면 무료관람 가능하셔요ㅎㅎㅎ​프랑스여행갔을때 스트라스부르지역에 쁘띠프랑스 마을을 돌아보면서 프랑스와독일이 근접해있는마을들이 딱 요렇게 생겼어서 인상깊었던 기억이 떠오르네요~엄청 정교하게 잘 만들어져 박물관이나 갤러리에 있을법한 퀄리티에요.​앤틱이 가구랑 소품만 있는게 아니라 다양하게 무궁무진한 특별한 아이템들이 많아서앞으로도 스페셜한 아이템은 하나하나 모아서 전시공간을 꾸며보아도좋을것같은 꿈도 가져본답니다..​​",23,129,3,0,203.0,0,,2021. 6. 24. 15:04
20,미니어처 인형만들기 펠트DIY도안,초록여신 핑거쇼룸,https://blog.naver.com/flute8248?Redirect=Log&logNo=222197785256,"디즈니 베이비돌 인형의 인형으로 딱!고양이와 강아지 미니어처 인형만들기펠트diy 도안 -------------------------------출처- pin언제 봐도 귀엽고 사랑스러운 반려동물고양이와 강아지~키우는 분들 워낙 주변에서도 많이만나볼 수 있는데요, 그런 만큼정말 사랑스럽죠?^^​저도 우리 짜미양이 옆에 없으면 엄청나게허전하기에 늘 함께 있어 얼마나 감사한지 몰라요.지금도 제 옆에 껌딱지 마냥 붙어서코~ 잠자고 있는데 마냥 사랑스럽습니다.​이렇게 귀여운 고양이와 강아지를 펠트diy로 직접 인형만들기 해서 인테리어소품으로 만들어 놓거나요즘 많이들 갖고 있는 디즈니 베이비돌의인형으로 만들어주면 얼마나 예쁘겠어요.작고 귀엽게 미니어처만들기 해서더욱 사랑스럽게 인테리어소품으로놓아보세요!! 볼 때마다 흐뭇할 겁니다.^^​​​​​펠트 고양이 미니어처 인형만들기!!​  이렇게나 사랑스러워도 되냐고요.세 마리 모두 개성만점. 같은 듯 다 다른눈 빛 좀 보세요.ㅎㅎㅎ스티치 하는 모양새에 따라 눈빛이달라지고 입 모양새도 달라지는 재미!볼도 발그레~꼭 표현해 주는 것 잊지 말아야 합니다.^^​고양이들이 꼭 쥐고 있는 물고기까지놓치지 않도록 야무지게 만들어 꼭 쥐어주어야 하고요.^^물고기에도 인형솜 넣을 때 방울솜으로섬세하게 적당량 넣어주기 필요합니다.​고양이 꼬리는 몸통 버튼홀스티치 할 때 끼워 넣는 방식이라 입체적이지 않고 단면만 필요하기에 딱 한 장만 있으면리얼하게 표현됩니다. 간단하겠죠?^^꼬리가 입체적일 경우 인형솜 보다는 방울솜으로 정말 섬세하게 넣어주기굉장히 중요해지거든요.​​​​​​​​​​펠트 강아지 인형만들기!!​고양이 인형만들기 눈과 코를 스티치로만표현했던 것과 다르게 작은 시드비즈로달아주어 조금 더 입체적이면서 동글동글귀여운 표현이 더 담긴 강아지 인형입니다.​두 마리 특징 있게 제대로 담겼죠?^^펠트diy는 어차피 갖고 있는 펠트원단사용해 주거나 디즈니 베이비돌의 인형으로 미니어처 동물인형만들기 해주려고 계획한다면 베이비돌에 잘 맞는 색상으로 펠트원단을 골라 고양이와 강아지 인형만들기 해주면 더욱 완성도 좋을 테니 꼭 지금 완성된 색상과 똑같이 할 필요는 없는 거 아시죠?^^​​​​​​강아지 목에 리본끈묶기 예쁘게 묶는게어렵다면 미리 리본만들기 해놓고글루건이나 목공 본드로 붙여주는 방식도간단하고 완성도 있게 나와 오히려 풀릴 염려 없고 나을 거예요.​제 경우라면 바늘땀을 주어 고정해 주는 방식으로 하겠지만 번거롭게 여겨지는 분들은 반드시 미리 리본끈묶기 하신 후 해보세요!!사람들에게 사랑과 기쁨 주는 반려동물 있듯이 디즈니 베이비돌에게도펠트diy 미니어처 사이즈로 만들어 고양이와 강아지 인형만들기로 꼭 반려동물 품에 안겨줘 보세요~^^​​​×… 이
= 하시니
“

9 0
야사 이
 
 
 
",10,262,0,0,5381.6,60,,2021. 1. 7. 21:30
21,구독자 100명! 고맙습니다!♡ No.11 미니어처 그로서리 하울,Toolae's Doll House,https://blog.naver.com/toolae?Redirect=Log&logNo=222425506144,"시작해서 정확히 6주 걸려 구독자 100명이 넘었습니다. 고맙습니다! 고맙습니다! ​​​검색해 보니 100명 버프라는 게 있다던데,( 있다 없다 논란이 있습니다만.) 저는 그건 아직 못 느끼겠고. ​버프가 분명히 있다. 라고 주장하는 분들의 말씀을 보면100명이 넘었다, 감사하다 하는 그런 감상적인 영상 말고 실한 콘텐츠를 올리라길래 ​그간 올린 쇼츠라던가 영상을 살펴보았습니다. ​유튜브님의 버프가 존재하길 바라며 주방이나 그로서리 미니어처 하울 정도가 조회 수가 높아 보여서 준비하고 있던 냉장고 채우기 영상을 업로드했습니다. ​https://youtu.be/-4Q1xqZou2U​​버프가 있으면  고맙죠. 100명 달성. 일단 제가 목표로 정했던 처음 단계를 올라갔네요. ​그저 개인적인 기쁨외에유튜브님이 두가지 선물을 주시는데. . . ​첫100명 축하 메일 맞춤url ​저는. . . 저는 이 두가지 모두 받지 못했어요. 도데체 이유가 뭔지. . 메일은 안오는 경우가 종종 있다던데. . . ​맞춤url 은. 어째서?!!!!​​​아트, 아이콘, 100명, 개설후 30일. ​요렇게 충족되면 맞춤url 을 개설하게 해 주는데. . . ​현재 구독자가 109명이고 전 다 충족 된 상태인데도 맞춤url 개설할수있는 항목 자체가 생성되질 않아요. . 한 계단 한 계단. . 쉬운 게 없네요. 남들은 당연히 열리는 단계들이 왜. 어째서 안 생기는지조차 알 수가 없으니. . . ​너무 속상해요. . . 이유 아시는분들은 도움 말씀 부탁드려요.몇일 걸린다고 하는데. 그래서 그런가. . . ​하여간. 좋은일은 확실합니다. 너무 기뻐요! 고맙습니다!!!​​​​​#유튜버 #유튜브 #유튜브구독자100 #구독자100 #맞춤url #유튜브맞춤url #유튜브기록 #유튜브영상 #인형유튜버 #바비인형 #barbie #doll #diydollhouse #diy #핸드메이드 #어른이 #kidult #키덜트 #인형수집 #육일돌 #육일인형 #dollhouse #만들기취미 #취미생활 #취미생활블로그 ​​​​​​​​​​ 
 
",11,209,8,0,457.4,24,,2021. 7. 9. 11:43
22,미니어쳐로 만나는 국보 제 83호 반가사유상!,국립중앙박물관,https://blog.naver.com/100museum?Redirect=Log&logNo=222405235311," 반가사유상 컬러 미니어처는 국립중앙박물관 대표 유물인 반가사유상(국보제83호)을 모티브로 개발한 상품으로 기존 금동,청동 색상과 더불어 다양한 색감과 패키지로 개발되어 선물하기 좋은 상품입니다.이번 컬러 버전 상품은 반가사유상의 특징을 잘 살리기 위해 미세한 표정을 다듬고 받침대를 더욱 안정적으로 개선하여 기본 상품에 비해 더욱 고급스럽고 완성도가 높은 상품입니다.반가사유상 컬러 미니어처는 유물이 갖고 있는 사실성과 실생활에서 인테리어 소품이나 장식용으로 유용하게 쓰이는 기능성 등을 모두 반영하여 박물관 방문 기념품 및 선물용 상품으로 적합합니다.또, 다양한 도색기법에 따른 묵직한 무게감과 알록달록한 색상에서 나오는 화려함과 크지 않은 상품크기와 콤팩트한 패키지는 해외에 나가실 때 선물용도로 구매하시기에 적합합니다. 구매를 원하시면 아래 ‘아트윈도-네이버쇼핑’을 클릭하세요!​상품크기：67x80x135mm상품구성 : 반가사유상 복제품 1개(종이박스)상품소재 : 합성수지, 레진상품색상 : 남색, 노란색, 빨간색, 주황색, 파란색, 하얀색, 회색, 연갈색, 미색, 분홍색​'아트윈도- 네이버쇼핑'에서 구매하기!금동 반가사유상국적/시대 : 한국 – 삼국재질 : 금속 – 금동분류 : 종교신앙 - 불교 - 예배 – 불상지정문화재 : 국보 83호소장품번호 : 덕수 3312​왼쪽 무릎 위에 오른쪽 다리를 걸치고 고개 숙인 얼굴의 뺨에 오른쪽 손가락을 살짝 대어 깊은 명상에 잠긴 모습의 반가사유상이다. 이러한 상은 원래 석가모니가 태자였을 때 인생의 덧없음을 사유하던 모습에서 비롯된 것으로, 중국에서는 이러한 상을 태자사유상(太子思惟像)이라고 하였다. 반가사유상은 이 상과 같이 하나의 독립된 형식으로도 만들어졌다.입가에 머금은 생기있는 미소, 살아 숨쉬는 듯한 얼굴 표정, 부드럽고 유려한 옷주름, 상체와 하체의 완벽한 조화, 손과 발의 섬세하고 미묘한 움직임 등 모든 것이 가장 이상적으로 표현된 동양불교 조각사의 기념비적인 작품이다. 일본 고류 사(廣隆寺)의 목조반가사유상과 모습이 비슷하여 영향 관계가 주목되는 상이기도 하다.​Pensive BodhisattvaCulture/Period : Three Kingdoms PeriodMaterials : Metal - Gilt-bronzeCategory : religion - Buddhism - adoration - image of BuddhaDesignation : National Treasure 83Accession Number : Deoksu 3312​This statue strikes a classic contemplative pose with one leg perched up on the other knee and the fingers of one hand raised against the cheek. This pose derived from the image of the young Indian Prince Siddhartha Gautama contemplating the nature of human life is quite common in Buddhist sculpture. In China, such pensive statues were most widespread in the 5th and 6th centuries, but in Korea they were most frequently produced in the 6th and 7th centuries. This Pensive Bodhisattva statue (designated National Treasure #83) is 93.5 cm high, making it the tallest of all extant pensive bodhisattvas from the Three Kingdoms period (1st century BCE – 668 CE). Other distinguishing features of this statue include the crown, which is called either a samsangwan (crown with three peaks) or a yeonhwagwan (lotus crown), and the simple yet elegant necklace that the prince wears on his exposed upper torso. This sculpture is widely admired for its benign smile and fine physical proportions, which make it a splendid object of religious worship. It closely resembles a red-pine bodhisattva from Koryuji Temple in Japan, which was established by a Silla monk. This artistic masterpiece is also a significant archaeological artifact that attests to the exchange of Buddhist images between Korea and Japan early in their history.​2021년 10월 29일 새로운 반가사유상 전시실이 옵니다!휴실기간 : '21.7.19.~10.28.​수
",17,469,21,0,605.4,60,,2021. 6. 21. 15:21
23,취미 diy 미니어처 하우스 만들기 케이크러브 케이크샵 완성품... ,마론하우스 : M.A.D.E,https://blog.naver.com/sadnessmj?Redirect=Log&logNo=222279568757,"안녕하세요 마론입니다캠핑카 카라반 만들기에 이어오늘은 작은 사이즈의diy 미니어처 하우스케이크러브를 만들어봤어요작은 케이크샵이에요​사진에서 보면 첫째줄가장 오른쪽에 있는 패키지입니다설명서가 들어있는데사실 큰 도움은 되지 못했어요한국어로 되어있지않아도대부분 상세한데이건 흑백인데다가 사진설명서가 아니라그냥 그림으로 그려져있어서저는 완성사진을 참고해서 만들었어요하지만 역시나저는 패키지대로 만들지않죠 ㅎㅎ​제가 diy 미니어처 하우스 패키지를구입할때는 미리 어떻게 바꿀지구상을 대충해봐요​전체적인 구성과 만들수있는 가구이런게 맘에들면 구입하는편이에요​기타 세부사항들은 바꿔서 완성할 수 있거든요이런저런 과정을 거쳐서안과 겉이 완성되었어요외관은 크게 바꾼건 없고밑부분이 원래 초록색이 아닌데저는 풀밭? 같은 느낌을 주고 싶어서펠트지로 감싸줬구요​안쪽의 벽지는 제가 프린팅한 벽지로바꾸어줬어요​원래 벽지는 옛날집스러운무늬가 가득한 벽지입니다​이렇게 문을 달아주면 되요그럼 앞에 문이 열리면서안을 볼 수 있어요안에 소품중 가장 메인이되는케이크 진열장은요전에 포스팅해드린 도너랜드미니어처 생크림케이크 만들기를참고해주세요!​https://blog.naver.com/sadnessmj/222276136638안에 들어가는 가구나 소품들은딱히 많지않아서금새 만들었던것 같아요​이번꺼는 고민하는시간이 길어서 그랬지만드는건 그리 오래걸리지 않았어요생략한 부분들도 좀 있구요​우선 완성한 외관입니다~​간판에 원래 cake love라고 써있는데저는 로고를 찾아서 바꾸어주었어요외관에 세워진 입간판이 있었는데그게 붙여도 자꾸 넘어지고 해서 그냥 빼버렸어요 -ㅅ-​다리가 너무 힘이 없더라구요 ㅜ그래서 제가 만든 화분들로 꾸며주었답니다안에를 보면 메인이되는케이크 진열대와테이블,선반들이 있어요​벽에는 빈티지한 이미지들을 붙여주고선반엔 미니어처 소품들을 붙여주었답니다​불을 켜면 훨씬 예뻐요!아늑하니 너무 예쁘죠내부 모습도 예뻐요벽지를 민트색 스트라이프로 붙여줬더니더 예쁜것 같아요​저도 이런 베이커리가근처에 있으면 좋겠네요 ㅎㅎ​불켜진 베이커리에실바니안 친구가 놀러왔네요안쪽에 있어도 실바니안 인형과잘 어울리는 크기에요밖에서 지켜보는 모습도 너무 귀엽더라구개인적으로 이사진이 너무 맘에 들어요~영상으로도 담아봤어요​이케아 선반 구입한곳에올려두고 찍었더더 예쁘게 사진이 나온것 같아요​​이 diy 미니어처 하우스 케이크샵 만들기는크기가 작아서약간 뭐랄까요열리는 액자 같달까요?​그래서 선물하기도 좋고자리차지를 별로 않해서책장이나 선반에 인테리어 소품으로올려두기에도 너무 좋을것 같아요​​이 미니어처 하우스는선물하려고 만들어봤어요​받는 친구가 좋아해줘서만든 보람 제대로 느꼈답니다​​이거 만들고 맘에 들어서첫번째 사진에c-002,c-006도구입했어요​또 어떻게 바꾸어 만들어질지저도 궁금하네요!​이것 외에도 diy 미니어처 하우스케이크샵 만들기 패키지를큰거,작은거 두개나 사두었는데 ㅎㅎ저 완전 케이크에 꽂혔나봐요~​앞으로도 미니어처 하우스들은계속 업데이트 되지않을까 싶네요!​미니어처 좋아하시는 분들의대리만족이 되었음 좋겟네요 ㅎㅎ​즐거운 오후되세요​마론이였어요​​ 
 
 
",22,245,20,1,801.4,22,,2021. 3. 18. 15:27
24,"(완료)빈티지 에나멜 유텐실, 미니어쳐","그림그리는집,그림가게♡앤틱상점 THE BARN",https://blog.naver.com/nursepjy?Redirect=Log&logNo=222426762944,"웃음밖에 안나오는~~ ㅎㅎ너무 귀요미 미니어쳐 국자와 스트레이너 세트입니다^^원래 기본사이즈의 유텐실들을 사이즈만 축소축소해서 똑같이 만들어놓은 너무 이쁜 아이들~~​동글동글 국자와 스트레이너손잡이는 블루컬러로 더욱 예쁩니다​어느공간에든 걸어두기만 해도작지만 느낌있게 공간을 밝혀주네요자세히보아야 사랑스러운 너희들~~~​빈티지 에나멜웨어를 너무 사랑하는 더반쥔장인데요요로콤 꼬맹이들이 입고되면너무 설레는 마음으로 사진기를 잡는답니다포스팅하는 내내심장이 콩닥콩닥​소개해 드리는 것 만으로도 행복한 시간입니다^^​사이즈길이 14볼 지름 3.5​문의는 댓글로 주세요~​​​​​​**더반의 모든소품은 하나밖에 없는 빈티지 &앤틱 제품입니다​(새제품 아닙니다,민감하신 분들은 구입을 고려해 주세요)빈티지와 앤틱의 특성상 교환 환불 불가​하오니상세사진 참고하시어 신중한 선택 부탁드립니다** ​​**택배발송​(cj 택배)은 매주 2회, (화*금요일) 오후 4시에 발송됩니다발송후 수령일까지 1~3일 정도의 배송기간이 걸립니다12만원 이상 무료배송, 미만시 배송료 착불(3800원) 입니다 제주도는 도선료 3000원 추가발생 됩니다​​​** OPen 10:30amClose 5:00pm (매주 월~토)공휴일과 휴일은 쉽니다( 공휴일과 휴일은, 사전 예약 후 방문 가능합니다 )​​​​​​",12,110,0,0,379.8,5,,2021. 7. 10. 16:30
25,[제품리뷰] DIY미니어처 소품 '미미네공방 피아노키트',Woren's Story,https://blog.naver.com/xmflsl?Redirect=Log&logNo=222419386464,"월하~!!귀엽고 예쁜 소품이라면 환장하는 월엔이에요코시국인 요즘 새로운 취미를 찾는 분들이 많아지고 있어요.그런 저도 이번에 DIY 소품만들기에 관심이 높아졌는데요시간보내기도 좋고 인테리어도 업그레이드 하는 느낌이라 윈윈인 것 같아요👍​귀엽고 예쁜 인테리어 소품은 여심을 흔드는 법이죠🙌제가 곧잘 보는 브이로그 유튜버님도 예쁜 소품에 그렇게 소비하더라구요! ㅋㅋㅋ작은 소품인 것만으로도 대만족인데 여기서 음악까지 즐길 수 있다면?저는 무조건 지를텐데요 ㅋㅋㅋ🤣🤣오늘은 무려 오르골도 있는 DIY 미니어쳐 소품을 소개해드리려고 해요​감성인테리어에 좋은 DIY 나무소품!DIY '미미네공방 피아노키트' 입니다​​늘 행복한 택배 언박싱😘언제나 설레는 법인데요! 빠른 배송은 더더 좋은 법이에요!​내용물 짜잔!!!DIY '미미네공방 피아노키트'는 설명서와 조립품이 있어요.정말 좋았던 점은 공구와 풀도 동봉되어 왔다는 점이에요😍남친이 극찬했네요 ㅎ ㅎ​찐 열심히 만들었어요오르골도 열심히 공구로 장착하고곰손인 저는 의자를 열심히 조립했어요 ㅋㅋㅋㅋ​어느새 모습을 드러내는 피아노의 자태😎무려 오르골 연주도 가능한 멋진 소품으로 재탄생 되고 있습니닷​완성!!!풀이 신경쓰이신다구요? ㅎㅎㅎ다 마르면 투명해져서 티가 거의 안난답니다어디에 바른 건지도 헷갈려요🤣코시국 어른이 장난감으로 완전 찰떡이었어요!간만에 남친이랑 집중타임 좋았구염~​완성된 피아노의 자태💕넘나리 아름다운 것🙌​선물용으로도 너무 좋을 것 같아요완성된 상태로 주면 고오급 피아노 소품으로싫어할 수가 없는 선물이 될 것 같아요 ㅎㅎ정성 + 이쁨은 말 다했죠👏👏​​​미미네공방 미니어쳐 피아노키트 리뷰는 여기까지!긴 글 읽어주셔서 감사해요 ㅎㅎ좋은 참고가 되었으면 합니당​인테리어 소품을 찾는 분들DIY 나무소품을 찾는 분들새로운 취미를 찾는 분들직접 만드는 인테리어 용품을 찾는 분들이색적인 선물을 찾는 분들DIY 오르골 소품을 찾는 분들​​​​​​​​​​​​​​​​​​​​​​#미니어쳐만들기 #DIY미니어처 #미니어처만들기 #만들기키트 #인테리어용품 #감성인테리어 #미미네공방 #피아노소품 #오르골소품 #오르골 #피아노오르골 #미미네공방소품 #소품만들기 #새로운취미 #취미만들기 #집에서놀거리 #코로나놀거리​​​​​​​​​​​​​​​​​​​​​​​​​​​​​​​​​​​​​​​​​​​​​​기     이 리뷰는 실제 상품-서비스 외에 경제적 대가 없이
00098      올바른 리뷰문화몰 만들기위해 작성된 리뷰입니다
ㅜㅜ  ㅜㅠ
4

잘지내셨나요?
다음 포스팅에서
만나요!
",32,203,0,1,933.2,5,,2021. 7. 4. 1:01
26,반려동물 미니어처 양모펠트 지도사 자격증 강아지인형 만드는법,버블토리,https://blog.naver.com/rlaskdud81?Redirect=Log&logNo=222404265155,"​안양, 용인에서 오신 두분의 수강생분의 미니어처양모펠트수업작품이예요​니들펠트로 콕콕~~  너무 재미있는 강아지인형만들기​​만드는분들마다 얼굴이 조금씩 달라요 ^^   미용하는 재미도 솔솔~ ​미니어처는 10cm 미만의 작은 사이즈라서 아주 디테일한 부분까지는 표현하기 힘들어도 누구나 재미있게 하루만에 강아지인형을 만들 수 있어서 취미생활로 너무 재미있는 공예예요​양모펠트 입문전에 배워보시는것도 좋아요~ ​​6시간씩 6회로 진행하고 있어요 ​서있는자세, 앉은자세를 배우실 수 있어요 ​​미용에 따라 또 다른 느낌이죠? ^^ ​손바닥위에 올라가는 작은 사이즈예요 ​​말티즈예요 ​요키와 말티즈는 특수섬유를 사용해서 만들기때문에 실제 강아지처럼 반짝이는 털표현이 가능해요​양모펠트자격증 2급을 따신 분들도 특수섬유를 구입하고 싶으시다면 미니어처양모펠트수업을 신청해주세요 ^^ ​​실물이 정말 귀여운데 하얀색 강아지는 사진표현이 잘안되는게 아쉬워요 ^^ ​​너무나 귀여운 미니어처 강아지들​​제가 만든 시바견이예요​식모하지 않는 방법으로 만들었어요 ^^ ​사진에는 커보이지만 작은 사이즈예요 여행을 떠나는 시바견 ㅎ미니어처 버스가 작아서 시바견이 커보이네요 ​​양모펠트자격증과 미니어처를 함께 배우시면 이렇게 단모까지 만드실수 있어요 ​​​조개속에 쏙~~  말티즈 아련한표정이네요 ​배가고픈걸까요? ㅎ​​반려동물 미니어처양모펠트자격증 수업 문의는 댓글로 해주세요 ​​",14,135,0,0,187.2,0,,2021. 6. 25. 6:40
27,겨울 공방 - 돌하우스 미니어처,DOLLHAUS 푸펜하우스 부산서면점,https://blog.naver.com/dollhaus?Redirect=Log&logNo=222268104078,​​ㅎㅎㅎㅎㅎㅎㅎㅎㅎ지난 가을 공방 포스팅하면서설마 분기별로 계절별로 올리기야 하겠냐며그랬었는데 ㅎㅎㅎ​겨울공방이라뉘 ㅎㅎ​뭐 일단 겨울은 다들 아시다시피 코로나로 잠정 휴업상태이기도 했고주문제작 작업때문에한달가량 저도 공방 구경을 못했기 때문에..핑계를 대봅니다​​저의 뽀로로하우스의 큰 버전이랄까요수강생분의 큰 오두막 하우스입니다조명 작업을 하고 이리저리 사진을 찍어봤어요아직 가구는 채워지진 않았지만벌써 이쁘죠?!두번의 계절을 지나 이제 수강생의 집으로 고고 했어요​우와~~~~컨테이너박스 바닥깔기입니다​저 2개 수강생 3개 작업체스판 바닥은 제가 중급 배울때 했던 바닥인데우리 프로 모방러 정작가가 따라 작업중입니다ㅎㅎ​저도 한 꼼수 하는데우리 수강생 꼼수 ㅎㅎ​일단 외관 기초 작업은 끝냈고이제 컨테이너 살 대기랑내부작업만 남았네요 ㅎㅎㅎㅎ작품명은 이미 2022쯤 마무리 될 것 같다고2022로 지어뒀어요 ㅎㅎ​2년만에 오셔서 작업중다음 시간이면 옷장 완성될 것 같네요인형 기준 옷장이라 사이즈가 어마어마하네요코로나 이후 정말 오랜만의 신규수강생이네요멀리서 오셔서긴 시간 작업까지 ^^수강문의댓글 또는 카톡 dollhaus,15,108,1,0,49.8,24,text_ad,2021. 3. 9. 0:10
28,집을 짓자! (DIY미니어처하우스) 시애틀 풀빌라 ~ing 첫번째,"kirakira ""손"" 놀이터",https://blog.naver.com/mabusii?Redirect=Log&logNo=222237979564,"​지난번 아이네스님의 이벤트로 받았던 귀찮은?! 선물스티커로 가렸어도눈썰미 좋으신 분은 이미 지난번에 알아채셨을 거예요 ^^​상자를 개봉하면!이렇게 구성되어 있어요~제가 직접 하나하나 만들어야 하는그래서 귀찮은 선물이라 하셨나 봐요 ^^​​​처음 해보는 거라하나하나 살펴보다 당황 ^^;;;;;아.. 나 이거 완성할 수 있을까? 싶더라고요 ㅎㅎㅎㅎ​​개봉을 했으니 시작해 봅니다.​​​​맛난 케이크 만들기바닥의 커팅 매트 진한 사각 1칸이 1cm에요.대략 크기가 어떤지 감이 오시나요? ^^쪼매나서 오리기도 붙이기도 힘들..ㅋㅋㅋㅋ​어찌어찌해서 두 접시 완성 ^^​​​​함께 마실 커피 만들기​ㅋㅋㅋㅋ갈수록 쪼매납니다.저 커피잔 어디 굴러떨어질까 걱정하며..떨어지면 못 찾을 테니까요 ㅠㅠ깔끔하지는 않지만 손잡이도 달아서 3잔 완성.​라떼아트까지~작아도 디테일까지 챙기네요~​​​​의자 2개 만들기퀼팅솜을 덧대고 살짝 폭신함을 줍니다.다이아몬드 무늬의 천으로 씌워주고 연결해 줍니다.잘 붙으라고 힘주다 쪼기~ 살짝 부러짐 ㅎㅎㅎㅎ​​​​테이블 만들기이제 차를 마실 테이블을 만들 차례입니다.테이블을 만든 다음의자와 세트 느낌으로 연노랑의 테이블보를 씌워줍니다.​​차 한잔 하실까요? ^^​​뭐 만든 것도 없는데벌써 손은 목공풀, 접착제가 ㅎㅎㅎㅎ저기 가운데 구멍 뚫은 부분에 촛대를 만들어 넣어줄 거예요.그럼 더 분위기 있어 보이겠죠? ^^​가까이 보면 더 어설프고 그렇지만 혼자 또 뿌듯해합니다.아직 갈 길이 멀지만오늘은 여기까지! ^^​​​#아이네스님선물#미니어처만들기#미니어처하우스시애틀#DIY#내집마련은어려운일#ㅋㅋ​​손님 벌써 가시나요?후식 나왔으니 맛있게 드세요 ^^​​​​​다음에 또 다른 파트를 만들어 올게요 ^^​​​버버
",12,157,33,0,217.0,60,,2021. 2. 9. 17:36
29,미니어처 뜨개집(어쭈구리님 공개 도안),"안녕, 마이돌♡ KNITTING&CROCHET",https://blog.naver.com/zsunny?Redirect=Log&logNo=222378855747,6월 첫날에 쓰는 #오늘일기 #블챌​지난 달에 알리에서 이것저것 주문을 했어요택배가 오기 전에 만들어두자 했는데국내에 도착했다는 메세지를 받고서야뜨기 시작  ㅎㅎㅎㅎ​제가 뭐 그릏죠^^;;;이렇게 찍고 싶어서 만들어본미니어처 뜨개 집🏠 입니다​뭐가 연상되시나요??😍​너무 귀여운 뜨개 집이죠??어쭈구리님의 공개도안인데언젠가 만들어야지 생각하고 있었어요​만드는 과정은 다 어디 갔는지 ㅎㅎㅎ​저는 램스울 5합 3밀리로 만들었어요요렇게 손바닥 위에 놓을 수 있는미니미한 사이즈🏠​오랜만에 조립하는 뜨개를 해서바느질이 썩 맘에 들지 않지만그래도 귀여운 집이 한 채 뚝딱 생겼어요​요새 집 사기도 힘든데이렇게나마 건물주(?)의 꿈을 이뤄봅니다 ㅋㅋㅋ​알리에서 산 풍선들로만 꽂아두니빈약해보여서제가 뜨개로 만들었던 풍선들도 합세해줬어요​이 뜨개 풍선도 영상으로 찍어서 올리려고 계획중인데맘처럼 쉽게 되지 않네요언제가 올리겠습니다😉(이렇게 뱉어놔야 나중에 하는 서타일)​어쭈구리님의 미니어처 뜨개집공개도안은 여기⬇️⬇️⬇️⬇️⬇️https://m.blog.naver.com/iamarebel/220753852908​귀여운 미니미 뜨개집 하나씩 장만해 보아요🏠🎈​​​6월의 #오늘일기 #블챌 끝😉,10,103,25,0,88.2,60,,2021. 6. 1. 14:17
30,미니어처 : 중국집 1_자장면과 탕수육,핸디위드 handywith,https://blog.naver.com/tonhyuk2307?Redirect=Log&logNo=222244792016,"클레이로 쉽게 만들 수 있는자장면과 탕수육 이예요~미니어처 중국집 식탁에 올리려고 만들었어요.중국집이랑 한번에 올리기에는사진 파일이 많아서 나눠서 올릴께요.​클레이로만 만든 것이 있고클레이에 플라스틱점토를 섞은 것이 있는데,칼로 자를 때 단번에 잘 잘리게 하려고플라스틱 점토를 섞었어요.클레이만으로 하면 고무 자르는 것 처럼밀려서 불편해요ㅜ​준비물아이클레이 5색플라스틱점토2액형레진파스텔(갈색, 황토색)미니어처 접시밀대, 구겨진 종이, 솔, 이쑤시개,단면도(칼), 커팅매트​​옛날 느낌의 그릇을 먼저 만들었어요.녹색과 흰색 클레이는 반믹스해서편평하게 눌렀다가 오목하게 해서 말려요.​​목이버섯은 아이클레이를짙은 갈색으로 만들고 말려서손으로 쥐어뜯듯이 잘라요.​​양파는 흰색 아이클레이와 플라스틱점토를 섞어서얇게 펴서 말린다음,탕수육용은 길게자장면용은 깍두기처럼 잘라요.​​당근은 빨강과 노랑 클레이를 섞고플라스틱점토를 더해서 납작하게 말려요.이것도 역시 탕수육용은 길게자장면용은 깍두기처럼 잘라줬어요.​​오이 겸 호박은연두색과 녹색을 각각 클레이로 만들고,이것도 플라스틱 점토를 섞은 후,두 색을 겹쳐서 납작하게 말려요.역시 이것도 채썰기와 깍둑썰기로 잘라요.​​고기는 클레이로 만들었어요.구긴 종이와 솔로 표면을 울퉁불퉁 거칠게 만들고 말려서 잘라주세요.​​양배추는 토핑이 있길래 자르기만 했어요.​​아주 작은 연두색 클레이 동그라미는자장면에 올라갈 완두콩 입니다~​​탕수육은 황토색 클레이에 플라스틱점토를 섞은 후작게 떼어서 구긴 종이에 누르면서 모양을 만들어요.​재료를 정리하면 왼쪽이 자장면용오른쪽이 탕수육용 입니다.​단무지는노란색 클레이에 플라스틱점토를 섞어서길게 밀어서 말린 후칼로 잘라요.​​이제는 레진이 필요합니다.2액형 레진을 섞어서 단무지를 버무려서접시위에 올려서 굳혀요.​​탕수육은 레진에 황토색과 갈색 파스텔을 갈아넣고탕수육과 야채를 넣고 버무려서 올려요.​​면은 노란색과 흰색 클레이를 섞어서가늘고 길게 밀어주고대충 뭉쳐서 그릇에 넣어주세요.​​레진에 갈색 파스텔을 갈아넣고야채를 섞어주세요.저는 채소를 너무 많이 넣어서 소스가 안보이길래레진이 살짝 굳어갈 때 소스만 더 얹어줬어요.​길게 채썰기한 오이와완두콩을 살포시 올려주세요.​​완성입니다~~!!​(,
",35,192,2,0,165.6,4,,2021. 2. 15. 22:48
31,미니어처 토탈공예 방과후수업 한달 일지,달샘 레진아트 dalseam,https://blog.naver.com/moonsn77?Redirect=Log&logNo=222316297936,"안녕하세요. ^^현재 두개 학교에서 방과후수업을 진행하여 정신없이 보내고 있습니다. ​코로나가 빨리 끝나고 나머지 두개 학교도 수업하기를 바랍니다. ​미니어처, 토탈공예 수업을 진행하는데 하루는 재료준비하러 시장가고 하루는 코로나로 인해 인당 키트를 따로 준비 하고 있어요. ^^하루는 샘플과 설명서 만들고 그러면 일주일이 그냥 지나가는 느낌 입니다. 샘플준비과정재료준비과정미니어처 돈까스 음식만들기 수업 수업전 아침 커피와 수업 설명하는 공부의시간강사 출입증도 받으니 강의하고 일하는 느낌아이들이 만든 액자 예쁘게 만들어준 아이들미니어처 베이커리 피카츄 돔에 넣어 보관 아이들이 귀엽다고 신나하던 모습이 생각납니다. 미니어처 DIY 샘플링 첫 수업은 시선강탈 레진공예 역시 반응 좋은 악세사리 만들기저의 방과후수업 과정을 포스팅 해 봅니다.​오늘도 행복한 하루 보내세요. ​#레진아트 #미니어처 #토탈공예 #학교수업 #원데이클래스 #취미반수업 #용인레진아트 #수지레진아트 #미금레진아트 #판교레진아트 #죽전레진아트 #분당레진아트 “8.
ㆍ
",20,106,1,0,193.2,26,,2021. 4. 20. 8:41
32,취미추천 diy 미니어처 하우스 하루클래스 캠핑카 카라반... ,마론하우스 : M.A.D.E,https://blog.naver.com/sadnessmj?Redirect=Log&logNo=222249116832,"안녕하세요 마론입니다diy 미니어처 하우스캠핑카 카라반 만들기 01편에 이어완성편을 가지고 왔어요​https://blog.naver.com/sadnessmj/222244230135안에 큰 가구들을 만들기 시작했어요침대도 내가 원하는 천과 모양으로바꾸어 만들어봤답니다아 이런 포근한 느낌 너무 좋아요역시 diy 미니어처 하우스들은실바니안과 딱인것 같아요안쪽에 들어가는 테이블과 의자도너무 예쁜것 같아요​저는 diy 미니어처 하우스 패키지들을만들때 안에 소품들을 따도 떼어서만들때가 참 재미있는것 같아요​그렇게 하나둘씩 소품들을 만들어diy 미니어처 하우스캠핑카 카라반이 완성되었습니다​이번엔 조금 서둘러서 그런지2주? 정도 소요된것 같아요카라반은 집틀이 통으로 아예 완성되어있어서조금 더 완성이 쉬웠던것 같아요아래 판은 원래 종이같은걸 붙이는데자갈밭? 같은 느낌이거든요​저는 풀밭같은 느낌을 주고 싶어서펠트지로 밑에 판에 붙여주었어요​그랬더니 풀밭위에 캠핑카같은느낌이 나더라구요내부는 이렇게 깔끔하게 마무리해봤어요이번에 포인트를 준건보라색에 꽃있는 저 꽃무늬 천이에요​민트와 옐로,블루의 컬러들이라보라색으로 포인트를 주고 싶었어요미니어처 카라반 뒤쪽 창틀에도조화들로 장식해서화사하니 예뻐요​오르골은 돌리면소리가 난답니다 저는 이 차양막 있는 부분이 너무 맘에 들어요차양막의 천부분도 빨간색 스프라이트 무늬로되어 있는데저는 포인트로 생각한 보라색 꽃무늬로만들어줬더니화사하니 더 예쁜것 같아요조명을 한번 켜봤어요역시 diy 미니이처 하우스의 꽃은조명이 아닌가 싶어요노란불빛이 너무 강한가 싶었는데가구와 소품들을 넣고보니 예쁘게 잘 어울리네요조명을 켜고 내부를 보니더 따스해보이는것이너무 예쁜것 같아요저도 이런 카라반 캠핑카 한대 있었음 싶네요 ㅎㅎ쉬고싶을때 한적한곳에 세워두고멍때리고 맛있는것도 해먹구요!새로운 diy 미니어쳐 하우스를 만들었으니실바니안 가족들이 입주를 해야죠!​이번엔 단란한 토끼인형 가족들이입주를 했네요역시 요 측면컷이 넘 맘에 들어요!조명을 켜고보면더 아늑하니 예쁘답니다영상으로도 담아보았어요즐거운 실바니안 가족의캠핑나들이랍니다​작은 소품들은 만들기도하는데제가 여기저기 보면서사기도하거든요​자잘한 소품들은그때마다 조금씩 채워주면더 귀여운 캠핑카 카라반이 되지않을까 싶어요​기본적으로 민트색컬러가메인컬러로 자리를 잡아서화사함이 베이스가 된것 같아요​따스한 봄날에캠핑카타고 저도 놀러가고 싶네요​하루클래스는하루클래스는 20~40대 여성, 아이들을 주 타켓층으로 하여 DIY키트, 미니어처하우스 등 다양한 취미아이템을 만들기 위해 노력하고 있는 곳이랍니다​https://smartstore.naver.com/haruclass/products/5141410738​​좋은 기회에만들어보고 싶었던미니어처 하우스를 만들어 볼 수 있어서너무 재미있었답니다​저의 diy 미니어처 하우스 만들기는앞으로도 쭉~오랫동안 계속될것 같아요​아직 입주못한 실바니안 가족들이많이 남아있거든요 ㅎㅎ​정말 만들기 시작하면시간은 순삭이에요!​집콕이 너무 지루하다면예쁜 집장만?하나 시작해보세요!​즐거운 주말보내세요​마론이였어요~​​​​*하루클래스에서 직접골라 만들어본 후기입니다 
 
",22,247,11,1,801.4,25,,2021. 2. 19. 15:27
33,미니어처만들기]아미밤 bts Army bomb.,Toolae's Doll House,https://blog.naver.com/toolae?Redirect=Log&logNo=222393025722,"ㅎㅎㅎ제가 요즘. 버터에 푹. 빠져서뤼. 다이나마이트때부터 넘넘 좋았지만. 버터 넘 좋지않아요? 미국인들이 MJ (마이클잭슨) 라고 그렇게 좋아하던데. ㅎㅎㅎㅎ저도 한때 마이클잭슨을 참으로 좋아했던지라. 착착 감기네요. ​아미이신 레오나즈 베이커리 점장님 마고를 위해서 아미밤을 한번 만들어봤어요. 동네 문구점에 구슬이 적당한게 없길래 그중  예쁜걸로 사다가 만들었는데. 아무래도 그 느낌이 덜하네요. ​큰 투명 오로라 구슬 사다가 다시 만들고싶긴한데. . 역시 구멍이 좀 아쉬워요. 뭐 꼭데기에서 쳐다볼일은 없으니깐. 아쉬워도 유리구슬로 만들기엔 넘 무겁고. .  레진으로 만들어 봐? 참자. . . 일이 너무 거창 해 지네요. ​지민아 보라해~~~♡ 행벅한 마고 점장님! 역시 템빨이야. . 제니한테도 하나 선물 해 줘야지! ​행벅이 별건가요? 기뻐서 웃음이 나오면 행벅이죠♡​​​​​​​ ​​#아미밤 #아미밤미니어처 #bts #bts아미 #아미 #아미라이트스틱 #armylightstick #미니어처만들기 #핸드메이드 #미니어처사랑 #인형놀이 #btsarmy #응원봉 #아미봉 #butter #smoothcriminal #마이클잭슨 #인형수집 #육일소품 #인형소품 ​쓰
 
 
 
",5,121,7,0,457.6,25,,2021. 6. 10. 20:59
34,미니어처 하우스 만들기,언제나 그림,https://blog.naver.com/mocona49?Redirect=Log&logNo=222416562406,"조립하는 걸 좋아한다.​이케아 가구 조립, 건담심지어 아들 레고 대신 해 줄때도 있다.​미니어처 하우스에 도전 해 봤다.가격은 그리 비싸지 않았다.​상자 안에는 나무피스, 종이, 천, 작은 부속품이 있다.​소품부터 만들어야하는데작은 소품은 완성된 게 있을 줄 알았다.착각이다. 전부 오리고 붙이고 해야하는 거다.​작다.너~~~무 작다.​​상자 안에 포함된 목공용 풀은 잘 안 붙는다.편의점에서 순간 접착제를 구매 했다.​1일차 소품 만들기​2일차만들고 있으니 시간 참 잘 간다.새벽까지 만들었다.바닥, 벽 조립​3일차순간접착제에 손이 들러붙는다.2층 조립하고 조명에 전선 연결 했다.​​꽃잎 하나 하나 핀셋으로 붙였다.건담 조립할 때 구매한 기구들이때도 유용했다.​​4일차 마무리~​​조명 테스트.이때가 가장 기분 좋다.​화장실샤워기 붙이느라 힘들었다.​​베란다 식물잎들도 오리고 일일히 붙인거다.​슬리퍼 너무 작아서손에 접착제가 많이 붙었다지?​소품이 가장 많은 주방.​​거실소파가 좀 아쉽다.다음엔 더 잘 만들 수 있을 것 같지만글쎄 또 만들려나?​‘마루밑 아리에티 ost’ 들으며 감상 했다. ​​​다음편 예고.이케아 삼쇠 파라솔 태슬 달기.​사서 고생. 
 
 
 
",16,118,2,0,14.8,3,,2021. 7. 1. 17:26
35,반려동물 양모 펠트 미니어쳐 지도사 자격증... ,버블토리,https://blog.naver.com/rlaskdud81?Redirect=Log&logNo=222304325694,"​길이 10cm정도의 반려동물 양모펠트 미니어처 지도사 자격증 수업이 오픈되었습니다. ​총 6종의 강아지를 제작합니다. 장모종의 귀여운 강아지들로 구성되어 있어요~ ​반려동물양모펠트지도사자격증 2급을 이수하시면 단모와 커리큘럼에 없는 강아지들도 만들기 수월하실꺼예요~ ​​요키는 반짝이는 특수섬유를 이용해서 만들기때문에 더욱 리얼한 느낌이 듭니다 ^^ ​​미용에 따라 다른 느낌의 요키를 만드실 수 있을꺼예요 ​​귀요미 푸들~ ​​말티즈도 특수섬유를 이용해서 반짝거리는 리얼한 말티즈를 만드실 수 있어요  ​비숑~   ​초보자분들도 어렵지 않게 만드실 수 있는 미니어처 양모펠트입니다. ​양모펠트 입문용으로 너무 좋아요 ​​푸들이예요~ ​코도 직접 만드는법 알려드려요 ​​시츄~ ​​포메라니안까지 ~  총 6종입니다. ​​7시간씩 6회로 진행됩니다. ​​수업 문의는 댓글로 해주세요 ​​자격명 : 반려동물양모미니어쳐지도사발급기관 : 대한반려동물공예협회등록번호 : 2021-001177주무부처 : 문화체육관광부자격증발급비 : 12만원(재료비 수업료 별도) ​환불정보는 자격정보 반려동물양모펠트지도사자격증 수업과 동일합니다. 참고하세요 ​ 
",21,110,12,0,187.2,0,,2021. 4. 10. 6:40
36,미니어처 베이커리,DOLLHAUS 푸펜하우스 부산서면점,https://blog.naver.com/dollhaus?Redirect=Log&logNo=222384254478,노팅힐 작품에도 빵집이 있어 빵을 만들어야하고컨테이너 카페도 베이커리카페 컨셉이라빵을 만들어야하고​점토는 정말 너~~~~무 하기가 싫고해서이 작업 또한 미루고 미루다했네요예전 베이커리 작업할때랑은 좀 다르게그때보다는 더 잘 만들어보리라다짐하고 시작했지만​예전에 만들어둔 틀에 무한 찍어내기했네요ㅎㅎ토핑 역시 그 옛날 잠깐이나마 부지런했던 제가 만들어 둔 토핑을 사용했어요토핑 디피는 우리 수강생의 손을 좀 빌렸습니다ㅎㅎ​엄청 찍어냈다 생각했는데모자라모자...라왜 모자르지ㅣ........뭐지...​이 하기싫은 작업을 또 반복​어쩌지 고민할 시간에 다시하기이게 작업 13년의 진리^^​만만쟁이 마카롱50개 넘게 만들었는데...​이것도 모자라또 모자라....​그래서 더 만들었어요​​컨테이너 카페에 디피를 하면 요런 느낌입니다​​노팅힐 거리에 있는 빵집은 대략 요런 느낌이에요​예전에 만들어 둔 빵까지 넣어서 그나마 가득 채웠네요예전 작품이라 좀 촌스럽긴 하지만이것까지 다시 만들다가는 음....​노팅힐은 따로 포스팅을 할거라 요정도만^^​,20,95,3,0,50.0,27,,2021. 6. 5. 0:10
37,집을 짓자! (DIY미니어처하우스) 시애틀 풀빌라 ~ing 세번째,"kirakira ""손"" 놀이터",https://blog.naver.com/mabusii?Redirect=Log&logNo=222253590251,"집을 짓자! 내집 마련하기 ~ing 세번째​지난번 주방을 마무리하고이번엔 거실과 악기들 차례입니다.​​​싱글 소파​소파 팔걸이 부분 오리고 붙이고 둘러주고~마감이 엉망이죠? ㅎㅎ그러니까 머~~~얼리서 봐주세요 ㅋㅋ​​​​더블 소파쿠션은 꿰매서 뒤집어 솜 넣기소파 헤드 부분 맨 위 라인에 저 구슬이 연결된 줄왜 한 번에 딱 안 붙어 주냐고요 ㅠㅠ​​​​티 테이블​거실에 테이블도 하나 놓아야담소를 나누며 차 마시고 뭐라도 먹어야 하니까요 ^^​​​​종이로 만든 장미와 요거 꽃잎이 진짜 아가들 손톱만큼 작아서 어찌어찌 만들었는데생각보다 예쁘게 나와서 완전 만족합니다♡​​​​십 원짜리 동전  비교샷~작죠?다른 곳에 놓일 화병을 또 만들어야는 데 엄두가 안 나요 ㅎㅎ이번엔 뒷걸음치다 얻어걸려서요 ㅋㅋㅋㅋ​​​​​음악과 함께 하면더 좋은 티타임이 되겠죠?이제 악기를 만들어 볼 차례입니다 ^^​​피아노​의자 레이스 둘러주다 삐뚤~이거 만드는 순간에 마음이 삐뚤었나 봅니다 ㅋㅋ​피아노 잘 치는 사람 넘넘 부럽던데가느다랗고 하얀 예쁜 손이 부러웠나 봐요 ㅎㅎ​​​첼로​미니어처라 대충 모양만 흉내 내면 될 줄 알았는데와.. 진짜 사소한 것까지 다 표현해야 하더라고요~덕분에 작아도 모양이 제대로~디테일이 살아있어요!그만큼 제 손은 또 범벅 범벅~ ㅎㅎㅎㅎ​​​#아이네스님선물#미니어처만들기#미니어처하우스시애틀#DIY#내집마련은어려운일​오늘은 이렇게음악과 함께 담소를 나눌 수 있는 공간을 만들었어요.사진이 좀 많죠?열심히 달려봤습니다 ^^​​​이제 바닥공사를 하고 1층 각각의 자리에 살림살이 배치를 해 줄 예정이에요. 그리고 2층 살림살이 준비를 하고 2층 공사를 해주면 됩니다.​이제 30% 정도 진행된 것 같아요~지켜봐 주시고 응원해 주신 이웃님들 감사합니다 ^^블로그에서 내 뜨개가 사라지고 있다!ㅋㅋㅋㅋ​​​키라키라오늘도 고생했다!​48
사95
%~3캐어
ㅜㅜ
소
느2ㅋ도
고브찮아-

20"" + 영차
",24,185,27,0,217.0,60,,2021. 2. 23. 14:50
38,⚜Sold out 빈티지 미니어처 탁상시계,etoile Vintage,https://blog.naver.com/michelle_0106?Redirect=Log&logNo=222397372849,"빈티지 아치형 브라스 미니어처 탁상시계 입니다. 모네 정원의 그림이 안의 바탕과 겉면에 둘러져있어요. 브라스 제품이라 묵직하고 알람 기능도 되요. 뒷면을 오픈하면 AA 베터리 교체할수 있어요.(뒷면 오픈할때 사진에 보이는 정도만 오픈할수 있어요. 살짝만 오픈하고 배터리 교체해 주세요)사이즈 7.5*3*9.5​​🍀빈티지 특성상 스크레치,오염,세월의 흔적이 고스란히 담겨있으니 신중한 구매 부탁드립니다 🍀배송중 파손을 제외하고 교환이 환불은 불가능합니다 🍀8만원이상 구입시 배송 가능합니다. 8만원 채우실때까지 홀드해 드릴께요 🍀빈티지 식기 제품은 해외에서 문제없이 사용되었지만 법률상 장식용으로 통과되어 식품의 기구 또는 용기로 사용실수 없으며 인체에 해로울 있습니다. ​​#에뚜알#촛대#감성빈티지#빈티지램프#스테인드글라스#빈티지컵#브라스촛대#빈티지액자#카페인테리어#빈티지피겨린#빈티지구스#튤립#빅토리안#카메오#미국직구#미국빈티지#빈티지찻잔#빈티지소품#빈티지그릇#빈티지보석함#크리스탈#빈티지베이스#빈티지캔들홀더#빈티지벽촛대9
|

. 개
",8,78,10,0,130.2,0,,2021. 6. 14. 10:12
39,험멜 미니어처 하우스 재입고,모두앤틱,https://blog.naver.com/jachin_boaz?Redirect=Log&logNo=222416956724,"​​3대가 덕을 쌓아야 만날 수 있다는 험멜 미니어처 하우스 🏠재입고 되었어요 ​몇년전 처음 소개해 드렸을때도 비록 구매는 못하셨지만 보는 것만으로도 즐겁다고 하셨던 이웃님들 많으셨지요~ ​그 귀한 험멜 하우스를 새제품에 준하는 상태로 만날 수 있게 되었답니다 ​지난 번 소개해드린 제품은 안에 미니어처들이 이미 붙여져있는 상태로 입고가 되었어서  배송 중 충격에 의한 파손이 염려스러운 부분이 있었어요 ​하지만 이번 제품은 모든 미니어처가  출시 때 포장 그대로오리지널 박스에 보관되어 있어서 구매하신 후 인형놀이 하시듯이 하나하나 붙이시면 되셔요~ 👍👍​당연 하우스 자체도 본드 자국 없이 새것에  준하는 컨디션입니다 ~ ​너무 근사한 오리지널 험멜 미니어처 하우스 즐겁게 감상하시고  관심있으신 분은 비밀덧글로  문의주세요~ ​​험멜 9999개 한정판 중 1641번째 생산품 크기 가로 43cm ( 양쪽 문 열린 상태로 ) 세로 39cm ( 지붕꼭지에서 바닥까지 ) ​​​이건 예전에  판매했던 제품 사진이에요 ~ 오늘 소개해 드리는 제품은  이렇게 붙여서 보여드릴수가 없어서 이 사진으로 미니어처 붙였을때 이미지 대신 합니다 ~ ​더 자세한 이미지는 아래 포스팅 참고해 주세요~ ​https://m.blog.naver.com/jachin_boaz/221675001420​​ ㅡㅡㅡ 오리지널 박스 채로 잘 보관되었네요~ ​​​​이 안에 미니어처들이 들어있고요 ~ ​미니어처 붙일 수 있는 스티커들 ​박스 안에 이렇게 미니어처들이 각각의 포장재  안에 들어 있습니다 ​​가운데 맨 아래칸에 들어가는 베이커리 코너 안에 케잌 🍰 이랑 빵 🍞  도넛 🍩    넣으시면 되요~ ​​​빵 올려두는  곳 ​각각의 칸에 들어가는 모든 미니어처들 제가 사진이랑 비교하면서 다 확인했고 빠진 제품 하나도 없어요 ~ ​스티커도 넉넉히 들어 있습니다 ​​​마지막으로 예전 판매 사진을 보시면 아래에 바케트빵이 하나 있어요 ~ ​그런데 이 빵은 원래 오리지널 사진에는 없는 미니어처 에요~  ㅎㅎ ​왜 바케뜨 없냐고 하지 마세요 아마 이전에 판매 했을 때 원 소유주분이 다른 미니어처에서  구해서 붙이신거 같아요~ ​바게뜨 빵 제외 오리지널 험멜미니아처 하우스에 있는 미니어처들은 모두 포함되어 있습니다 ~ ​​그
",46,274,48,0,159.2,0,,2021. 7. 1. 23:10
40,종교 납골당 미니어처 소품으로 납골당 꾸미기,♡ 오롯이 맑음,https://blog.naver.com/qpswldia?Redirect=Log&logNo=222410032319,"​​​​종교관련 납골당 미니어처​​오늘은 종교관련 미니어처를 소개합니다. ^^​미니어처장식이 이곳저곳 많이 사용되지만 그래도 가장 많이 검색하시는곳이​바로 납골당 장식을 위한 목적입니다.​아무래도 고인이 생전에 믿었던 종교관련 소품이나​좋아하셨던 사물 음식등을 아기자기하게 꾸며줌으로써 ​고인에 대한 고마웠던 마음을 조금이라도 표현할수 있지 않을까 하는 마음이 크겠죠..^^​​​​​​​​납골당 꾸미기 소품으로 가장 인기가 좋은 종교관련 미니어처 입니다.​십자가와 성경책이 아기자기하게 만들어져​좁은 공간의 납골당속에 두시기 좋은 아이템입니다.​별도로 각각 구매가 가능하지만​인기있는 아이템들로 묶어 패키지로 준비했습니다.​기독교, 천주교, 불교 선택하셔서 준비해보세요..​​​​​성모 마리아와 성경책 세트로​성경책은 대만​성모마리아는 국내생산 제품입니다.​약간의 빈티지함도 있으면서 철제소재로 특별함이 있습니다.​오래 두셔도 변형이 없구요..^^​​​​​그외에도 십자가들이 있는데요..​십자가는 예수님 십자가부터 실버 십자가, 골드 십자가를 각각 선택해주시면 됩니다.​십자가도 모두 국내 생산 제품이예요~​저희는 제품 모두를 각각 보내드리니​십자가와 성모상은 목적에 따라 접착을 하셔도 좋습니다...​아크릴 케이스가 함께 출고되기때문에​아크릴 케이스에 아기자기하게 연출해주시면 ​고급스러운 느낌이 더욱 맘에 드실거예요~​​​​​​​성경책은 미니어처 성경책중 가장 퀄리티 있고 고급디자인으로 선택되어 있습니다..​저희 몰에서 좀더 저렴한것도 있지만 ​패키지와 어울리지 않아 철제소재로된 성경책과 돋보기가 세트로 있는 제품으로 출고해드리며​성경책은 영문 성경구절이 인쇄되어 있습니다.​정말 신기하죠..^^​보시는분들은 정말 성경 구절이 적혀있을거라 생각까지는 않하시는 분들이 많으신데...​성경구절이 있는걸 보고 많이들 만족해 하신답니다..^^​​​​​​종교관련으로 불교가 빠지면 안되겠죠..^^​불교 미니어처는 부처님 불상으로 연출했습니다.​골드도금처리와 큐빅장식이​모두 국내에서 작업되어 생산되는 제품입니다...​우드부처님도 수작업으로 만드는 부분이라​부처 디자인이 미세하게 차이가 있을수는있으니 참고 부탁드립니다.​​​​쓸쓸해 보이는납골당에​아기자기한 미니어처 소품으로​예쁘게 꾸며보세요~​고인을 위한 사랑하는 마음이 전해 질거예요..^^​​소개해드린 종교관련 미니어처를 만나실려면​네이버에 소품버스를 검색해주세요.​아기자기한 미니어처는 소품버스의 데코소품 메뉴에서 만나실수 있으며​아래 링크를 클릭하시면 제품으로 바로 연결됩니다.​​​소품버스 (sopumbus.com)​소품버스 (sopumbus.com)​#납골당미니어처#납골당꾸미기#십자가미니어처#성경책미니어처#부처님미니어처#기독교미니어처#천주교미니어처#불교미니어처#종교납골당소품#납골당장식#성모상미니어처​​​ 
~
 
",12,203,0,0,916.6,0,,2021. 6. 25. 18:35
41,diy 미니어처 하우스 초콜렛 상점 만들기 02 풀템 취미 키트,마론하우스 : M.A.D.E,https://blog.naver.com/sadnessmj?Redirect=Log&logNo=222407484896,"안녕하세요 마론입니다지난번 만들고 있었던diy 미니어처 하우스 초콜렛 가게 만들기 키트를이어서 만들어 완성해보았답니다​https://blog.naver.com/sadnessmj/222401224879​안쪽에 가구도 넣고포스터도 뽑아서 붙여줬어요지난번 포스팅때 보여드렸던미니어처 초콜렛은미니어처 하우스의 소품으로사용하려고 만들었었어요​https://blog.naver.com/sadnessmj/222399096989귀여운 미니하트 초콜렛은카운터의 장식으로 올라갔어요실바니안을 모델로 세우니더욱 예쁘게 잘 어울리죠곰돌이가 올라앉은 수레는밖에 장식으로 두는 건데곰인형 장식은 동대문 갔을때귀여워서 구입했었거든요​여기에 장식되려고 사왔나봐요 ㅎㅎ아주 찰떡입니다!가게 안쪽에 카운터를 넣어주고이제 외관을 붙여주고 곰돌이 수레도장식해줬어요출입문에는 스티커를 붙여주었어요오른쪽에 테라스를 붙여주고간판을 붙여서심플하면서도 핑크핑크한diy 미니어처 하우스 초콜렛 가게를 완성했습니다!​원래 diy 미니어처 키트보다외관이 좀 휑한것 같지만저는 인형을 넣어서 꾸며줄거라외관에 큰 장식들은 생략했답니다​간판은 제가 이니셜 스티커를 붙여서만들어봤어요이거 만들자고 이니셜 스티커도 샀다니까요 ㅎㅎ​제가 이렇게 미니어처에 진심입니다 :)​사이드에 있는 야외 테이블도너무 귀여워요외관에서 작은 창으로 들여다보는내부도 예쁘구요역시나 diy 미니어처 하우스에는실바니안 친구들이 들어와야완성되는 느낌이랄까요?​레드톤의 의상을 입고 있는실바니안 친구들을 넣어두었더니더 잘 어울리는것 같아요​미니어처 하우스는 불을 켜야분위기가 더 살죠!​원래 키트에 있는거보다저는 불을 안쪽에만 달아두었는데하나만 켜도 은은하니 예쁜것 같아요diy 미니어처 하우스에실바니안은 찰떡으로 잘 어울려서인형 한두개씩 넣어서 장식해두면완성도가 더 높아지는것 같아요벌써 몇번째 샵을 오픈하는건지 ㅎㅎ미니어처 하우스 세상에선저 건물 부자에요 ㅎㅎ​핑크핑크한 미니어처 하우스는처음 만들어보는데생각보다 더 예뻐서 너무 맘에 드네요​​diy 미니어처 하우스 초콜렛 가게는https://smartstore.naver.com/fulltem/products/4505975260풀템에서 구입할 수 있어요​​​미닝너처 하우스는왜이렇게 예쁜게 자꾸 나오는지제가 계속 만들고 싶잖아요ㅎㅎ​미니어처 하우스들이점점 마을을 이루고 있어요이러다 대단지 될 지경입니다그래도 예쁜건 다 만들거에요 ㅎㅎ​즐거운 오후되세요마론이였어요​​​​:: 풀템에서 직접 골라 만들어 본 후기 입니다! 
",20,184,12,1,801.6,26,,2021. 6. 23. 15:26
42,"미니어처, 가죽공예, 토탈공예 방과후 수업 했어요.",달샘 레진아트 dalseam,https://blog.naver.com/moonsn77?Redirect=Log&logNo=222421382413,"안녕하세요.  미니어처, 가죽공예, 토탈공예 방과후 수업 사진 올려 봅니다.​아~ 아이들 정말 잘 만들고 좋아해 줘서 고맙고 신나는 방과후 공예 수업 하고 있어요 .^^​​가죽공예 지갑 만들기 한땀한땀 바느질 해서 완성 했어요. 미니어처 나무 조립해서 오븐을 만들었어요. 생크림클레이 와 파츠 등 만들기 1회 만들기로 너무 좋아요. 미니어처 짜장면 만들기 서랍장 꾸며주고 면발뽑기~디폼블록 수업 아이들 너무 잘 만들었답니다. 미니어처 피자 상점 1호 토핑 만들기가 재미있는 수업 ​#미니어처수업 #가죽공예수업 #디폼블록수업 #단체수업 #토탈공예수업 #초등학생수업 #방과후수업 ",12,72,0,0,193.2,15,,2021. 7. 5. 21:49
43,미니란도셀 구체관절 구관인형 가방 미니어처가방 원데이클래스,제이아이앤 디자인 스튜디오 since 2013,https://blog.naver.com/redjudy?Redirect=Log&logNo=222429079393,​​​​​#미니어처가방#구관인형가방 #구체관절 #미니백 #구관인형소품​​​​​​구관인형 가방 으로 만든 미니 란도셀 입니다미니백 은 작으면 작을수록 힘들죠정교한 작업이 필요한 가방 입니다​지난번 백팩이랑 사첼백 포스팅 했구요오늘은 란도셀 입니다백팩이랑 사첼백은  ⬇️아래링크 에 있습니다​​​매니아 층들이 있는 제품이라인형소품으로 직접 만들고 싶으신 분들은 일일체험 으로 작업 가능합니다 ​​​​​​​​​​​애장하는 구관인형 가죽 가방을 직접 만들고 싶은 분들은 원데이클래스 로 작업 가능합니다리얼가죽으로만 사용해서 만듭니다​​​지금은 이렇게  4개 가능하구요계속해서 추가로 만들어 볼께요​​​사이즈별로 체험비는 다르니 문의 바랍니다​​​​체험은 월요일 수업 가능하구요시간은 조절 가능합니다체험은 가죽을 미리 준비해야 하기에최소 2주전에 예약 부탁드립니다 ​​​수업은 제가 하는게 아니구요~다른 선생님께서 수업하십니다이것만 전문적으로 작업하시는 선생님께서 가르쳐 드립니다​​​​​​​​​​일일체험 및 기타문의 는 댓글이나 톡톡 카톡 문의 바랍니다 ​부산 해운대 가죽공방 제이아이앤디자인스튜디오 카톡 아이디 jinds215 ​​​​,10,104,1,0,346.6,11,,18시간 전
44,양모펠트 미니어처 반려동물 반려견 강아지 인형 자격증수업작품,버블토리,https://blog.naver.com/rlaskdud81?Redirect=Log&logNo=222396701914,"​대한반려동물공예협회의 미니어처양모펠트자격증 수업을 진행했어요 안양, 용인에서 오신 두 분의 수강생분들의 작품이예요​6시간씩 6회로 진행하고 있어요~ 안양수강생분의 푸들이예요 ^^  공방에 다양한 공예의 재료들이 많다보니~  수강생분들이 만드신 인형에 어울리는 악세사리를 더해드리고 있어요 너무나 귀엽네요 ​​미니어처 사이즈라 하루만에 완성하실수 있다는 매력이 ^^ ​10cm안쪽의  사이즈예요 ​장모, 단모 다양한 기법을 배우시려면 양모펠트자격증 2급을 신청해주시면 됩니다. 미니어처수업에서는 장모 6종을 배우게 됩니다.​​비숑이예요~ ​열쇠를 걸고 있네요 ^^ ​너무나 귀엽죠? ​​초보자분들도 어렵지 않게 만드실 수 있도록 알려드려요 ​​배우셔서 키우고 있는 반려견을 만들어보세요 ​지인분들께 선물로도 좋아요 ​​우아한 시츄공주님이네요 ^^ ​​너무나 귀엽죠? ^^ ​계속 감탄이~~ ​​​하쌤이 만드신 시츄~ ^^ ​​모자를 쓰니 또 다른 느낌이네요 ㅎㅎ​미니어처 반려동물 양모펠트지도사자격증 수업 문의는 댓글로 해주세요 ",11,103,9,0,187.2,1,,2021. 6. 16. 6:40
45,집을 짓자! (DIY미니어처하우스) 시애틀 풀빌라 ~ing 두번째,"kirakira ""손"" 놀이터",https://blog.naver.com/mabusii?Redirect=Log&logNo=222250424907,"집을 짓자! 내집 마련하기 ~ing 두번째​명절 전후로 손도 못대고 있다가이제 주방을 마저 마무리합니다.​​​​테이블 위 촛대 완성​​​별것 아닌 촛대 하나요거 하나 만드는데와... 어찌나 시간이 오래 걸리는지 ㅠㅠ접착이 잘 안돼서 모양이 안 나오고 휘어지고 ㅎㅎ접착제 덕지덕지~ㅠㅠ​​​그래도 촛대 넣어주니 더 나아 보이죠?나중에 테이블 밑으로 나온 선을 잘 연결해 주면촛대에 불도 짠~ 들어올 거예요.그럼 더 분위기 있어 보이겠죠? ^^전선 잘 연결해야 할 텐데 이런 건 처음이라 불이 안 들어올까 걱정이에요 ㅎㅎ​​​​종이를 오려 화분을 만들고 꽃과 잎 붙여서 완성​​​우유와 빵​​​사과​​​주방도구​​​냄비​​​싱크대 수전​​​​요건 재료 사진이 없네요 ㅎㅎ만들기 바빴나 봐요 ㅋㅋ​​​​앞에 만든 소품들 하나하나 제자리 찾아줍니다.싱크대 수납 손잡이를 빼먹었네요 ^^;​​​​이렇게 해서 주방은 완료입니다.​​​​거실 벽에 걸어 둘 액자와 시계, 그리고 몇 권의 책 완성.​​​십원짜리 동전과 있으니대충 크기가 짐작이 가시죠?​​​​접착제 범벅에어설프지만 하나씩 늘리는 재미로오늘도 열심히 집을 짓고 있습니다.내집 갖는 일이 쉬운 일이 아니었어요 ㅎㅎㅎㅎ다음엔 악기와 가구를 들일 계획입니다.​더디게 진행되어도 내집 갖는 그날을 위해 아자아자!!​​​#아이네스님선물#미니어처만들기#미니어처하우스시애틀#DIY#내집마련은어려운일​​​그러고보니 오늘 뜨개를 1도 못했네요 ㅎㅎ​>
단토다

ㅋㄱㄴㅋㄱ
수고했어
- 547960497 -
",28,139,20,0,217.0,60,,2021. 2. 20. 19:46
46,취미 키트 미니어처 만들기 도너랜드 쿠키 마카롱 와플 붕어빵... ,마론하우스 : M.A.D.E,https://blog.naver.com/sadnessmj?Redirect=Log&logNo=222409842047,"안녕하세요 마론입니다지난 도너랜드 미니어처 만들기 키트에 이어 추가 또 구입했어요​저는 미니어처에 진심이니까요 :)​https://blog.naver.com/sadnessmj/222239021590​이번에 산것중에 첫번째는미니어처 베이커리 만들기 중마들렌 만들기입니다천사점토,천사수지점토,실리콘몰드미니어처 접시,포크,숟가락도구등이 들어있어요저는 실리콘 몰드가 들어있는키트들만 구입하고 있답니다​실리콘 몰드로다양하게 응용해서 만들 수 있어서저는 이거때문에 이 미니어처 만들기 키트를구입하기도 해요​미니어처 마들렌 만들기에는요런 박스도 들어있네요두번째는 미니어처 마카롱 만들기입니다마카롱 모양의 몰드 말고도작은 과일등 크림들이 있어서요거 하나로도 다양하게 응용가능할것 같아요세번째는 와플 붕어빵입니다와플모양도 귀엽고붕어빵 모양도 너무 귀여운것 같아요마지막은 미니어처 쿠키 만들기 입니다쿠키맨 모양도 있고하트,별모양등등이 있어서다양하게 만들어 볼 수 있을것 같아요​​저는 도너랜드 미니어처 만들기 키트로만든 소품들을diy 미니어처 하우스의 소품이나실바니안,육일돌의 주방 소품등으로활용하고 있어요​그런 미니어처를 살까해서여기저기 보아도사이즈가 작은 미니어처 소품들이많지 않더라구요​이렇게 직접 만드니 더 맘에들고원하는걸 얻을 수 있어서1석2조인것 같아요​​완성하면 하나씩 또 소개할께요!​​즐거운 주말보내세요마론이였어요​ 
",16,103,0,0,801.6,10,,2021. 6. 25. 15:26
47,diy 미니어처 하우스 만들기 커피숍 다정한 카페,마론하우스 : M.A.D.E,https://blog.naver.com/sadnessmj?Redirect=Log&logNo=222392591151,"안녕하세요 마론입니다지난번 diy 미니어처 하우스그린바 만들기를 소개해드렸는데요​그린바 만들기와 같이 구입한다정한 카페 diy 미니어처 하우스 만들기패키지입니다​구매한곳은 같아요​https://blog.naver.com/sadnessmj/222349490768​미니어처 하우스 그린바 만들기는겉의 색상을 칠해서 바꾸어 주었는데커피숍은 컬러그대로가 맘에 들어서금새 외관을 완성했어요아래쪽 바닥만 바꿔준거에요그리 튀지않고 외관이 맘에 들더라구요내부의 벽지와 바닥은 바꾸어 주었어요벽지와 바닥 바꾸는건 이제 일도 아니죠 ㅎㅎ​벽지와 바닥은 제가 만들어서붙여주는거랍니다이렇게 겉과 안을 경첩으로연결해주면 앞쪽의 문이 크게 열고 닫혀요​지난번에 diy 미니어처 하우스 그린바만든것과 같이 올려두었는데이렇게 보니 이런 시리즈로쭉~ 만들어 놓고 싶더라구요​외관이 이렇게 잡혀있는 디자인의미니어처 하우스가 너무 예쁜것 같아요​아직 내부는 어떻게 꾸며줄지 생각해보지않아서외관만 완성해두고 있어요​패키지대로 만들건 아니라어떤 가게들로 만들어줄지 고민을 좀 해봐야겠어요​외관만으로도 이미 맘에드는diy 미니어처 하우스에요 ㅎㅎ​​내부가 하나씩 완성되면또 소개할께요!​더워진 날씨에시원한 음료 드시면서즐거운 오후되세요​마론이였어요​뻐
좋
",10,99,12,0,801.6,22,,2021. 6. 10. 15:06
48,풀템 diy 미니어처 하우스 초콜렛 가게 만들기 01,마론하우스 : M.A.D.E,https://blog.naver.com/sadnessmj?Redirect=Log&logNo=222401224879,"안녕하세요 마론입니다요즘 만들고 있는diy 미니어처 하우스를 소개해볼까합니다​이번 diy 미니어쳐 하우스는풀템이라는 사이트의s소형 67 초콜릿 이라는핑크색의 초콜렛 상점 만들기에요​https://smartstore.naver.com/fulltem/products/4505975260​ 기초 공구들과 접착제귀여운 미니어처 선물까지포함되어 있는 풀템의 diy 미니어처 하우스 패키지입니다​미니어처 하우스를 좋아하신다면초콜렛 가게 만들기패키지는 많이 보셨을수도 있어요요건 벽지는 예쁜거 같아서 그대로 쓰고바닥은 제가 원하는대로 바꾸어 주었어요저는 소품보다도 집틀을 먼저 다 만들어놓고안에 소품들을 만들어요​집의 형태부터 만들어봅니다우선 만들어본 가게의 형태에요너무 예쁘죠바닥만 제가 원하는 대로 바꾸고기존 패키지에 있는 그대로에요​핑크색이 진하지 않아서더 맘에들어요​이제 미니어처 소품들을하나하나 만들어봅니다종이를 잘라서 붙여서 상자를 만들고가구들도 접착제로 붙여줬어요​안에 소품들은 만든것도 있고만들지 않은것도 있는데전체적으로 어렵지않게 만들 수 있는패키지더라구요​가구에 만든 소품들을 넣어서하나씩 채워넣어봅니다​만들면 만들수록더 많이 만들고 싶은 ㅎㅎ개미지옥같은diy 미니어처 하우스 만들기에요​아직 만들고있는 중이라얼른 완성해서다음주에 또 소개해볼께요​​즐거운 주말보내세요!마론이였어요​​​​:: 풀템에서 직접 골라 만들어 본 후기 입니다! 
 
 
",13,110,12,0,801.8,22,,2021. 6. 17. 15:23
49,diy 미니어처 하우스 취미추천 하루클래스 캠핑카 카라반... ,마론하우스 : M.A.D.E,https://blog.naver.com/sadnessmj?Redirect=Log&logNo=222244230135,"안녕하세요 마론입니다즐거운 설연휴 보내셨는지 모르겠어요​저는 설연휴기간에하루클래스의 diy 미니어처 하우스 중캠핑카 카라반을 만들어봤어요​오랜만에 만들어보는 미니어쳐 하우스네요접착제와 순간접착제요런 귀여운 미니어처 서비스도 넣어주시고diy 미니어쳐 하우스가 처음인 분들을 위한가이드도 함께 보내주셔서미리 체크해보고 시작할 수 있겠더라구요​생각보다 캠핑카는카라반이 통째로 이미 붙어있는 구조라안에 소품만 만들면되서생각보다 오래걸리진 않겠더라구요근데 최대의 난관이 있었어요그거슨!이 문틀들이요!여기 빈 공간에창틀,문틀들을 끼워넣는건데세상에 너무 안들어가요​이 미니어처 캠핑카 만드신 분들은어떻게 잘 맞춰서 넣으셨는지 모르겠지만저는 문틀 창틀 끼는데만거의 3시간은 넘게 걸린것 같아요우여곡절끝에 어떻게 저렇게 끼우긴했는데막 갈아내느라 까지고문은 부러져서 붙이고 ;;​그래도 티가 많이 안나서다행이네요..무튼 문틀 창틀의 고비를 지나귀여운 소품들 만들 시간 기본적인 가구들도 알록달록색감이 있더라구요​싱크대의 들어가는 무늬는원래 좀더 튀는 무틔였는데저는 체크로 해주고 싶어서제 취향껏 바꿔봤어요캐라반 창틀에 잎으로장식을 하는데저는 제가 가지고있던 조화들로장식을 해봣어요조화로 장식을하니조금더 생동감 있는것 같아요사진소품으로 찍고 가지고 있던건데diy 미니어처 하우스 꾸밀때요긴하게 쓰고있답니다​남은 조화들로작은 화분들도 대량 만들어봤어요​카라반안에 다 쓰진않을거 같지만만드는김에 여러개 만들어두고다음에 또 활용하려구요​미니어처 화분들이 생각보다맘에드는게 별로 없더라구요 ;​아직 쇼파와 침대,기타 자잘한 소품들이 남아있는데이번주에 완성해서 또 완성작 소개해볼께요​diy 미니이처 하우스카라반 캠핑카는 생각보다컬러가 아주 민트민트해서봄에 너무 잘 어울리는미니어처같아요​요 피스타치오 캠핑카 카라반을한번 만들어보고 싶었는데하루클래스의 좋은 제안으로접해볼 수 있어서너무 좋았답니다​하루클래스는하루클래스는 20~40대 여성, 아이들을 주 타켓층으로 하여 DIY키트, 미니어처하우스 등 다양한 취미아이템을 만들기 위해 노력하고 있는 곳이랍니다​https://smartstore.naver.com/haruclass/products/5141410738저는 요기서 L05.피스타치오 카라반을선택해서 만들고 있어요​​곧 완성된 미니어처 하우스로찾아올께요!​​취미생활로 diy 미니어쳐만들기는진짜 강추에요~​​즐거운 한주시작하세요​마론이였어요​​​​*하루클래스에서 직접골라 만들어본 후기입니다계
",18,189,23,1,801.8,37,,2021. 2. 15. 15:42
50,어린이날추천 아이엠미니 diy 미니어처 하우스 플라워카페... ,마론하우스 : M.A.D.E,https://blog.naver.com/sadnessmj?Redirect=Log&logNo=222326177140,"​안녕하세요 마론입니다diy 미니어처 하우스플라워카페 로즈가든두번째 만들기 시간이에요​이전 만들기 편은 아래 포스팅에서 확인해주세요https://blog.naver.com/sadnessmj/222320330535​굵직한 가구들은 모두 만들어두고이제는 조명 연결하고외관을 붙여줬어요​외관의 지붕같은 경우는아무리 잘 붙여도 사이가 뜨더라구요그래서 지붕에 나뭇잎 같은걸 두르는구나..싶었어요​야외테이블인데삼단트레이도 너무 예쁘고찻잔과 티팟세트가 너무 예쁘더라구요그리고 플라워카페의 꽃이조경을 완성해줘야했어요​패키지에 들어있는 조화들과제가 가지고있는 조화들을 합쳐서꾸며주었어요​만드는 과정이 너무 정신없었기에중간과정은 완전히 생략되었어요 ㅎㅎ​​저는 이번에도 역시나설명서대로 하지않고제 느낌대로 완성을 했습니다!테이블의 아비규환을 지나diy 미니어처 하우스플라워카페 로즈가든 완성입니다!이 미니어쳐 플라워카페는조경을 다 완성한풀샷이 훨씬 예쁜 집이더라구요​다른 미니어처 하우스들의 경우뭘 많이 안할때가 예쁜게 있는데이건 조경은 꼭꼭 신경써서 해줘야겠더라구요야외테이블도 너무 예쁘고지붕에 두른 조화장식과장미꽃도 예쁘게 잘 어울리더라구요들어가는 입구도 너무 예뻐요왼쪽에 테라스 가구는 패키지에는 없어요제가 다른 diy 미니어처 하우스에있던 테이블과 의자를 올려두었어요내부가 개방형은 아니라안에 예쁜 소품들이 묻히는게 아깝지만사이사이로 보이는 소품들이예쁘더라구요​패키지를 받았을때사은품으로 같이 들어있던 인형 피규어에요야외테이블에 세워두니찰떡으로 잘 어울리더라구요​강아지 피규어는 다른 미니어처 하우스패키지에 들어있던걸 붙여줬는데눈이 너무 무섭지만;소품으론 괜찮은것 같아요제가 diy 미니어처 하우스를 완성했으니실바니안 식구들이 빠질 수 없죠!​모두모두 어서 오세요~그리고 diy 미니어처 하우스 만들기에빠질수없는 화룡점정은바로 조명이죠!​이번 조명은 조금 은은하더라구요그래서 저는 더 맘에 들었구요무엇보다 이번엔 소리인식센서를 써봤어요~​소리인식센서 역시패키지 구입이 사은품으로 받은건데박수를 치면 불이 켜지고다시 박수를 치면 불이 꺼집니다​박수 아니더라도테이블을 치거나 진동을 느끼면불이 꺼지고 켜지는것 같아요​저 너무 신기해서 계속박수 치고 있었잖아요 ㅎㅎ완성한 미니어처 하우스들 넣어두려고주문했던 선반들에차곡차곡 완성된미니어처 하우스들이입주하고 있네요​​영상으로도 찍어봤어요온라인 집들이에 어서오세요~​diy 미니어처 하우스 플라워카페로즈가든은 아이엠 미니에서 보실 수 있으며대형 108 플라워카페를선택하시면 됩니다​​https://youtu.be/hABKBsOwel0아이엠미니에서 준비한제작영상도 있어서영상보면서 만들어도 좋을것 같아요​​이렇게또 미니어처 하나가 늘어났네요뭔가 봄날에 너무나도 잘 어울리는디자인의 미니어처 하우스인것 같아요​선물하기에도 좋고난이도는 그리 높지않은것 같아요​아크릴케이스도 포함되어 있고구성도 너무 맘에 들어요저는 아크릴케이스는 천천히 만들어서씌워두려고 아직 안만들었어요​diy 미니어처 하우스플라워카페 로즈가든은사실 조경까지 완성한 최종완성작이제일 예쁜것 같아요​저는 만들면서 생각보다 안예쁜가? 싶었는데다 완성해놓으니 봄날의 카페같고너무 예쁘더라구요​취미로 시작해보실 분들께추천드립니다~저는 또 다른 미니어처 하우스를만들어서 찾아올께요 ㅎㅎ아직 미개봉이 많이 남아있어요!​즐거운 오후되세요마론이였어요​​​​*아이엠미니에서 직접골라 만들어본 후기입니다 
 
 
800
",26,255,14,2,801.8,28,,2021. 4. 28. 15:12
51,노팅힐 꽃집 - 미니어처 꽃 만들기,DOLLHAUS 푸펜하우스 부산서면점,https://blog.naver.com/dollhaus?Redirect=Log&logNo=222374824539,​​정말이지 늘 그렇듯하기싫은 작업 중 하나인 꽃 만들기를미루다 미루다 또 미루다 이제서야 끝냈네요​실제로도 꽃을 싫어하는데그 꽃을 만드려니정말이지 음... 음....왜 꽃집을 선택했나싶고 막 그랬지요​​장미랑 카라는 늘 10년째 만들던거라 기본으로 만들고12시간을 꼬박 꽃만 만드니 200송이 조금 더 만들었네요(수국 빼고)​그리고 몸살 목디스크 유발​꽃을 싫어하지만 유일하게 좋아하는 꽃이 하늘색 수국이라이번엔 새로운 꽃을 만들어보자해서꽃집이름도 수국으로 짓고하늘색 수국하나만 만들어보자 하고 만들었는데...​​양동이에 한 송이 놓으니뺄까 싶을 정도의 허전함 무엇​수국 한송이에 35개의 꽃이 들어가고 5잎은 무리라 4잎씩이니깐 140잎​ㅎㅎㅎㅎㅎㅎㅎ​​그래도 저놈의 간판을 먼저 작업해버렸으니수국으로 채워야겠어서 ​다시 도전~~!!​억지억지 듬성듬성 5송이 완성실패한 것까지 하면그깟 1000잎쯤이야 ㅎㅎㅎㅎ​나머지는 드라이플라워랑 조화 좀 섞어서꽃집 완성​​급 마무리 하긴 했는데아쉬운 부분도 많긴 하네요​​다음 계획한 작품도 식물 관련이라그땐 꽃만들기 심화과정을 해볼까해요또 디스크 유발​​이번 노팅힐 거리 연출 작품 사이즈 자체가 워낙 작아서꽃도 자연스레 엄청 작아졌는데요​그래서 더 힘들었던 듯수국 한 송이가 엄지손톱만하니깐요​​노팅힐 작품도 이제 거의 끝나서곧 마무리 후 포스팅 할게요​​5월은 쉬엄쉬엄 개인작업이나해야지 했는데전혀 쉬엄쉬엄이 안됐어요​봄을 만들어내는 기분이었어요ㅎㅎ​여러분들도 더워지기 전에다들 열작입니다​​​,22,139,0,0,50.0,17,,2021. 5. 31. 0:10
52,4월 공방 - 부산 돌하우스 미니어처,DOLLHAUS 푸펜하우스 부산서면점,https://blog.naver.com/dollhaus?Redirect=Log&logNo=222321677022,"부제 : 열작전에  본 적 없이 오랜만에 열작 중인 수강생들입니다​친구분께 선물하려고 작업 중인 강작가봉신 강작가 ㅎㅎ요즘 봉 조각 좋아하고 있습니다곧 평면조각도 재미를 붙여봐요^^​​같은날 오신 신규 두분이네요문짝도 동시에 딱~~!!​MDF에 화이트가 이렇게 힘들다뉘후회 중이신 신규분입니다​​누가 보면 작업하다 저리 된 줄 알테지만둘 다 각자 다른일로 다쳐서손목보호대를 했네요웃겨서 한 컷 해봤어요^^​​컨테이너 시리즈지난시간에 외부는 완성됐고이제 내부 가구랑 소품 작업중이에요​내부 컨셉은 목공방이라 작업대 타공판 기타등등 ​​다른 컨테이너는 도예공방이라선반에 완제품 진열중입니다​​검지에서 나오는 톱질톱질하고 벽지 붙이고 바닥도 깔고 문살까지 더 한 미닫이 문까지윤작가님의 뿌듯해하는 표정을 찍지 못해 아쉽네요ㅎㅎ​​윤작가의 쇼파만들기초급과 중급 사이 쇼파 만들기를 했어요집에 가셔서 더 많드셨다뉘진심 대단해요​​정말 새로운 중급A가 나왔네요80년대 방을 구상하고 오셔서 요렇게 진행되고 있어요​봄봄봄봄느낌 나게 화사한 초급이 또 나왔네요​​완다의 습격 ㅎㅎ수강생분의 완제품 그득입니다​​푸치 사이즈에 딱 맞는 주방이 됐네요수강생분 대부분 인형을 하나씩 가지고 계셔서완성 작품에 개인소장 인형들이 들어가있네요^^수강생분들은 요즘 이렇게 열작중이시고전 야구봐요 ㅎㅎ롯데가 만루홈런 쳤어요 ㅎㅎ 
",19,131,2,0,50.0,10,,2021. 4. 27. 0:10
53,취미추천 도너랜드 diy 미니어처 생크림 케이크 만들기,마론하우스 : M.A.D.E,https://blog.naver.com/sadnessmj?Redirect=Log&logNo=222276136638,"안녕하세요 마론입니다도너랜드 미니어쳐 미니놀이베이커리시리즈 중에서생크림 케이크 만들기를 해보았답니다​재료는 기존 크루아상 미니어처 만들기와 같이실리콘몰드와 천사수지점토,천사점토 도구들이 있어요이런 방법으로 생크림케이크를만들어 줄 수 있어요저는 이번 생크림케이크 미니어처 만들기는천사수지점토로만 만들었어요이 작은 실리콘몰드는 생크림을 만들 수 있어요아주 작은 생크림,중간,큰 미니어처 생크림을만들 수 있답니다​저는 작은 케이크를 만드려고제일 작은 생크림들을 만들었어요하얀색 천사수지점토를케이크모양으로 동글동글하고납작하게 만들어줬어요​기본적으로 천사수지점토는 마르면서 조금 반투명해진다고해서흰색을 섞어서 반죽해줬답니다그리고 그 위에 크루아상 미니어처 빵만들기에사용했던 딸기를 얹어주고 생크림을 쭉 올려간단하지만 귀여운 딸기 생크림케이크를 만들었어요​​https://blog.naver.com/sadnessmj/222256103849​제가 크루아상 미니어처 만들기를먼저한 이유가 다 있었죠과일들이 많이 있었기때문에케이크에도 사용하려고 큰그림 그렸답니다 ㅎㅎ이렇게 응용해서 초코케이크와 고구마케이크 라고 해야할까요?세가지를 만들어봤어요​미리 만들어둔 미니어처들을활용하면 더 퀄리티가 있는 미니어처 음식들을만들 수 있겠더라구요​과일들도 한번에 많이 만들어둔 보람이 있었네요이제 예쁘게 셋팅해볼까요?실바니안패미리 아일랜드 키친세트 미니어처 소품들과 같이 활용해봤는데너무 찰떡이더라구요원래 이렇게 세트인것만 같아요!​https://blog.naver.com/sadnessmj/222051732976​실바니안 인형을 올려두어도너무 귀엽게 잘 어울리죠​케이크가 좀 작은거 같긴한데요렇게 작게 만든 이유가 다 있어요~​​케이크 진열대에 진열을 해야했거든요이 케이크 진열대는diy 미니어처 하우스 케이크샵의소품으로 들어갔어요​밑에 빵들은 미니어처 완제품으로구입한거랍니다​이렇게 응용해서 만든diy 미니어처 하우스 케이크샵 만들기는곧 포스팅할께요!​​이 미니어처 음식들 만드는 재미가엄청 쏠쏠하더라구요아직 도넛만들기도 구겔호프,컵케이크 만들기 등등여러개 남아있으니제 스타일대로 또 만들어봐야겠어요​이렇게 저는 미니어처 음식소품 만들기에도발을 담그게 되었네요 ㅎㅎ이러다가 어느날 미니어처 완제품도 스토어팜에올라갈지 모르겠어요~​​무튼 남은 미니어처 만들기들도하나씩 완성하면서 포스팅할께요!​​즐거운 한주 시작하세요​마론이였어요​​쁘%
여
                별
 
 
",16,175,28,1,801.8,29,,2021. 3. 15. 15:56
54,주문제작) BTS 미니어처 지민벤치,DOLLHAUS 푸펜하우스 부산서면점,https://blog.naver.com/dollhaus?Redirect=Log&logNo=222236302085,​​BTS지민 팬분께서 작품을 의뢰해주셨어요서울숲에 있는 지민벤치​기존 제 작품중에 온실 작품을 보시고그 프레임에 눈 덮인 지민벤치를 연출하고 싶다고 하셔서작업을 하게 되었습니다^^​보내주신 일러스트 덕분에 작업이 훨씬 수월하게 진했됐어요​​총 4세트 주문이어서 우선 벤치 먼저 후다닥 만들어 봤습니다​​로고 역시 보내주신 사진처럼 이렇게 넣고 싶었지만 글자 사이즈가 1mm정도 밖에 안되어서 그냥 여백없이 꽉찬 글씨가 됐어요​​프레임 자체가 워낙 작아서의자는 7cm밖에 안된다는 거 ㅎㅎ목디스크 주의입니다​​역시 저답게 중간 과정사진 하나없이완성본이네요​​케이스에 넣기 전 사진입니다​제가 사진 못 찍는 건 이미 다 아실거고제 작품은 실물이 늘 어김없이 조금이라도 더 이쁘다는 거 ㅋㅋ참고하시면 될 것 같아요​​​케이스에 넣으면 요런 느낌입니다유리관안에 있을때 느낌 역시 그 나름의 멋이 있어요​​요런건 공원에 들고 나가 햇살 받으며 찍으면 정말 대박일 것 같은데연휴 택배대란 피해 급히 보내느라 그러질 못해서아쉽네요​그래서 소장용으로 하나 더 만들고 있습니다만들고 보니 소장욕이 생겨서요​​주문 주신분들의 사진을 믿어봅니다 ㅋㅋ​BTS 뮤비 미니어처 작업 할 즈음 트위터에서 눈오리 사진을 본 게 기억이 나서눈 관련 작업하던 중 눈오리 대충 만들어 봤어요​귀엽죠?!​모아서 보니 대충 만든 티가 너무 나네요ㅋ​​​요렇게 4세트 완성​손바닥 위에도 올라가는 사이즈내부가 15cm정도니 정말 작죠?!​​이번에도 어김없이 디테일 작가 작디작은님의 도움으로잘 마무리했습니다 ​​주문해주신 분들 모두 감사드리고부디 파손없이 도착해서맘에 쏙 드시길^^​주문제작댓글 또는 카톡 dollhaus,34,172,56,0,50.0,60,,2021. 2. 8. 13:10
55,작업실 셀프인테리어 diy 미니어처 하우스 선반추천... ,마론하우스 : M.A.D.E,https://blog.naver.com/sadnessmj?Redirect=Log&logNo=222269582219,"​안녕하세요 마론입니다작업실에 선반을 하나 들여놨어요우드+화이트 조합에 진심이저는 고민하다가 마켓비 OLLSON 선반 화이트를구입했답니다셀프 조립하는 선반인데보통은 다른 누군가가 조립해주는데이건 빨리 설치하고 싶어서조립에는 똥손이 제가 열심히 조립했어요제가 만드는건 거의 좋아하고 어느정도 하는 편인데조립,기계 이런거에 완전 똥손인지라;​걱정하면서 조립했는데조금 덜컹거리기는하지만어찌저찌 조립이 되긴하더라구요 ㅎㅎ​이런 스타일의 선반입니다화이트도 있고 블랙도 있고했는데저는 우드+화이트조합을너무 사랑하니깐!​당연히 이 조합으로 구입했어요작업실의 화분들 사이에선반을 두었어요큼지막한 넓은 칸칸이라화분들을 올려두어도 좋겠지만저의 목적은 따로 있었죠diy 미니어처 하우스 완성한작품들을 올려놓을 선반을찾다가 구입한거였거든요​사이사이가 넓직해서 그런지왠만한 diy 미니어처 하우스들을올려놓기도 좋을것 같아요​저는 이렇게 저렇게 미니어처 하우스들을옮기면서 자리를 정하고 있어요​아직 만들지 않은것들도 있어서자리는 계속 바뀔것 같아요​diy 미니어처 하우스캠핑카 카라반은밑판과 아크릴케이스가 너무 커서일단 빼고 캠핑카만 넣어두었어요​먼지타는게 걱정이긴한데우선은 이렇게 두고 보려구요​​​​선반은 저렴한 편이라 그런지튼튼하진 않더라구요​다리가 흔들흔들하고전체적으로 갈대같달까요..​​그래도 우선 디자인이 예쁘고저는 무거운걸 올려둘게 아니라가격대비 만족해요​무거운 화분이나전자제품은 못올려둘것 같아요!구입하실때 참고하세요​diy 미니어처 하우스 완성하셔서진열하기에는 좋았어요 :)​선반도 구입했으니미니어쳐도 더 열심히만들어야겠네요 ㅎㅎ​즐거운 오후되세요마론이였어요​​ 
",11,124,0,1,801.8,24,,2021. 3. 9. 16:03
56,diy 미니어처 하우스 그린바 green bar 만들기,마론하우스 : M.A.D.E,https://blog.naver.com/sadnessmj?Redirect=Log&logNo=222349490768,"안녕하세요 마론입니다이번에 새로 만들고 있는diy 미니어처 하우스는 그린바에요​외관의 모양이 맘에들어서 구입해봤어요내돈내산이지만미니어처 하우스 구입처를 종종물으셔서미리 오픈하고 갑니다!​https://smartstore.naver.com/kkmdeal/products/4632495701?꼬미딜에서 저 그린바를 구입했어요!​​이 구조는 제가 얼마전에 선물한케이크러브 케이크샵과 같은 구조에요액자처럼 열리는 구조라맘에들어서 여러개 구입했어요​https://blog.naver.com/sadnessmj/222279568757​외관이 맘에 들었지만색상이 맘에든건 아니였기에노란색 포인트 컬러를다른색으로 바꾸고 싶었어요​어떤 컬러로 할까 고민하다가회색+보라 느낌의 컬러를 만들어칠해줬답니다​물감은 diy 명화그리기 세트에서남은 물감을 활용했어요초록에 보라가 어울릴까.. 반신반의하면서붙여줬는데붙여주고 나니 나름 느낌있더라구요​diy 명화그리기에 들어있던 물감이발림성이 좋긴한데끼울때 까짐이 좀 있어요안에 벽지는 어떤걸로 할까 고민을 오래했어요그래서 빨리 시작을 못한것도 있구요​저는 늘 스트라이프나 은은한 컬러로벽지를 만들곤 하는데이번엔 외관에 어울리는 로맨틱하면서도 플라워패턴이 들어간벽지를 만들어 붙여줬습니다​유리문으로 보이는벽지무늬도 나쁘지않더라구요뭔가 유럽느낌도 나고중세시대 샵 느낌도 들고안에를 어떤가게로 꾸며줄지아직 생각은 더해봐야겠어요​플라워카페도 괜찮을것 같구그냥 카페도 괜찮을것 같구요어떻게 꾸며줄까 고민을 좀더해봐야겠어요​​다시 말씀드리지만외관과 내부는제 스타일대로 모두 바꿔서 만들어요제가 만든것같은 패키지 판매처는 없어요!​​저는 즐거운 고민을 좀더 해봐야겠어요​남은 하루도 잘 마무리하시고즐거운 오후되세요!​​마론이였어요​ 
",9,121,0,0,801.8,17,,2021. 5. 13. 16:22
57,양모펠트 반려동물 강아지 반려견 미니어처 인형 만들기... ,버블토리,https://blog.naver.com/rlaskdud81?Redirect=Log&logNo=222420136219,"​이천에서 오신 수강생분과 미니어처양모펠트자격증 수업을 진행했어요 대한반려동물공예협회의 자격증이 발급되는 수업이예요 ^^ ​첫번째 시간에는 푸들을 만들어요~  10cm미만의 사이즈로 아주 귀여운 미니어처 강아지인형이예요 ~ ​다양한 양모를 사용하여 강아지마다의 특징을 표현하게 됩니다. ​​양모펠트를 처음 접하는 분들도 어렵지 않게 완성하실 수 있어요 ​미니어처양모펠트 수업이 요즘 인기예요 ^^ ​일요일반 자리 남아있어요~ ​​너무 귀엽게 잘 만들어주셨죠 ? ​​만족도가 높은 양모펠트수업이예요 ^^ ​콕콕 찌르다보면 스트레스도 해소됩니다. ​​배우셔서 직접 키우는 반려동물을 만들어보세요​수업 문의는 댓글로 해주세요 ^^ 푸들, 비숑, 말티즈, 요크셔테리어, 포메라니안, 시츄를 만들어요 ",5,77,3,0,187.2,0,,2021. 7. 7. 6:50
58,미니어처 스튜디오 액자,DOLLHAUS 푸펜하우스 부산서면점,https://blog.naver.com/dollhaus?Redirect=Log&logNo=222254075801,"​정말 이제는 작품 이름 정하는 게 제일 힘드네요그냥 억지억지 스튜디오 액자로 하렵니다​미니어처 액자가 있는 스탠드형 인테리어 액자입니다​지난번 액자방 룸박스의 심플 버전입니다지난번 액자방 룸박스 포스팅때대충 미완성 소품 놓고 찍었는데이번엔 조금 정돈해서 찍어봤어요​​​​스튜디오는 이렇게 여러 버전으로 변경 가능사진은 원하는 이미지 주시면 제작 가능​​​좀 더 정돈해서 마켓블로그나 스마트스토어에 올려보도록 하겠습니다^^​현재 미니어처 지민벤치 주문제작 작업중이라지민 버전의 스튜디오 액자도 만들어 봤어요​기본 스타일의 화이트 버전과 원목버전도 예쁘지만 원색버전도너무 예쁜것 같네요제가 만들었지만너무 이쁜 결과물이 나와서사진 찍으면서 신났었네요​​​작품 모아서 사진 찍으니작품 부자 된 것 같네요뿌듯^^​주문 제작 문의댓글 또는 카톡 dollhaus​0
 
",20,82,0,0,50.0,18,,2021. 2. 25. 0:10
59,5주연속 1위 축하! 아미밤 미니어처 만들기♡ 탄이들 보라해♡,Toolae's Doll House,https://blog.naver.com/toolae?Redirect=Log&logNo=222417582292,"무슨말이 더 필요할까요? 너무 기분좋은 일이잖아요! 빌보드 5주연속 1위라니. . . 요즘 방탄 유튜브 이것저것 즐기느라고. 너무 좋아요. ♡ ​제가 할줄아는건 미니어처 아미밤 미니어처를 만들어 마고사장님과 제니한테 들려주었습니다. ​​버터 넘 좋악!!!!!​​보고있다 보면 어느새 엄청 활짝 웃고 있는 저를 발견합니다 ​​​​​​언제나 처럼 좋아서 아무말도 못하는 마고사장님. ㅎㅎㅎ​​​아웅. 한 십주갔으면 좋겠어요. 세계음악역사를 새로 쓰고 있습니다. ♡ 자랑스럽다. ​​.....#bts #btsarmy #btsarmybomb #armybomb #아미밤 #비티에스 #비티에스아미밤 #미니어처만들기 #유튜브 #유튜버 #유튜브꿈나무 #취미소개 #빌보드 #방탄소년단 #방탄 #탄이들 #bts빌보드 ​​​​​​​​​​​2
ㅋㅋ?
ㅋㅋ
 
 
",9,73,4,0,457.6,16,,2021. 7. 2. 14:21
