,Post URL,Post,Image num,sticker num,gif num,Paragraph num,Comment num,Video num,weekly viewer mean,Sympathy num,AD,Posting Date,Buddy num,Total visit,Blog category,Comment detail
0,https://blog.naver.com/juliohan?Redirect=Log&logNo=222322888357,"요즘 sns에서 보다보면 칼림바 연주 하는 모습을 자주 보게되더라구요소리도 너무 맑고 이뻐서 한번 배워보고 싶어 칼림바카페에서 추천하는 구브로 제품으로 겟!오르골 소리같기도 하고 울림소리가 너무기분이 좋은 악기에요 요즘 칼림바 배우기 카페도인기라 저도 가입했는데 5분이면 누구나 배울수 있는 악기라고 해서쉽게 접근할수 있어 좋은것 같아요구브로 칼림바 추천!해요 가격도 착하고 가성비 좋다고 칼림바 배우기 카페에서 추천해줘서 구입했는데 구성품도 좋고 괜찮네요오랜만에 나를 위한 선물 쇼핑!언박싱하는데 너무 기분이 좋은거에요정말 요즘같은 코시국에 집에서 가족들이랑 1인1악기 취미로 하기에칼림바 너무 괜찮은것 같아요진짜 실로폰이랑 비슷하다고 보시면 되요아이들도 어른들도 누구나 쉽게 배울수 있는 악기라 칼림바 추천 해요악보도 들어 있고 설명서도 너무 쉽게  잘 설명되어 있어서누구나 5분이면 배울수 있는 악기인듯요..그냥 작은 도끼처럼 생긴건 튜닝할때 사용하는거에요..ㅋㅋ나를위한 투자로 악기 하나 ㅋㅋ구입했는데 괜히 뿌듯해지네요어려서부터 피아노도 오랫동안 취미로 하고기타연주도 좋아했는데 결혼하고 부터는악기는 거의 손도 안된것 같아 정서도 메말라지는것 같고그래서 내가 선택한 악기가 칼림바에요~이런 오르골소리같은 청량한 소리를 좋아하기도 하고작아서 휴대도 간편해서 넘 맘에 들어요악기에 계이름을 표기할수 잇는 스티커도 포함되어 있어필요하면 붙여도 되는데 저는 패쓰하기로~손톱이 짧다면 골무를 이용해서 연주해도 되구요..악모집에는 초급부터 중급 고급까지 설명이 잘되어 있네요숫자로 표시가 되어 있으니 악보를 보지 못하는 아이들도 배우기 좋아요구브로 칼림바는 17음계로 되어 있는데요음폭이 넓어서 꽤 다양한 음악을 연주할수 있어요가운데 도를 중심으로 양쪽으로 엇갈리게 음계가 표기가 되어 있는데요너무 쉬워요진짜 5분이면 배울수 있어요ㅋㅋ조금더 연습하면 화음도 할수 있을듯요거실에  잘 보이는곳에 늘 곁에두고자주 만지려고 ㅋㅋ전시해두었는데요ㅋㅋ인테리어 효과까지 있는듯요고급스러워 보이는 칼림바!요즘 1인1악기 배우기가 유행이잖아요!배우기도 쉽고 가격도 착하고 접근하기 쉬운 악기라 취미로 배우기 너무 좋은듯요~~계이름과 숫자가 각인이 되어 있어서 너무너무 쉽구요 아이들도  배우기 쉬운 악기라가족들이 함께 연주하기 좋은 악기라가족취미로도 추천하고 싶네요칼림바 받아들자 마자 ㅋㅋ악보없이 그냥 연주해본건데요아직은 익숙하지가 않지만 청량한 소리에 반했어요초보인 나도 소리도 너무 좋고 울림이 정말 좋네요몇일 연습하면 익숙하게 연주할수 있을것 같아요유튜브 검색해보면 칼림바연주 쉽게 볼수 있는데요너무 쉽고 재미나요코시국에 배우기 좋은 칼림바 추천!!2021년 시작한 나의 취미 악기는칼림바~~#칼림바 #칼림바추천 #구브로  
 
 
",14,1,0,275,1,1,3368.2,8,,2021. 4. 25. 22:56,4538,6343976,일상·생각,['저도 칼린바 연주해요...초보예요~']
1,https://blog.naver.com/juliohan?Redirect=Log&logNo=222422639300,"인생세제 카포드캡슐세제 카포드캡슐세제 ​장마철세제  ""프리미엄 캡슐세제 카포드 캡슐세제 듀얼코어 4in1""집들이 선물로도 인기좋은 고급 캡슐세제장마철에 빨래도 잘 안마르고 꿉꿉한 냄새 빨래에서 날까 고민이신분들께추천해주고싶은 독일 캡슐세제!향도 좋고 정말 때 잘가고 색깔옷 흰옷 구분없이 사용할수 있어요흰옷은 더하얗게 색깔옷은 더선명하게정말 꿈의세제가 카포드캡슐세제 입니다독일세탁기술 최적의 세탁공법으로 완성한 가장 완벽한 프리미엄 캡슐세제 사용중입니다장마철세제 향좋고 때잘가는 독일캡슐세제!카포드캡슐세제 Pro-adD 기술로 8배 세척력!  Protect(보호) + ADD(증가) + Deep Clean(딥클린)의 약자인 Pro-adD 기술  각 기능 성분들의 활성을 오랫동안 유지되도록 APS(Active Prodotect System) 시스템을 통해 최적의 세척력을 발휘하는 독일의 최첨단 기술로 만든 캡슐세제!​​​세탁조에 무조건 세제부터 먼저 넣고세탁물을 넣습니다하나면 충분하구요 빨래양이 많을땐2개정도 해주심되구요 보통은 1개면 충분합니다​​​​컬러옷, 흰옷 따로 세탁하지 않고 한 번에 해결세탁조에 캡슐세제를 넣고 세탁물을 넣으면 됩니다​​캡슐세제 쓰면 이젠 다른세제는 못쓰게 됩니당고농축세제 캡슐형세제 색깔옷 흰옷 구분없이 함께 세탁해도 됩니다​이염방지공법 독일기술이 들어간 캡슐세제컬러옷 흰옷 한꺼번에 세탁해요선명한 색상유지에도 흰옷세탁에도얼룩제거에도 아주 확실합니다컬러보호에 좋은 카포드캡슐세제!흰수건은 더 하얗게색깔수건은 더 선명하게향도 좋고 잔향까지 고급스러운캡슐세제!본 후기는 업체에게 제품과 소정의 원고료를 제공받고 솔직하게 작성한 후기입니다. 
 
 
",12,2,0,149,1,2,3368.2,5,text_ad,2021. 7. 6. 22:08,4538,6343976,일상·생각,['캡슐세제 은근 편해서 좋더라구요! 세정력까지 좋다고 하니 한번 써보고 싶네요 ㅎㅎ']
2,https://blog.naver.com/juliohan?Redirect=Log&logNo=222178692008,"아로퓸 캡슐세제 블루나잇캡슐세제로 바꾸고 나서 빨래도 깨끗하게 잘빨리고세제찌거기 없어서 얼마나 깔끔한지 몰라요역시 세제도 독일세제가 좋은거 아시죠?독일캡슐세제 아로퓸 캡슐세제 안전하게 어린이들을 위한 안전뚜껑으로 포장되어 있구요독일 기술력을 녹인 센트라린 아로퓸!116년 전통을 이어오고 있는 유럽의 대표 생활용품 기업인센트라린의 기술과 노하우를 적용시킨 캡슐세제 아로퓸 !아로품 캡슐세제 블루나잇은 99.9% 살균 더블액션 딥클리닝 캡슐세제로정말 하얀 타월을 세탁해보면 알아요...정말 새타월처럼 깨끗하게 세탁되니 정말 빨래삶기효과 나는거 있죠제가 게을러서 흰옷도 그냥 세탁기에 막 돌리는데도ㅋㅋ정말 하얗고 유지가 되는 이유가 바로 캡슐세제 덕분인듯요...​아로퓸 캡슐세제는 센트라린의   캡슐세제 분리기술로 최적의 효과를 발휘해주는데요스마트효소와 향기 캡슐과 고농축 파워세제를 한번에 가능합니다삶은 빨래 효과가 있어 세균 불쾌한냄새 찌든때 까지 모두모두 클린하게 세탁이 가능해요향기 캡슐이 터지면서 악취를 흡착하고 불쾌한 냄새를 잡아 동시에 향기가 오래오래 지속됩니다우리집에 온손님들이 타월에서 좋은향이 난다며무슨세제 쓰냐는 말을 많이 하더라구요ㅋㅋ바로 아로퓸 캡슐세제  ​아로퓸 블로나잇은 99.9% 살균 더블액션 딥클리닝 캡슐세제로 다른 아로퓸이랑 다르게 살균 더블액션효과가 있어요각종 테스트에서도 우수한 성적을 거두었어요세척력 테스트에서도 국가표진인 36.7보다 높은 64.3을 기록했구요소취력 테스트는 98%피부자극테스트 완료 무자극항균력있는 제품미세플라스틱없고유해성분 무첨가제품입니다아로퓸 캡슐세제 블루나잇  https://www.wlcshop.co.kr​​쌂은빨래 효과로 세균도 얼룩도 쏙쏙 빠지는아로퓸 캡슐세제 블루나잇!진짜 삶은빨래효과 ㅋㅋ흰빨래 해보면 알수 있어요이제 빨래 어렵게 하지 마요애벌빨래 흰빨래 삶기 이런거 안해도 됩니다그냥 편하게   똑똑한 캡슐세제로 바꾸시면 됩니다삶은것처럼  99.9%살균되고더블액션 딥클리닝 되는 캡슐세제!아루퓸  블루나잇 향이 정말 고급스럽고매력있어 다른제품 이젠 못쓸것 같아요넘좋아서  중독성있어요^^​이렇게 먼저  드럼통안에  캡슐세제를 넣고나서 세탁물을 넣어서 세탁하시면 됩니다​​아로퓸 캡슐세제한통에 42개 캡슐이 들어 있는데요 저는 보통 2개정도를 넣고 세탁하는데요 2달 정도사용하는것 같아요.이제 캡슐세제 사용하고부터는일반 액체세제나 가루분말세제는 사용하지 못할것 같아요편리함과 세척력이 너무 완벽하거든요!99.9% 살균되고 딥클리닉 되는 캡슐세제역시 세제도 독일의 기술력이 더해지니 특별합니다안전하고 피부자극없고 세척력 완벽하고 잔향까지 고급지니이보다 좋을순 없네요  우디계열의 은은한 잔향이 고급스러워요아로퓸 블루나잇의 고급진 잔향이 완전 제취향입니다  과일같은 상큼한 향이 참 기분좋게 해주네요..집들이 선물로도 저는 꼭 독일 캡슐세제를 준비해주는데요이제는 일반 가루세제나 액체세제 말고캡슐세제가 트렌드인듯요..집들이 선물로 아로퓸 캡슐세제 추천합니당^^​본 후기는 업체에게 제품과 소정의 원고료를 제공받고 솔직하게 작성한 후기입니다.#독일캡슐세제 #독일세제 #캡슐세제 #캡슐세제추천 #아로품 #아로퓸블루나잇 개
 
 
 
",19,3,0,293,0,2,3368.2,8,text_ad,2020. 12. 19. 12:46,4538,6343976,일상·생각,0
3,https://blog.naver.com/juliohan?Redirect=Log&logNo=221982157292,"요즘 이사 집들이 갈때 커다란 세재나 두루마리휴지대신요즘 신세대들이 좋아하는 캡슐세제 선물이 인기더라구요정말 사용 편리하고 성분좋은 세탁세제추천 합니다0912 캡슐세제 ​최초 국내제작 캡슐세제로 지금까지 누적판매만 140만개로구매평을 보면 만족도가 아주 높아요​지금까지 가루세제나 액체세재를 사용해오면서 여러가지 불편한점들이 많았습니다무거운 세제통 계량도 애매하고가루날림도 심하고 세제를 흘리는 경우도 허다했는데요캡슐세제를 사용하면서부터 너무 간편하고 세척력도 우수한데다가미세플라스틱 불검출 물짜짐 이염방지까지 우수한데요친환경 수용성 필름으로 잔류필름 걱정도 1도 없고 얼러지프리제품의 향료로  9가지 유해성분 무첨가로정말 안심하고 사용할수 있는 스마트한 세제~~~공구일이 0912 캡슐세제 사용중입니다.컬러도 너무 이쁘지요!!일부러 터트릴필요 없어요 자연스럽게물에녹는 형태의  수용성필름이라잔류필름 걱정없어요​세탁통에 넣을때는 반디시 빨래를 넣기전에미리 이렇게 캡슐세제를 바닥에 먼저 넣어줘야합니다흰빨래는 더욱 하얗게 해주고색깔옷은 선명하게 세탁도 너무 잘되네요...캡슐세제 이제 0912만 사용하기로디자인도 이쁘고 크기도 작아서 복잡한 세탁실 공간도 덜 차지해서 너무 좋아요한개만 톡 하고 던져주면 빨래끝입니다..한박스에 30개 들어 있구요일주일에 2번 정도 세탁하면 3달정도는 충분히 사용할수 있겠네요..때도 너무 잘가고 간편해서 좋아요.이제 가루세제나 액체세제 불편해서 사용못할듯...​ https://bit.ly/3ccLcYS​​#공구일이 #캡슐세제 #0912 #공구일이캡슐세재 글은 블로그원평대을 동해 해당 업체에게
자 또느 서비스유언 솜자게작성된글 니다
 
 
 
 
",14,3,0,136,2,1,3368.6,7,text_ad,2020. 5. 28. 20:38,4538,6343978,일상·생각,['어머. 캡슐형이라 간편하게 쓸수 있어 좋으네요.^^']
4,https://blog.naver.com/juliohan?Redirect=Log&logNo=222081304919,"요즘 컨퍼런스콜 되는 블루투스 스피커가 인기더라구요수업도 전부 온라인수업으로 바뀌면서 화상통화할때도 선명한 음성으로의사소통이 가능해서 사용하면 할수록 만족도가 높은 제품입니다 https://smartstore.naver.com/anker/products/49742701163년넘게 사용해오던 블루투스 스피카가 너무 음량이 적어서 사용하는데 불편함이 많았는데역시 앤커 파워 컨퍼런스콜 블루투스 스피커! 바꾸고완전 파워가 최고네요!​컨퍼런스콜을 편리하게 해주는딱 필요했던  앤커의 새로운 스피커폰!!컴팩트한 디자인으로 포장도 아주 고급지당!재택근무하면서  직원들과 화상회의할때 사용해보니사운드 퀄리티도 볼륨도 아주 완벽해요스피커 퀄리티 마이크도 아주 훌륭해서컨퍼러스콜에 최적화된 제품이에요!​코로나로 요즘 집에만 있다보니화상통화도 많이하게 되고특히나 아이들 집에서 화상으로 온라인 강의 들을때아주 편리하고 음성전달이 정확해서 너무 좋네요프로페셔널한 컨퍼런스 통화로 어디에서나 편리하게 통화하고선명한 음성으로 #컨퍼런스콜 가능합니다!여행용 하드케이스에 담겨져 있어휴대도 간편합니다손잡이걸이가 있어 보관도 용이합니다코로나로 재택하면서 화상회의할때가 많은데요아이들은 온라인강의에 활용하고 있어 온가족이 정말 유용하게 활용중입니다충전도 핸드폰과 호환되는 C타입 케이블입니다...​최신 블루투스 기술과 끊김과 딜레이 없이안정적인 연결을 즐길수 있어요!!별도의 드라이버를 설치하지 않아도블루투스 또는 C타입 케이블 연결을 통해 바로 시작할수 있어요​사운드코어 앱을 통해서도 설정및 조절이 가능합니다이동을  위한 가볍고 컴팩트한 디자인제품으로직장인들에게 필수품입니다​끊김과 딜레이 없는 실시간 통화소음과 울림이 제거된 선명한 목소리 전달360도 전방향 자유로운 통화위치로 활용도 만점입니다상대방의 목소리를 명확하게 들을수 있도록 보이스가 최적화 되어 있어요​​말하는 사람이 어느 위치에 있더라도동일하고 크고 선명한 사운드를 전달해줍니다!전방향 마이크와 소음제거 기능이 있어6개의 마이크가 360도로 배치되어 어느방향에서든 최대 8명의 목소리를 찾아낼수 있습니다​배경소음은 줄이고목소리는 더욱 선명하게 스마트 자동목소리 강화기능이 더해진 아주 스마트한 제품입니다배터리 용량이  커서 한번의 충전으로24시간 하루종일 통화도 가능합니다핸드폰 충전용으로도 사용할수 있는정말 스마트한 제품입니다​평소에는 블루투스 스피크로 사용중인데요정말 음량도 짱짱하고 사운드가 특별합니다..유튜브강의 들으면서 집안일할때도짱짱한 앤커 블루투스 스피커 덕분에선명한 음성으로 들을수 있어 효과적입니다한손에 쏙 들어오는 컴팩트한 사이즈.....​#온라인수업 #화상통화 #컨퍼런스콜 #컨퍼런스 #앤커 #재택근무 #스피커 #마이크​​​​이 글은 서울오빠를 통해 본 업체의 이용권을 제공받아 솔직하게 작성하였습니다.
 
 
 
",22,4,0,230,0,2,3368.6,7,text_ad,2020. 9. 5. 22:03,4538,6343978,일상·생각,0
5,https://blog.naver.com/juliohan?Redirect=Log&logNo=222037796220,"여름휴가가 머지 않았네요!휴가대비해서 준비한 물놀이스피커 ANKER 사운드코어 아이콘 블루투스스피커추천정말 지금까지 세상에 없던 블루투스스피커에요!!디자인이면 디자인기능이면 기능색감이면 색감모든것이 완벽하다...물놀이스피커 야외스피커 강추해요..인테리어용으로 활용해도 ㅋㅋ끝내주는데요앤커 사운드코어 아이콘 블루투스스피커!!세상 예쁜 디자인의 색감이 매력적입니당목욕탕에서도 사용가능한 습기에 강한 물놀이스피커IP67 완전 방수 방진 기능의 블루투스스피커 추천해요욕실에서도 사용중이고 야외에서도 실내에서도 완전 만능이지 말입니다강렬하고 폭팔적인 사운드12시간 연속재생가능!!2개의 스피커가 연결되는 스테레오 기능의 미니스피커~~​운동할때도 든든한 나의 파트너가 되어주는!!물놀이스피커 올여름 휴가때도 꼭 같이할거에요.손잡이가 있어서 휴대용으로 사용하기 너무 편하고 좋아요특히나 완전 방수 스피커라 비오는날에도 바닷가에서도 아이들이 물놀이하면서 듣기에도 걱정없는물놀이스피커!!디자인감각까지 최고에요완전 방수 방진 기능으로고무로 덮혀진 본체 덕분에 샤워할때도 ㅋㅋ물이 튀어도 고장걱정없이 맘놓고 사용중입니다물뿐만 아니라 모래와 먼지눈 그리고 진흙까지 다 최대 1M의 깊이에서 30분동안 물속에서도 견딜수 있는물놀이스피커!인테리어에도 효과적인 소품으로 활용중입니다작지만 넓은 세상을 가득 채워주는 10W과물 사운드!!정말 작은고추가 맵다는말이 딱 생각날정도로특대 사이즈의 타원형 드라이버를 통해 공간을 최대화하여 폭팔적인사운드를 전달해줍니다멈추지 않는 12시간 괴물 연속재생으로 스마트 충전기 브랜드인 ANKER가  만들어낸 고휴율 배터리 기술로하루 반나절을 쉬지 않고 재생할수 있어요​​​​​충전중에도 음악재생뿐 아니라 스피커의 모든 기능을 동일하게 사용할수 있어요군더더기 없는 실용적인 디자인 어디서은 간편하게 걸어주면 됩니다자전거 배낭 텐트등 언제 어디서나  간편하게 걸어만 주세요양손은 자유롭게 사용해보세요​https://smartstore.naver.com/anker/products/4596858239#물놀이스피커 #야외스피커 #블루투스스피커추천 #인테리어스피커 #아웃도어스피커 #무선스피커 #스피커 #휴대용블루투스스피커 #스피커추천 #미니스피커 ​​​이 글은 서울오빠를 통해 본 업체의 이용권을 제공받아 솔직하게 작성하였습니다.
 
 
 
",21,3,0,175,0,1,3369.0,17,text_ad,2020. 7. 22. 0:23,4538,6343980,일상·생각,0
6,https://blog.naver.com/juliohan?Redirect=Log&logNo=221782250522,"스웨덴가방 가스톤루가2020년 새해맞이 감사제로 2개 구매시에는 10%추가 할인에 스페셜 기프트 박스로 무료 가스톤루가 여행용파우치도 선물로 받을수 있어요!스웨덴 라이프스타일 가방브랜드 가스톤루가! 유럽의 디자인을 좋아하는것이 심플하면서도 실용성에 바탕을 두고 있어 사용하면할수록만족도가 높아요..노트북이 13인치까지 넣기에도 충분한 사이즈라 오피스용가방으로 활용하기에도 딱좋아요.남자도 여자도 함께 사용할수 있는 심플한 디자인으로 크기도 알맞고가벼워서 완전 좋아요.​노트북이 수납가능한 사이즈로  순중량은 500G 정도로 무게감을 인식하기 어려운데요가볍고 방수되는 나일론으로 상쾌함을 유지할수 있어요.지퍼형 앞포켓과 오픈사이드 포켓이 다양해서 활용도 만점!난 가방을 고를때  가장 중요한게 수납과 무게감인데나의 취향을 제대로 저녁해주는 스웨덴가방 가스톤루가 가방 맘에 든다...길이 조절이 가능한 어깨 스트랩!편한착용감이 좋구요 가볍고 방수가 되는 나일론 소재로내구성이 아주 만점입니다.지퍼도 사용감 좋구요~여행파우치 ~이건 무료 선물입니다컬러를 선택할수 있는데요 내가 좋아하는 블랙으로!어쩜 사은선물이 더 고급지네요아주 넉넉한 사이즈라 활용도   만점입니다왠만한 화장품은 다 가지고 다녀도 될정도로 넉넉한 사이즈!어쩜 디자인도 촉감도 완전 고급지네요여행갈때도 평소에도 아주 활용하기 좋아요내가 좋아하는 여행파우치!​​▶가스톤루가 2020 새해맞이 감사제 2개 구매시 10% 추가 할인+ 사은품 여행용파우치 (6만원상당) + 기프트박스 무료증정  ​데일리백으로 활용하고 있는데요이제 다른가방은 못들게 될듯요이렇게 수납좋고 가벼울수가 없어요​가스톤루가 가방 수납력이 아주 완벽합니다단점이 없는 가방이네요 데일리백으로 최고네요..​▶한국만을 위한! 1년에 단 1번! 2020새해맞이 감사제​가스톤루가 2020새해맞이 감사제 1. 기한: 지금부터 ~ 2020년 2월14일까지2. 캠페인코드: Koreanewyear2020  3. 코드 사용시 받는 혜택: 1) 가격15% 할인 (2개 이상 구매시 +10% 추가 할인)2) 6만원상당 여행용파우치 제공 (Black or pink 색상 선택가능)3) 선물포장이 가능한 기프트박스 제공  ※공식 홈페이지에서만 사용가능 gastonluga.com​이제는  한국에도 사무실이 개설  되어 국내배송이라 빠르게 배송되어 스웨덴의 스칸디나비아 가방을 빠르게 만날수 있어요​ 】
",17,0,0,225,2,0,3369.4,15,text_ad,2020. 1. 23. 1:07,4538,6343982,일상·생각,['가스톤루가 넘 이쁘네요.잘 고르셨음요^^']
7,https://blog.naver.com/juliohan?Redirect=Log&logNo=221657624721,※콜게이트 프로클리니칼 전동칫솔 써보니 넘 개운해요플라그제거에 아주 최고네요제가 가장 신경쓰는 치아건강 꾸준히 치과다니면서 검진도 받는데요 무엇보다 매일매일  집에서의 홈케어가 가장 중요한것 같아요 210년 역사의 세계최대의 오랄케어 전문 브랜드 COLGATE!분당 2만번 3D움직임으로 탁월한 플라그 제거에 효과가 있다고 합니다치과의사가 추천하는 자동 2분 타이머로 교화가능한 칫솔헤드와 간편한 베터리 사용!!방수기능까지 완전 맘에 들어요 전동칫돌 충전이나 전기로 사용하는건 은근 불편한거 아시죠..배터리가 편해요디자인도 슬림하니 딱이쁘네요...일반칫솔과 겸용해서 사용중입니당배터리는 AAA 2개사용되구요 내장되어 있네요.가볍고 슬림하고 그립감도 굿굿굿!!여행갈때도 꼭 가지고 다니고 있어요..미세모라 잇몸라인도 부드럽게 클렌징해주는데요세계적인 의기기 전문 OMRON사와 제휴된 제품이르ㅗ2분 자동 타이머라 넘 편해요 그시간동안은 꼭 지켜서 하게 됩니다..방수기능이 우수해서 물사용도 신경쓰지 않아도 되구요..디자인도 심플하니 이뻐요..2백년 역사의 미국 구강케어 브랜드 콜게이트와 세계적인의료기기 전문브랜드인  오므론과의 제휴로 만든 작품입니다!한번 전원을 켜면 2분 타이머로 치과의사가 권장하는 양치시간 2분에 도달하면자동으로 알려줍니다분당 2만번의 움직임이 가능한 소닉 진동으로 조용하고 부드럽게 양치를 도와주며눈에 띄게 플라그를 제거해줍니당...​B150전동칫솔로 하루 동안 칫솔질한 횟수는 일반 칫솔로 한달동안칫솔질한 횟수와 같다고 해요그만큼 플라그제거에도 효과적이겠죠..혁신적인 3D소닉 진동으로 스케일링한듯한 멀티 디렉션 ~수평및 수직으로 진동해서 치아와 잇몸의 미세한 곳까지 놓치지 않고 깨끗하게 양치해주네요나선형 칫솔모라 치아표면에 얼룩제거에도 도움을 주구요 헤드 안쪽 칫솔모는 치석제거에 좋아요바깥쪽은 가는 칫솔모는 잇몸라인의 청결함에 도움이 되어 양치후 정말 스케일링한듯 개운해요콜게이트 전동칫솔로 다바꿔서  가족 치아건강을 지켜야겠어요 ​,14,0,0,186,8,1,3369.8,25,,2019. 9. 24. 9:33,4538,6343984,일상·생각,"[""글 구경하고 가요 ღ'ᴗ'ღ"", '안녕하세요 오늘도 이웃님의 소중한 게시글 잘 보고 갑니다! 오늘도 좋은 하루 보내시길 바랍니다', '하트, 댓글 달고 가용~^^\n즐거운 하루 되세요 ^^', '', '', '포스팅 잘보고 갑니다, 맛있는 점심식자드시고 행복한 날 보내세요^^', '이웃님 게시하신 글 잘 읽고 갑니다! ㅎㅎ\n오늘하루도 힘차게 보내봐요!! ㅎㅎ', '하트, 댓글 달고 가용~^^\n맛있는 저녁 드세용 ^^']"
8,https://blog.naver.com/juliohan?Redirect=Log&logNo=222434903222,"항균물걸레청소포 ​​와디즈3000% 달성으로 앵콜된 와디즈펀딩상품이에요생분해되는 천연펄프로 만든 세정티슈  한균물걸레청소포드디어 집에 도착했어요24핸즈 항균물걸레청소포!먼지는 기본이고 세균까지 닦아주는 99.9% 항균물걸체청소포 밀대 !요즘처럼 바이러스와 세균에 대달 민감해져있는데요단순한 청소기로는 안됩니다세균을 청소하는 24핸즈 항균물걸레청소포!​밀대가 길어서 구석구석까지 아주 싹싹 청소해주는데요단순히 청소를 많이 한다고 위생이 해결되진 않아요눈에 보이지 않는 세균과 박테리아는 건강헤 유해합니다세균은 죽이고 청소는 깨끗히 해주는 청소포!24핸즈항균도 되고 물청소까지 한방에 되는 청소포360도 회전되는 밀대라 사용이 너무 간편하고 가볍고 잘 닦여요​청소포끼우는 방법도 아주 간단하고 버리는 방법도 쉬워요청소가 정말 쉬워지고 재미있어지기까지~~정말 매일매일 청소해도 먼지가 가득하네요여름이라 문을 열어놓고 사니 더 엉망이네요그래도 24핸즈 항균물걸레청소기 덕분에 안심입니다정전기청소포는 먼지를 잘 닦아주구요천연펄프로 만든 세정티슈는 물걸레 청소를 해주니청소의 끝판왕입니다디자인까지 이쁜 청소포!집안 어디에 두어도 멋스럽게 잘어울려요컬러까지 세련된 24핸즈 밀대!24핸즈 물걸레 청소포는완벽한 청소를 완성시켜줍니다유해세균이 제거될수 있게항균성분을 강화해서 99,9% 항균생활먼지는 물론이고 보이지않는 세균까지 항균해줍니다구석구석 천장까지 말끔하게 청소가 가능해요소음없이 청소가 가능해서 너무 좋아요밤늦게 퇴근해서도 24핸즈 물걸레청소포로 말끔하게닦고 자면 얼마나 개운한지몰라요​거실 닦다가 마지막 청소는 현관 바닥까지 청소하고 나서1회용 물걸레 청소포는 버려주시면 됩니다 1장만으로도 넓은 범위를 청소할수 있어요수분이 촉촉해서 청소마무리로 딱입니다 24핸즈 항균물걸레청소포 추천하는 이유는 일반적인  청소포는 PET소재로 제작되어 환경오염의 주범이 되는데요 24핸즈는 자연분해될수 있는 목재로 제작되어친환경소재입니다지구를 살리는 청소포 ㅋㅋ앵콜펀딩할때 또 구입해서 지인분들께 선물해야겠어요​​https://www.wadiz.kr/web/wcomingsoon/rwd/113270#안전한물걸레청소포 #24핸즈 #24hands 이 글은 서울오빠를 통해 본 업체의 이용권을 제공받아 솔직하게 작성하였습니다.
 
 
 
",25,2,0,178,0,1,3369.8,2,text_ad,2021. 7. 17. 15:32,4538,6343984,일상·생각,0
9,https://blog.naver.com/juliohan?Redirect=Log&logNo=221798935874,"요즘 내가 가장 많이 사용하는 가전이 아마도 에어프라이어 ^^저만 그런가요? 워낙 간편식품이 많이 나오기도 하고 냉동조리식품을 먹기에에어프라이 만큼 건강한요리 그리고  편하고 맛있게 되는 가전도구 없는것 같아요 ​매일 사용하고 자주 사용하는 에어프라이어~~전자제품이라 세탁도 번거롭기도 하고별로 좋지 않을것 같아서 종이호일을 잘라서 사용했는데요요즘은 이렇게 접시형으로 편하게 에어프라이어 종이호일 제품이 나온거 있죠완전 신세계를 만난것 같아요접시형종이호일 써보면 일반 종이호일은 불편해서 못쓰게 됩니당에어프라이어 기름종이 이제 프로그 에어프라이어 종이호일 플러스 제품으로!!사용중에어프라이 종이호일  접시형 종이호일 대형 중형으로  나오네요!!​https://hoy.kr/RRzdV프로그 클린스마트 살림잘하는 현명한 주부들의 선택!!순수 한국형 생활용품 브랜드로 가격도 합리적이고 품질이 우수해요실용적이고 사용해보니 완전 신세계를 만난것 같아요에어프라이어를 쉽고 편하게 사용할수 있는 접시형 종이호일 깔끔하고 간편하게 사용할수 있어요기름이 새지 않아 후라이팬이나 오븐 전자렌지등에서도 사용가능한데요요리하고 나서도 뒤처리가 얼마나 간편한지 몰라요생선요리나 기름 요리들을 하고 나서 후라이팬의 냄새베임이나 설거지도 너무 편해요뒷정리가 편한 접시형 종이호일 ~~정말 강추해요기름이 새지 않는 실리콘수지코팅이 되어 있어요에어프라이어 종이호일 제품은 오븐에서도 후라이팬에서도 찜기에서도전자레인지등 다양한 용기에서 사용이 가능하구요프레이트 타입으로 요리후 꺼내서 바로 접시에 세팅할떄도 쉽게 요리가 가능해요설거지를 하지 않아도 되니 요리후의 뒤처리가 너무 편해지는거죠~실리콘수지코팅처리가 되는 펄프를 사용해서 만든 종이호일이라 기름이 새지 않아서 사용후에 아주 깔끔해서 설거지할 필요가 없어요에어프라이어 사이즈에 맞는 제품으로 선택해서 다용도로 활용해보세요세상편한 접시형 에어프라이어 종이호일 이건 선택이 아닌 필수품이 되었네요​찜요리할때도 얼마나 간편한지 몰라요!!에어프라이어 요리에 최적화된 접시형 종이호일!!지금껏 불편하게 잘라서 사용해왔는데 이렇게 접시형제품이 나와 세상편해진거 있죠요리도 더 맛있어지고 깔끔해졌어요!!​​글은 블로그원평대을 동해 해당 업체에게
자 또느 서비스유언 솜자게작성된글 니다
일
",20,0,0,201,0,0,3369.8,16,text_ad,2020. 2. 6. 20:17,4538,6343984,일상·생각,0
10,https://blog.naver.com/juliohan?Redirect=Log&logNo=222181321165,"어느새 이제  우리생활에 마스크는 선택이 아닌 필수가 되었는데요케이에어마스크 제품은 목걸이형공기살균기 제품으로  호흡기 주변의 휴해균 및 유해물질을차단하는데도 도움을 주는 제품으로 케이에어마스크 제품도 다들 하고 다니게 될듯요​무게는 150g정도로 했는지 안했는지 구분이 안될정도로  가벼워요대용량배터리를 사용해서 효율이 좋구요 고효율 전용모터를 사용 1단으로 사용시에는 24시간도 착용이 가능합니다​케이에어마스크에는0.3㎛ 크기의 초미세먼지를 99.9% 이상 차단해 주는 고성능 공기정화 필터인 H13급 헤파 필터 탑재되어 있어요내장된 카본 필터는 일상 생활중에 발생하는 냄새를 제거해주는 필터로 공기정화및 알레르기 해소에도 효과적이고 유해가스 및 미세먼지를 흡착해주기도 합니다살균력이 가장 효과적인 자외선 살균파장대인 275nm UVC LED가 탑재, 코로나 바이러스 99.9% 살균을 입증한 서울바이오시스의 바이오레즈 기술이 적용되어 안심하고 사용 가능합니다​심플한 디자인이라 양복에도 일상복에도 무난하게 어울리고 넥라운드 소재를 신축성있는 실리콘을 사용해서착용시에도 벌어짐이 가능해서 착용이 아주 편리해요무독성 실리콘 소재로 땀이나 열에도 인체 무해하고 미끄러움이 적어서 착용감이 편합니다실내에서 마스크를 벗고 있기가 찜찜할때가 있는데요 케이에어마스크는 집에 있는 공기 청정기를 들고 다닐수 없으니 휴대성이 좋아 어디서든 착용이 가능해요생활방수 기능을 갖춘 고효율 모터가 오랫동안 유해물질을 강렬하게 흡입이 가능하고인체공학적인 슬림 디자인룩으로 장시간 착용에도 편아함을 제공해줍니다.​가벼워서 외출할때도 집에서도 늘 목에 착용하고 있는데요가벼워서 내가 했는지 안했는지 깜빡할때도 있어요유해균 코로나 바이러스등을 산귤하는 서울바이오시스 UVC LED탑재되어 있어요.사실 어디서 어떻게 바이러스가 전염될지 모른다는 불안감이 많은데요케이이에마스크로 바이러스 살균까지 가능해서 늘 어디서든 살균마스크 착용중입니다.​​유동인가가 많은 곳에서는 마스크를 착용하고 있어도 사실 불안할때가 많은데요2중으로 케이에어마스크(k-air MASK)를 착용해 바이러스및 오염된 공기를 더 깨끗하게 걸러낼수 있고 식당이나 커피숍 등 불가피하게 마스크를 벗어야 하는상황에서 마스크를 대체하여 착용할수 있어요수은및 유해 화학물질을 사용하지 않고 유해 화학물질없는 안전한 제품으로 인체와 환경에 무해하고 모든 연령층이안심하고 사용이 가능합니다!​​​충전은 C핀으로 핸드폰 충전기와도 호환해서 사용이 가능하구요  가볍고 오래가는 배터리가 내장되어 중량 2600mAh 대용량 배터리가 사용되어 24시간 안심하고 사용할 수 있어요 케이에어마스크포장도 상당히 고급스러워 선물용으로도 좋아요사이즈가 SM/ ML 로 나눠저 있어서 유아부터 노인층까지남녀노소 구분없이 사용할수 있고 무게가 무겁지 않고 착용이나 사용법도 어렵지 않아서전연령대가 거부감없이 사용 가능한 제품입니다​​여분의 필터도 포함이 되어 있어요요즘은 코로나 바이러스도 무섭고 미세먼지도 걱정스러운분들헤파필터 13등급인 카본 필터로 유해물질을 전면 차단해주니 케이어어마스크  함께하니안심됩니다​​​​비말차단마스크도 증정제품으로 같이 포함되어 있어요​박스에 증정품으로 포함된프레쉬에어 마스크 제품은 보통 식당에서 쉐프분들이 많이 사용하는 제품이에요저도 한번 써보고 싶었는데 이렇게 경험해보네요.간단히 조립해서 사용할수 있어요.정말 이제는 실외는 물론 실내에서도이렇게 마스크 착용은 필수가 되었네요공기까지 살균해주는 살균마스크 케이에어마스크착용하고 있으면 아주 든든해지네요!​https://smartstore.naver.com/salesmandu/products/5279678377#케이에어마스크 #목걸이형공기청정기 #에어마스크 #휴대용공기살균기 #목걸이형공기살균기 #살균마스크 ",19,0,0,337,3,1,3370.2,15,text_ad,2020. 12. 21. 23:52,4538,6343986,일상·생각,"['오호~~  신세계울 아들도 하나 구매해  줘야겠어요 ^^♡', '', '이런 것도 있군요.살균이 된다니 위생적이고 좋네요~']"
11,https://blog.naver.com/juliohan?Redirect=Log&logNo=221721051341,"독일 나노드론 공기청정기 추천 미세먼지 제거와    인테리어에도  효과적이다독일 나노드론 공기청정기 추천 해요~원통형으로 높이가 무료 165CM저보다 키가 큰 공기청정기제품이에요~~디자인도 고급감이 느껴지는데요독일스럽게 심플하면서도 고급스러움이 느껴지는 무광실버컬러로 인테리어 효과까지 더해주는 제품입니다​공간도 많이 차지하지 않고 쉽게 어디든 옮겨다닐수 있어요40평까지 커버가 가능한데요 공기정화가 필요한 공간으로 옮겨서 사용중입니다요리할때는 부엌쪽으로 가족들이 거실에 모여있을때는 거실로 ^^옮기는것도 쉬워요일단  미세먼지 때문에인지식구들이 기관지가 너무 나빠져서 관심을 갖게 되었는데요 인테리어 효과까지 좋아 만족스러운 나노드론 공기청정기 추천합니다제가 사용해보니 집안 공기가 정말 우리가 느낄정도로 맑아지고알레르기 비염으로 기침을 달고사는 남편의 기침이 사라졌어요정말 공기청정기 제기능에만 충실한 제품이라타이머도 AI기능도 없는데요  확실히 공기청정 기능은 확실합니다24시간 풀가동하고 있는데요 4단계의 강도로 조정이 가능합니다보통은 2단계정도로 사용중인데요 소음도 거의 없구요 소비전력도 낮아서한달에 1,200원정도의 전기세가 발생된다고 하니 안심입니다작동법도 무지 간단해요~1단계에서 4단계까지 조정하는 방법도 터치로 간편하게 !​정전기 필터 고전압발생기를 이용한 공기정화 방식으로 이중탄소필터와 오염공기를 완벽하게 포집하기 위해165CM의 높이로 만들어졌다네요 ㅋ타사대비 10배정도 더 긴 필터 구간으로 독일 TUV 및 유럽 알러지협회 등에서도 인증받은 제품이라고 합니다미세먼지와 초미세먼지 알러지 항원포름알데히드등 정화에 탁월한 성능으로 1대로 40평까지 정화가 가능한제품인데요1주일에 한번정도 미세먼지가 포집되는  물티슈로 맨 윗부분을 닦아서 관리하면 됩니다.관리도 편리하고 사용법도 간단해서 특히 너무 좋아요비염이나 천식 어린아이와 반려동물과 함께 살거나 미세먼지에 취약한 노년층 분들과 함께 사는 대가족에도 꼭 필요한 제품인것 같아요복잡한 기능없이 공기정화 기능에 충실한 제품이라 더욱 믿음이 갑니다​기사님이 설치하러 오셔서 실제로 우리집안 내부의 공기질 상태를 측정해주셨는데요나노드론을 작동하면서 공기질이 좋아지는것을 숫자로도 바로 확인할수 있었어요정말 신기했어요​이렇게 나노드론 공기청정기를 작동하면실내 내부가  최적의 상태가 24시간 유지되는거에요가족들이  알레르기비염이 심해서 자주 환기도 시키고 먼지청소를 자주 해도 한계가 있다고 생각했는데공기청정기 나노드론 작동하고 부터는 정말 재채기가 너무 줄어들어 신기해요이젠 정말 공기가 중요한 시대가 된것 같아요​독일의 기술력으로 입증된 제품이라 신뢰가 가는데요하루만 사용해봐도 바로  좋다는게 느껴지더라구요사실 공기청정기가 다 거기서 거기라고 생각했는데나노드론은 특별합니다.​열흘정도 체험해보면서 이렇게 실내의 공기절이 중요한거구나 알게되었네요가정에서 가장 오랜시간을 보내고 있는 저를 위해서라도 실내 공기질을 위해나노드론 공기청정기 들여놓고 싶네요~고가라 부담스럽기는 하지만 우리가족모두의 건강을 위해서라면 가치있는 투자가 아닐까 싶어요​어떤공간에도 멋스럽고 고급지게 어울려요~점점 공해는 심해지고 있어 늘 걱정스러운데요 집에 이렇게 기능좋은 공기청정기가 있으면안심될것 같아요 ​​​​​른 포스팅은 리얼리뷰를 동해 이용권을 제공받아
소비자가 직접 이용해보고 작성한 실제후기입니다
| |
 
 
 
",21,2,1,305,4,2,3370.2,14,text_ad,2019. 11. 28. 15:49,4538,6343986,일상·생각,"['구경하고 갈게여ㅎㅎ너무춥네요ㅠㅠ감기조심하시고 또 오겠습니당', '', '헐~공기청정기가 수퍼모델인가요?키가 엄청 크고 늘씬하네여^^독일제품이라니 왠지모를 신뢰가 가네요 ㅎㅎ']"
12,https://blog.naver.com/juliohan?Redirect=Log&logNo=221552171331,"이건 뭘까요? 텀블러처럼 생겼는데요 요즘 유행하는  헤파필터 미니공기청정기 추천 해요~퓨리몬이에요~요즘 친구들 생일선물로도 인기 아이템인데요 날 위해 사기엔 살짝 부담되고누가 선물해주면 좋을것 같은 제품이라 나도 요즘은 친구에게 선물로 가장많이 선택하고 있어요.사실 내가 쓰려고 살생각은 못했는데 마침 이벤트도 진행중이고 요즘 하도 미세먼지의 유해성에대한 기사들을 접하다보니 나의 건강을 위해 하나 주문했어요..가볍기도 하고 휴대성이 넘 좋아서 요즘은 저는 제가방속에 늘 함께하고 있는데요디자인도 이뻐서 넘 맘에 들어요 요즘 애기엄마들 유모차안에서도 많이 보이는데요차안이나 사무실 자녀방책상앞 독서실에서 사용하기에도 좋은데요 1인용으로 아주 딱입니다..헤파필터 제품이라 더욱 신뢰가 가는데요 0.3㎛이상의 미세먼지와 초미세먼지 제거에 탁월한 필터라네요..공기중의 방사성 미립자를 제거하기 위해 개발된 필터라고 하니 더욱 믿을만한데요퓨리몬 미니공기청정기 HEPA H13등급의 필터를 적용해서 초미세먼지가 99.95%제거가 가능해서 판매중인 동급제품중 최고인듯요..이정도면 왠만한 고가제품보다 좋겠다 싶은데요 가성비좋은 제품이라 선물용으로 딱좋아요.사실 집에서도 늘 곁에두고 사용중인데요  이동할때나 독서실이나 사무실에서 곁에 두고 있으면 왠지안심이 됩니다..소음도 30데시벨로 조용해서 독서실이나 사무실에서 사용해도 문제없을정도인데요가장 좋은건 전기세걱정없이 한달 내내 사용해도 월100원이면 충분하다는점입니다.가벼워서 제가방속에 늘 가지고 다닐정도로 나의 잇템이 되었는데요 퓨리몬!!깔끔하고 모던한 디자인이라 차안애서도 개인방에서도 사무실등에서도 휴대용으로사용하기 아주 딱이에요~~360도 공기 회전방식이구요 일반 USB전원사용이 가능하다는 점이 넘 맘에 들어요차량용컵홀더에도 쏙 들어가는 사이즈라 휴대하며 가지고 다니고 있어요!예전에 어떤 방송에서  공기도 사먹어야하는 시대가 온다고 했는데정말 그런세상이 되어버렸어요~ 요즘 저는 가방속에 텀블러 대신에 늘~어디서나 사용할수 있는 휴대하기 좋은 미니공기청정기 퓨리몬을 가지고 다니고 있어요디자인도 이쁘구요 가벼워서 휴대하기에도 전혀 부담이 되지 않아 굿입니다!필터만 바꿔끼면 되는 방식이라 사용도 간편하구요교체방법도 아주 쉽고 간단해요..3만원대의 제품이라 선물용으로는 몇번 구입해봤는데요 내가 사용하려고 지난번에도 살까말까 고민을 하다가 미뤘는데요 지금 15,000원에 판매하고 있는 헤파필터 (13등급) 추가증정하는 이벤트가 진행중이라 바로 결제했지요..진짜 갖고 싶었던 제품이었는데요  대박혜택까지 진행중이라 바로 get했어요!   ↓↓사러가기휴대폰사이즈정도로 무게도 거의 흡사해요...이젠 외출할때 이두가지가 없으면 안되요...3만원대로 본품한개와 1+1헤파필터를 하나더해서 37,000원에 지금 구입가능합니다!이건 무조건 사야해요~~내가 있는 공간에 신선한 공기막을 형성해주는 신박한 제품이에요.평균적으로 실내에서는 필터1개로 1년 사용가능하구요 차량안에서는 6개월정도 사용가능하다고 합니다.  물론 환경에 따라 차이가 있을수 있겠지만이만한 성능에 이가격이라니~~정말 가성비좋은 제품인듯요!​보고만 있어도 넘 맘에드는 모던한 디자인이 내맘에 쏙들어요!최저비용으로 최대효율을 얻을수 있는 제품!부지런하고 검소한 나의 단짝친구가 되었네요.​내송중한사람에게 숲의 공기를 선물해보세요~남편 사무실에서도 사용하라고 하나더 주문했어요!지금 #퓨리몬 1+1행사할때 얼른 구입해서 사용해보세요~^^​~
 
 
 
",14,1,0,314,0,1,3370.4,23,text_ad,2019. 6. 1. 22:35,4538,6343987,일상·생각,0
13,https://blog.naver.com/juliohan?Redirect=Log&logNo=222403286145,"SWEET  DAY건조기 섬유유연제 뽀뽀향방 향이 좋아요​뽀송뽀송 향긋방긋!!뽀뽀향방내가 가장 사랑하는 가전제품은 건조기에요그런데 늘 특유의 건조기향때문에 불편할때가 있는데요건조기 섬유유연제 덕분에 향까지 만족하면 사용중인 건조기!건조기 사용하시는 분들이 다들 건조기에서 나는 특유의 향으로고민하는 분들 많으신데요 일반 섬유유연제로는 쉽게 향이 가시지 않는데요드라이시트 덕분에 요즘 아주 건조기에서 빠래 꺼낼때마다 아주 만족해요1장씩 포장되어 있구요세탁을 마친옷을 건조기에 넣고 옷위에 뽀뽀향방 티슈를 넣어주면 됩니다사용한 시트는 버리면 되구요요즘 힙한뽀뽀향방 건조기 섬유유연제 저도 사용중입니다​향에 민감한 분이라면 꼭 추천해드리고 싶어요은은하고 고급지게 잔향이 오래가는 섬유유연제 향을 원하신다면 뽀뽀향방 건조기시트 추천해요건조기 섬유유연제!뽀뽀향방 에스(S)1잉글리시 프리지아 향인데요40매 1박스로 개별포장되어 있어3달정도는 충분히 사용할수 있겠네요..​동새잉 먼저 써보고 추천해줘서 저도사용해봤는데 저는 너무 만족해요..집들이 선물용으로도 센스있게 건조기 섬유유연제 시트 뽀뽀향방 준비해보시길 추천해요세탁된 옷을 건조기에 넣고섬유유연제 드라이시트를 올려주고 건조하면 됩니다은은한 향과 함께 부드러운 섬유의 감촉까지이건 안쓸이유가 없어요!건조기 섬유유연제나 드라이시트를 사용하면서 신경써야 할 부분이 아무래도 안전성도 무시못하죠뽀뽀향방 제품은 검증된 기관을 통해 안전테스트를 완료한제품이니 안심하고 사용하세요​▶▶▶▶17가지 유해성분◀◀◀◀(납, 카드뮴, 안티몬, 폼알데하이드, 벤젠, 브롬화에틸, 염화비닐, MIT, CMIT, BIT,메틸파라벤, 에틸파라벤, 프로필파라벤, 트리클로산, 형광증백제, 대장균, 미세플라스틱, 황색포도상구균)이 검출되지 않은 안전한 상품으로 아이나 피부가 민감하신 분들도 안심하셔도 됩니다​ 발암물질 등 인체에 유해한 성분들이 검출되지 않았다니 거기에 환경문제로 민감한 미세플라스틱X 제품입니다유아옷에도 안심하고 사용해도 될듯합니다​-------이포스팅은 제품을 지원받아서 작성되었습니다------ 
 
 
",13,1,0,179,1,1,3370.4,10,text_ad,2021. 6. 19. 17:56,4538,6343987,일상·생각,['제품이 좋아보이네요. 깔끔하니 향도 좋아보이고 한번 구매해봐야겠네요~~']
14,https://blog.naver.com/juliohan?Redirect=Log&logNo=221862615279,"섬유유연제추천#고농축섬유유연제피죤 고농축피죤 보타닉#피죤보타닉용기부터 확 달라진 고농축 피죤 보타닉!!자연의 꽃과 풀향을 그대로 느낄수 있는 섬유유연제~~고농축이라 조금만 사용해도 됩니다!​고농축 피존 섬유유연제 추천-핑크부케-애플밤일반/드럼 겸용 섬유유연제 ​세탁을 해보니 고농축이라 정말 소량만 사용해도햐잉 풍부하고 잔향이 아주아주 오래가요!!​정전기 방지효과 ~아주 굿입니다유해물지 13가지가 없는 고농축피죤 보타닉!!섬유유연제 추천합니다!뚜껑도 꽃모양을 연상케 하는데요자연의 꽃과 풀향을  그대로 제대로 담았습니다​지금까지 10년넘게 수입제품을 사용했는데이제 섬유유연제 바꿨어요​섬유유연제 시장을 바꿔놓을듯요~~고농축피죤 보타닉 섬유유연제!!고농축이라 정말 극소량만 사용했는데향이 아주 풍부합니다​지금까지도 피죤의 향을 좋아했는데요피존보타닉의 고급스런 자연의 향을 제대로 반했습니다정전기방지는 물론 미세번지 부착도 방지되는 제품입니당​섬유유연제는 역시 피존입니당!!정말 제로 마음에 드는 섬유유연제를 만났어요성능도 향도 최고네요거기다 고농축이라 조금만 사용해도 되니 더없이 좋네요자연이 주는 싱그러움을 느낄수 있는고농축 피죤 보타닉에 반했습니당...평범한 일상의 향기를 더하는 싱그러운 자연의 향의 매력에 빠졌어요~~자연유래성분은 더하고13가지 유해물질과 색소는 모두 뺀 안전한 성분으로 정전기와 미세먼지 부착을 방지하는섬유유연제 고유의 기능과 환경을 생각하는 마음까지고농축도 역시섬유유연제는 피죤입니당...​앰플밤은 오감을 통해 전해오는 꽃과 과일이 어우러진 싱그러운 애플향이 매력적입니다편안한 휴식같은 향이 아주 우아합니당...핑크부케향은꽃들이 만발한 부케의 향과  세련된 머스크의 잔향이 더해져 사랑스런 여성적인 향입니당집들이 선물로도고농축 피죤 보타닉!!선물로 준비해도 딱좋을것 같아요세탁의 마무리는 섬유유연제 향이니까요?고급진 향의 매력에 빠져보아요!!​기존 일반 섬유유연제 대비 3배더 풍부한 향이라 3분의 1만 써도 충분합니당!!​요즘 식구들이 피죤 보타닉 섬유유연제로 바꾸고 난뒤 옷에서 좋은향 난다고 너무 좋아하네요^^저도 빨래 걷을때까지도 은은하게 나는 잔향이 참 기분좋습니다한번 경험해보세요#섬유유연제 #섬유유연제추천 #피죤  #고농축피죤 #고농축피죤보타닉 <이포스팅은 제품을 제공받아 작성되었습니다>-투
|]
0""
 
 
 
",16,3,0,198,0,1,3370.6,16,text_ad,2020. 3. 19. 23:56,4538,6343988,일상·생각,0
15,https://blog.naver.com/juliohan?Redirect=Log&logNo=222137608323,"점점 기온이 내려가면서 건조한 날씨가 이어지고 있는데요요즘 포그링 멀티 가습기 덕분에 세균걱정없이 청정가습기 사용중입니다MADE In Korea제품이라 사용하면 할수록기술력에 감탄하고 기능에 만족해요​포그링 한대로 4가지 방법을 가습을 즐길수 있는데요이건 완전 신세계임!지금까지 이런 미니 가습기 사용은 처음!친절하게 유튜브로 사용방법영상을 보면 쉽게 사용도 가능해요.습도가 낮아지면 바이러스에 쉽게 노출될수 있다는 사실을 알고 부터가습기는 여름외에는 사용하게 되는것 같아요실내 공기가 건조해지면 코의 점막도 말라서 바이러스침투도 쉽다고 해서가을부터는 가습기는 필수이에요...실내 바이러스 감염을 막으려면 습도를 40%이상 유지해야에어로졸이 공기중에 오래 머물지 않아 바이러스에 안전해요실내공기가 건조하면 코의 점막도 말라서 바이러스가 더 잘 침투한다고 하니습도관리도 중요합니다겨울에도 환기 잘 시키고 40%이상의 습도를 유지할수 있도록 해요청정가습기 포그링은 특수 기구를 사용해서 상황과 목적에 맞게4가지 종류의 가습기로 변환이 가능해서 4in1 가습기 포그링멀티!​포그링만 사용해도 되구요포그링에 꽃잎을 끼워서 사용해요!미니가습기 중에서도 이렇게 멀티로 활용할수 있는 제품은 포그링멀티 !최고인듯요..타이머기능까지 있어 최고네요..네오티진 4IN1 미니가습기 포그링 멀티~포그링과 꽃잎의 조화가 절묘함분무가 되는 모습까지 이쁘고 드라마틱해서 저녁에도 일상생활에서도 이렇게늘 함께 하고 있어요세균 걱정없는 청정가습기  포그링멀티미니가습기~단순한 가습기가 아닌디자인적 요소가 담겨있어 실내분위기 인테리어에도 효과있어요.집은 물론 사무실이나 자동차등 공간의 제약없이 언제 어디서든원하는 대로 변화해서 사용할수 있어요.요즘 개인적으로 포그링 꽃잎에 놓고 사용을 가장 많이 하게 됩니다사용도 편하고 이뻐서ㅋㅋ포그링보틀 거치대는 포그링보틀 이외에사용할때는 핸드폰이나 태블릿 거치 스탠드로도 아주 안정적으로 사용할수 있어 좋아요​-포그링보틀 설치 및 사용법 영상 보시면 쉽게 사용할수 있어요!​https://youtu.be/bKkkgLY7ULo실리콘방수링은 이렇게 뚜껑이 아닌 보틀에 장착해야해요..이것만 기억하시면 보그링보틀설치도 쉬워요​포그링보틀!신박한 수분충전~물쏟을 걱정없는 포그링보틀이에요보틀 거치대는 평소에는 핸드폰 거치대로 활용도 가능해요​고정이 편리한 보틀이라 장소에 구애받지 않고 사용이 가능합니다포그링스탠드는 접어서 휴대하기 편해요!포그링 보틀은 방수 실리콘링 채택해서 물쏟을 걱정없이 안전하게사용할수 있어요방수실리콘링!이렇게 장착하면 절대 물이 새지 않아요포그링멀티 정말 멀티기능에 감탄하게 됩니다.은은한 led무드등으로도 활용이 가능해요...기호에 따라 환상적인 무드등 효과와 함게 쾌적하고 촉촉한 수면을 위해 무드등 off 기능도 있어요전기요금 걱정없는 USB 전원을 사용해서 전기세걱정이 없어요.포그링멀티 사무실가습기 강츄해요!​#미니가습기 #포그링가습기 #가습기 #초음파가습기 #USB가습기, #사무실가습기, #실용적인가습기, #사용이편리한가습기, #포그링멀티 ​스마트스토어에서 구입가능합니다!​https://smartstore.naver.com/fogring/products/5149196196<이포스팅은 제품을 지원받아서 작성되었습니다>네지
 
 
 
",17,2,0,272,4,2,3370.6,14,text_ad,2020. 11. 6. 23:55,4538,6343988,일상·생각,"['오우. 이거 사용법도 간단하고실용적이라 짱이네요.', '가습기 저도 장만해야하는데 요걸로 알아봐야겠어요^^']"
