,Post URL,Post,Image num,sticker num,gif num,Paragraph num,Comment num,Video num,weekly viewer mean,Sympathy num,AD,Posting Date,Buddy num,Total visit,Blog category,Comment detail
0,https://blog.naver.com/shop2930?Redirect=Log&logNo=221989564355,"안녕하세요! 루샵입니다.​요즘 직장동료분과 이야기하다 보면 워라밸을 위해 퇴근 후자기계발이나 취미생활 등 나를 위한 시간에 집중하시는 분들이 많아요.​사실 저는 딱히 취미생활은 없는데 그런 이야기를 듣다 보니 자연스럽게나도 취미생활 하나 가져볼까? 하는 생각이 들더라구요.특히 어릴 적부터 손으로 만드는 걸 좋아했는데 시간과 비용이 많이 들어서하지 못했던 가죽공예가 생각나 이번에 도전해보게 됐어요!​그래서 이번에 에어클래스에서 송예진 가죽공방 온라인 클래스를 들어봤습니다!사실 가죽공예는 준비물을 구매하는데 너무 큰돈이 들어가서시작하기 어려웠는데 송예진 가죽공예 클래스에는 준비물까지 포함된올인원 패키지로 합리적인 가격에 도구를 구매할 수 있어요.가장 먼저 준비물 패키지를 보면 이렇게 작은 박스 가죽 세트와큰 박스 도구 세트, 그리고 망치와 커팅 매트가 있어요.도구 세트에는 가죽공예에 쓰이는 다양한 도구를 한 번에 받아볼 수 있는데요송예진 강사님께서 50여 가지가 넘는 도구들을 직접 사용 및 비교해좋은 퀄리티를 낼 수 있는 도구들로 선택했다고 해요!​덕분에 취미생활로 가죽공예를 시작하는 초심자, 중급자에게안성맞춤인 도구를 바로 받아볼 수 있어 시행착오가 없어서 좋더라구요.가죽 키트에는 골드, 다크 브라운 두 가지 가죽이 들어있는데요골드는 팔찌, 안경케이스, 반지갑 등을 만들 때 쓰이고다크브라운의 경우 키 참이나 키 케이스, 에어팟 케이스에 쓰입니다.​참고로 골드, 다크브라운 가죽이 소진되면 가죽이 변경된다고 해요.​본그레이, 번트엄버, 네츄럴 3가지로 바뀔 예정이라는데수강생 입장에서는 원하는 가죽을 선택할 수 있으니 좋을 것 같아요!추가로 올인원 패키지를 수강하는 모든 분들께 가죽 책갈피와 더스트 백이선물로 제공돼 가죽공예로 만든 제품을 담아서 다니기도 좋아요.​특히 일상에서 쓰이는 제품을 직접 만들 수 있으니 직장인 취미생활로 추천!이 가죽공예 클래스에는 팔찌부터 지갑, 카드 케이스 등7가지 아이템을 만들 수 있는데요 한번 만들면 세상에 단 하나뿐인나만의 아이템이 된다는 점이 더욱 매력적인 것 같아요!​커리큘럼을 보시면 아시겠지만 일상에서 사용하는 제품을 직접만들 수 있으니 DIY 직장인 취미생활로 추천해요!​이 중에서 오늘 제가 만들어본 것은 바로 요즘 많이 쓰이는 에어팟 케이스입니다!에어팟 케이스 키트에는 패턴과 원판, 앞판, 스트랩 그리고어울리는 장식까지 포함되어 있어 쉽고 간편하게 만들 수 있습니다!가죽공예로 에어팟 케이스 만드는 과정은먼저 동봉된 패턴을 원판 위에 올려놓고 움직이지 않도록꾹 눌러서 고정시킨 뒤에 가죽 칼로 라인에 맞게 가죽을 재단해 주세요.​가죽을 자를 때 생각보다 힘이 많이 들어가니까커팅 매트를 꼭 바닥에 깔아주는 것이 좋아요 또한 커팅 매트는목탁 할 때도 쓰이니 처음부터 깔고 진행하시면 됩니다.그런 뒤 펀치를 사용해서 구멍을 뚫어주는데 가죽에 구멍을 뚫을 때고무판을 깔아주면 소리가 덜 나게 할 수 있으니 집에서도 편하게 할 수 있어요.재단, 펀치 후에는 이런 모양이 되는데 이전 강의에서만들었던 팔찌나 키 케이스 등은 단면적인 느낌이 강했다면에어팟은 입체적인 느낌이라 더 재밌었어요!그다음 스펀지를 사용해 스트랩 전면에 엣지코트 마감하는데요초벌, 중벌, 마감까지 세 번 바르고 마무리하면 끝!​엣지코트는 가죽의 단면을 깔끔하게 마무리하는 역할을 하는데요3번 정도 해야 매끈하게 마감되니 꼼꼼히 작업해 주세요.​특히 블랙과 브라운 엣지코트는 가죽에 컬러감을 주는 데 사용하고표면에 볼륨감을 줄 때는 화이트 프라이머를 사용해요.그다음 리벳 고정 공구를 수직으로 잡아 스냅과 리벳을 달면 되는데예전에 천공예할 때 해본 적 있어서 수월하게 했어요.​이후 패턴에 맞게 옆판과 앞판, 그리고 옆판과 뒷판을 결합해 주고엣지코트로 다시 한번 마무리하면 에어팟 케이스 완성!처음 만들어 보는 거라서 조금 어색하긴 하지만 꼼꼼하게 설명해 주셔서혼자 영상을 보면서도 충분히 예쁜 작품을 만들 수 있어요!​무엇보다 제가 가죽공예를 해보지 않아서 기본기가 없다 보니궁금한 부분이 있을 때마다 게시판으로 질문했는데 꼼꼼히 대답해 주시니혼자서도 어렵지 않게 가죽공예를 할 수 있더라구요.가죽공예 클래스를 들으면서 만든 7개 작품을 사진을 찍어이메일로 보내면 가죽공예 전문가 4급 자격증도 발급받을 수 있으니​취미생활로 가죽공예를 배우고 싶은 분 외에도 문화센터나공공기관 가죽공예 지도사 진출을 희망하시는 분들께도 강력 추천해요!또 패턴이 있으니 가죽과 스냅, 리벳 등 준비물만 있으면원하는 대로 다시 만들 수 있고 선물로 드리기도 넘나 좋을 것 같아요!솔직히 직접 가서 강의를 들으면 더욱 좋겠지만, 시간과 공간이정해져있는 오프라인 강의를 듣다 보면 갑작스러운 야근이나 회식 혹은출장 등 여러 가지 이유로 듣지 못할 때가 있어요.그런데 온라인 클래스를 통해 원하는 시간에 자유롭게강의를 들을 수 있고 가죽칼 사용법부터 결합 방법, 엣지코트 마감 등기초 가죽 이론 및 다양한 기법들을 실습할 수 있었구요.무엇보다 실제 공방에서 진행하는 전문적인 커리큘럼을공방보다 저렴한 가격으로 집에서도 배울 수 있다는 점도 좋았어요.​마지막으로 가죽공예를 배워보고 싶지만 시간과 비용이부담스러우셨던 분들이나 직장인 취미생활 찾으시는 분, 독학으로가죽공예를 마스터하고 싶은 분들께 강력 추천드립니다!​▶ 송예진 가죽공예 온라인 클래스 구경하러 가기이간느트니 | 저는견깅한리뷰문회를 만들기 위한그린리뷰껄피인에
트새13|          참여하고 있습니다.
07020

 
",22,0,1,582,20,0,897.8,66,text_ad,2020. 6. 4. 10:36,3997,4424656,상품리뷰,"['어렵지 않게 가죽공예를 배울수 있다니 호기심이 생기네요^^잘보고 갑니다^^', '업뎃하신 포스팅 잘 봤어요😊 굳👏🏻👏🏻 남은 하루도 좋은 시간 되세요🍀', '손재주없지만 도전해보곱픈..🥰', '', '저도 가죽공예 해보고 싶었는데 이렇게 온라인 수업도 있네요!!! 한번 도전해봐야겠어요~', '공감되는 내용이에요! ><', '포스팅 구경왔습니다 ^^ \n잘 보고 가요~~', '글 잘보고 갑니다,, Ruv D Sharp님 ^^\n소통하고지내요~~', '포스팅하신 글정독하고 갑니다!! 오늘도 즐거운 하루 되세요 ~^3^', '안녕하세요^^Ruv D Sharp님 오늘도 행복하고 순탄한 하루 되세요^^', '포스팅 잘 봤습니다~ 남은 하루도 잘 마무리하시길 바랍니다 ㅎㅎ^^', 'Ruv D Sharp님 인사드리고갑니다~ㅎㅎ 공감,댓글 남기고가요 ㅎㅎ 좋은하루 보내세요~', '이웃님 포스팅 잘 읽고 갑니다! ㅎㅎ\n오늘 하루도 즐겁게 보내세요!', '오~ 먼저 키트를 택배로 받고 온라인으로강의를 들으며 하는 구조인가봐요 ㅎㅎ신기하네요!저도 도전해보고싶네요~ ㅎㅎ 언제든 들을 수 있으니 좋아보여요', '좋은 글 잘 보고 갑니다. \n오늘도 즐거운 하루 마무리 하시고 \n즐거운 주말되세요.', 'Ruv D Sharp님 유익한! 글 잘 봤습니다 !! \n앞으로 쭉 좋은 인연으로 오랬동안 공감과 댓글 나누며 소통하고 싶네요 ㅎㅎ', '포스팅 잘보고 갑니다.\n항상 유익한 정보 감사드려요']"
1,https://blog.naver.com/shop2930?Redirect=Log&logNo=221681827588,"안녕하세요 루샵입니다.​요즘 점점 더 날씨가 쌀쌀해지고 건조해지고 있는데요저는 이런 날씨가 되면 유난히 피부가 건조해서 뜨고 목이 칼칼한 게물도 많이 마시게 되고 핸드크림을 챙겨 다니곤 해요.​무엇보다 계절의 탓도 있지만 히터나 보일러에 의해서건조해진 공기 때문에 비염은 물론 계속 기침이 나오고 머리도 아파서집중하기 힘든데요 이럴 때 가습기를 사용하면 훨씬 편안하죠.그래서 이번에도 사무실 서랍에 넣어두었던 가습기를 꺼내려다올해에는 사용하던 필터 가습기를 버리고 새 가습기를 장만해 보았습니다.​제가 이번에 새 가습기를 새로 장만한 결정적인 계기는가습기를 사용할 때마다 자꾸 물 비린내가 나는데 필터를 아무리 갈아도냄새가 사라지지 않아 이번에 NOSE2 가습기로 장만해 봤어요!이 파우트 NOSE2 무드등 가습기는 필터가 필요 없는 초음파 가습기로내장 필터가 존재하지 않아서 필터 교체를 위한 추가 비용이 없고박테리아가 발생이나 세균 걱정 없이 사용할 수 있습니다.특히 히터를 사용하는 가열식 가습기와 비교했을 때물 끓는 소리도 없고 소비전력이 낮아 유지관리 비용이 저렴하기 때문에혼자 자취하는 분들이나 사무실 가습기로도 넘나 추천드려요!먼저 구성을 살펴보면 nose2 가습기와 사용자 가이드로 구성되어 있습니다.​딱 봐도 가볍고 작은 사이즈로 언제 어디서나 사용하기 좋고공간 차지가 많지 않은 미니 가습기로 좁은 공간에서도 강력 추천합니다.NOSE2 커버를 열면 AC아답터와 미스트캡이 들어있는데요보시다시피 급수통 입구가 넓고 물이 닿는 모든 부분이 분리가 간단해서급수가 편리하고 가습기 구석구석을 깨끗하게 세척할 수 있어요사용설명서를 보면 영문과 한글 두 가지 언어로 적혀있는데요1년 동안 무상 보증이 가능하기 때문에 안심하고 사용할 수 있습니다.​그 밖에 사용 전에 사용 방법이나 주의사항 꼭 한번 확인해보세요!미스트캡은 가습기 내부 뚜껑 부분과 빈 공간이 생기지 않도록꽉 맞게 끼워야 하고요 만약 올바르게 끼워지지 않으면들뜸에 의해 공간이 생겨 가습량이 떨어지거나 작동이 안 될 수 있어요.이런 식으로 뚜껑 부분에 맞게 미스트캡을 꽉 끼워주면 되는데요처음에는 잘 안 맞는 것 같더니 조금만 눌러주니 단단하게 고정되더라구요!​무엇보다 이 미스트캡이 가습을 모아서 가습량을 더욱 증폭시켜줌으로써40~60% 수준의 실내 습도를 쾌적하게 유지시켜줍니다.파우트 가습기 내부 MAX 선을 살펴보면 최대 500ml의 대용량으로하루 한 번의 급수로 최대 9시간까지 사용할 수 있는데요물의 양이 보다 많으면 작동하지 않거나 분무량이 적을 수 있다고 해요.​또한 기존 가습기와 다르게 상부 급수식 디자인으로 되어있어서가습기 사용 중 물 흘릴 걱정 없이 깔끔하고 쉽게 물을 보충할 수 있습니다.​또 이렇게 수조에 정수된 물을 채우고 수용성 아로마 오일1~2방울을 넣어 사용하면 무드등 겸 아로마 가습기로도 사용할 수 있어요.이렇게 물을 담은 뒤 AC아답터의 DC 잭을 본체에 연결하고플러그를 연결하면 바로 가습기를 사용할 수 있는데요 개인적으로는아답터가 짧아 콘센트 근처에서 써야 하는 점이 아쉬웠어요.무엇보다 파우트만의 감각으로 만든 NOSE2는완전 화이트가 아닌 연한 크림색으로 따듯한 감성은 물론이고어디에 두어도 이쁘고 잘 어울려서 소중한 분께 선물로 드리기도 좋아요.​무엇보다 채도가 높은 색상이 아닌, 베이지에 가까운 무채색 톤이라서장시간 사용해도 질리지도 않고 어디에나 잘 어울립니다.바닥 부분을 보면 미끄럼 방지 패드가 부착되어 있기 때문에미끄러운 바닥에서도 안정적으로 사용할 수 있고 테이블이나 선반과 같이높은 장소에 두었을 때에도 떨어트릴 위험을 덜 수 있습니다.버튼을 한번 누르면 가습기가 켜지는데요 이 상태에서버튼을 누를 때마다 1시간부터 4시간까지 타이머 설정이 가능해요.​마지막으로 6번째 눌렀을 때에는 가습기를 끌 수 있는데요깜빡 잊고 전원을 끄지 않았을 때에도 수조통 내부에 물이 부족하면자동으로 가습기 전원이 차단되기 때문에 안심하고 사용할 수 있다는 사실!또 NOSE2의 미스트캡은 진동자에서 만들어지는 가습을 모아가습량을 증폭시키기 때문에 시간당 70ml에 가까운 많은 분사량을 자랑하여환절기 및 겨울철 실내 습도를 쾌적하게 유지할 수 있어요.​또한 낙수 방지 구조와 저소음 설계로 디자인되어 있어서작동할 때 20~40 정도에 데시벨 수준으로 독서실이나 사무실, 침실 등소음에 예민한 곳에서도 불편함 없이 사용할 수 있습니다.위 동영상을 보시면 버튼을 길게 눌러 무드등을 킬 수 있는데요가습기와 무드등을 동시에 키고 끌 수 있어 무드등 가습기로 사용 가능하고한 가지만 사용할 수도 있어서 취향에 맞게 활용할 수 있습니다.​무엇보다 전원 켜기와 끄기, 타이머, 조명 설정까지 하나의 버튼을 사용해조절할 수 있어서 처음 사용하시는 분들도 컨트롤이 편리해요.또 타이머를 설정하면 가습기 하단에 LED가 바닥에 반사되기 때문에직관적으로 몇 시간으로 설정되어 있는지 알 수 있는 동시에간접조명으로 시각적인 노이즈가 없어서 좋아요.특히 요즘 같은 날씨에 침대 밖으로 나오기 넘나 귀찮은데요LED 무드램프의 은은한 무드등이 실내 분위기를 부드럽게 연출해주어야간에 취침 등이나 수유등 등으로 활용할 수 있어요.특히 회사에서 일할 때 하루 종일 히터 바람에 피부가 건조하거나장시간 컴퓨터를 사용하시는 분들도 가습기를 틀어 안구 건조를 줄일 수 있구요​무엇보다 위에서 언급했다시피 공간 차지가 적어서 원룸은 물론조용해서 회사 사무실이나 도서관에서도 사용하기 좋고무드등, 아로마까지 다양하게 응용할 수 있어서 강력 추천드립니다.​▶ 파우트 NOSE2 무드등 가습기 보러 가기▶ 쿠팡에서도 판매하고 있어요이간느트니 | 저는견깅한리뷰문회를 만들기 위한그린리뷰껄피인에
트새13|          참여하고 있습니다.
07020

 
",21,0,1,613,11,3,897.8,62,suspect,2019. 10. 19. 16:20,3997,4424656,상품리뷰,"['가습기라니 조명이 은은하니 예쁘네요 ㅎㅎ', '오늘도 알찬 포스팅 잘보고갑니다 ~ ^^', '공감가는 내용이네요\n좋은 포스팅 잘보고 가요~ ^^', '가습에 무드등까지~ 밤에 켜놓고 자면 너무 편안할꺼 같아요^^일요일 행복한 시간 보내세용!!', '가습기에 무드등까지 된다니!! 디자인도 심플하니 예쁘고 무드등이 나오니 더 예쁜것 같아요!!', '', '오우,,, 1석 2조의 효과네요!!!보일러 안 트는데 요즘 방이 건조하다고 느껴지곤 하는데... 이제 가습기철이 돌아오는군요~~ 예쁜 제품 추찬 감사요~ 👍']"
2,https://blog.naver.com/shop2930?Redirect=Log&logNo=221426941102,"내가 어릴때에는, 아니 5년 전만 하더라도 미세먼지는 봄에나 나오는 이슈거리였다.​요즘처럼 심각하지도 않았지만 무엇보다 사시사철 내내 미세먼지 농도가 높지 않았는데이제는 계절과 날씨에 관계없이 항상 미세먼지 농도를 확인하게 된다.​그래서 고등학생때만해도 산소도 사서 먹겠다는 농담거리가 점점 다가오는 것 같은 기분.그래서 이번에 미세먼지 공기청정기로 장만해 본 미소 무드등 미니 공기청정기!!​사실 큰 공기청정기가 있으면 넓은 공간을 케어하기는 좋지만,원룸이나 공부방, 사무실, 침실처럼 좁은 공간에 두기에는 아무래도 부담스럽다.미소 공기청정기는 2개의 이오나이저가 내장되어 있어이온청정기능과 동시에 음이온이 양전하를 띄는 미세먼지의 중금속 성분과 결합, 침전시켜효과적으로 미세먼지를 제거하고 탈취/살균효과까지 볼 수 있다.​그래서 가스레인지로 조리하면서 나오는 미세먼지를 효과적으로 제거함과 동시에요리 이후에 냄새 탈취하는 데에도 좋아서 주방 공기청정기로 좋다.안쪽을 보면 뽁뽁이로 꼼꼼하게 포장되어 있어서 배송 중 파손에 대해 안심할 수 있고 안쪽에 센스있게 쪽지를 쓸 수 있어서 선물용 미니 공기청정기로도 좋다!!나는 흰색 미소 무드등 미니 공기청정기를 선택했는데,노란색, 하늘색, 분홍색, 흰색 4가지 색상이 있어 원하는 색상으로 결정할 수 있다.​미소 무드등 미니 공기청정기 구성은 사용설명서와 공기청정기 그리고 케이블로 이루어져 있는데usb케이블을 사용하여 보조배터리나 컴퓨터 등으로 전력공급이 가능한 덕에사용공간의 제약이 적고 휴대성이 편리하다는 장점이 있다.하단을 살펴보면 제품명과 인증번호, 제조년월 등이 명시되어 있고KC인증은 물론이고 국내에서 생산된 상품이라서 더욱 믿고 사용할 수 있다. 위 영상을 보면 미소 미세먼지 공기청정기 하단의 버튼을 눌러 쉽게 분리할 수 있어바로바로 필터 상태를 확인할 수 있고 공기청정기 청소와 필터 교체가 간편하다.미소 공기청정기 안쪽을 살펴보면 극세필터와 탈취필터를 사용하여큰 먼지를 걸러내는 동시에 활성탄으로 냄세를 제거해주고초미세먼지까지 걸러내는 H13등급인 헤파필터까지 3중 필터 시스템을 사용하였다.​그리고 대형 공기청정기를 한대 두는 것보다우리가 일상에서 자주 사용하는 공간에 미세먼지 공기청정기를 둠으로서좀더 효과적이고 빠르게 미세먼지제거 효과를 볼 수 있다.미소 공기청정기 상단을 살펴보면 3가지 기능이 있는데무드램프 기능과 이온발생 기능, 그리고 전원/단계 조절 버튼이 있다.​이러한 직관적인 버튼 덕분에 처음 사용하시는 분들도 간편하게 조작이 가능하고무엇보다 원하는 대로 다양하게 단계/이온 여부 등의 설정이 가능하다.미소 공기청정기는 강/약으로 공기청정 단계를 조절할 수 있고은은한 LED 램프기능 덕분에 수유등이나 밤에 무드등으로 사용할 수 있어서인테리어 효과를 볼 수 있는 데다가 침실에서도 사용하기 좋다.​그리고 무드등 버튼을 3초이상 누르면 버튼조작 램프가 꺼지기 때문에공기청정기 용도로만 사용할 수 있어서 전력을 아낄 수 있다.미소 미세먼지 공기청정기의 디자인을 보면 통풍구가 크게 되어 있어서 공기순환이 빠르고컴팩트한 크기 덕분에 사무실 책상이나 주방, 원룸 등에 두기에도 좋다!!​또한 인테리어 소품으로 두어도 무리없을만큼 깔끔한 디자인 덕에 어디에나 잘어울리고다양한 색상이 있어서 인테리어 분위기에 맞는 색상으로 선택할 수 있다!!​그리고 보조배터리를 사용해서 미소공기청정기를 사용해봤는데,하루종일 틀어놨음에도 불구하고 보조배터리가 꺼지지 않을 정도로 전력 소비가 적다.​실제로도 미소 공기청정기는 저전력 시스템을 적용해서하루종일 틀어놔도 한달 전기료 100원으로 깨끗한 공기를 즐길 수 있다는 사실!!그리고 사용할 때 소리가 크지 않아서 소리에 예민한 사무실, 독서실 뿐 아니라침실이나 부엌, 차안처럼 작은공간에서 사용하기 편리하다. 그리고 상단의 사용설명서를 보면, 미소 미세먼지 공기청정기의 작동방법과 함께 주의사항, 명칭, 구격 등에 대해 명시되어 있어 손쉽게 사용할 수 있다.​특히 제품보증서도 있어서 구매 이후 1년의 보증기간이 있어서상품을 사용할 때 좀더 안심하고 사용할 수 있다는 사실!!이렇게 미소 무드등 공기청정기에 대한 리뷰를 마쳤는데,상단의 링크를 통해 좀더 자세한 정보와 후기들을 확인해볼 수 있다.​특히 크기가 작아서 차량이나 원룸과 같이 좁은 공간에서 사용하기도 좋고사무실이나 공부방처럼 소음에 민감한 곳에서도 사용할 수 있어서미세먼지가 심하거나 너무 추운 날씨에 환기가 어려울 때, 미소 공기청정기 추천한다!!이 글은 위블을 통해 본 업체에서
제품 또는 서비스를 제공받아 작성된 글 입니다.

세
",15,0,1,463,5,3,897.8,11,text_ad,2018. 12. 25. 19:35,3997,4424656,상품리뷰,"['진짜 잘 만들었네요 요것! ㅎㅎ 맞아요.. 이제는 한파 아니면 미먼 둘 중 하나를 골라야 하는 최악의 상태가 되었죠.', '가격도 생각보다 얼마안하네요?큰 공기청정기는 백단위라 부담스러웠는데,,요거라도 사자해야겠어요ㅎㅎ', '오히려이렇게 작은걸핗요한공간에놓는게더효율적이라고해요!!  오늘 미세먼지 많은데  몸조심 하세요', '오히려이렇게 작은걸핗요한공간에놓는게더효율적이라고해요!!  오늘 미세먼지 많은데  몸조심 하세요']"
3,https://blog.naver.com/shop2930?Redirect=Log&logNo=221476200226,"최근 다이어트 식품 중 가장 각광받는 식품이라고 하자면 단연 곤약이 아닐까 싶다.​사실 나는 곤약을 다이어트 식품으로써가 아니라 기존부터 좋아했는데,짜먹는 곤약 젤리를 처음 먹어보고 너무 맛있어서 한동안 종류별로 먹었던 기억이 난다.​그러다가 직접 만들어보자 싶어서 이번 기회에 만들어보게 되었다!!만들기 전에 바이올팩키지에서 곤약 젤리를 담을 수 있는 파우치를 장만했는데배송 상자를 개봉했을 때 스파우트 타입의 음료 파우치와 스티커,그리고 파우치에 맞는 깔때기와 뚜껑으로 구성되어 있다.먼저 내가 장만한 음료 파우치는 200ml짜리의 크기인데,크기가 10x17 정도의 크기로 작고 가벼워서 휴대하고 다니기 편리하다.​특히, 200ml뿐 아니라 150ml, 400ml 심지어 500ml까지다양한 크기의 파우치가 준비되어 있어서 원하는 용량에 맞게 장만할 수 있다.파우치를 살펴보면 9파이 짜리 주입구이기 때문에입구 부분이 작은 만큼 물이나 주스같이 맑은 음식을 넣고 다니는 것이 좋다.​그리고 분리형 캡을 사용함으로써 뚜껑이 쉽게 빠지지 않고어린아이들은 파우치 개봉이 어려워서 안심하고 휴대할 수 있기도 하다.두 번째로 15파이 짜리 파우치도 장만해 봤는데이렇게 주입구가 넓은 스파우트 파우치는 선식이나 미숫가루같이되직한 느낌의 음료를 마실 때 편리하다.파우치를 살펴보면 9파이짜리와 파우치 크기는 동일한 크기이고모서리 부분이 라운딩 처리함으로써 찔릴 위험도 적다.​특히, 운동하시는 분들은 단백질 쉐이크를 벌크형으로 구매하시는데이 파우치에 쉐이크를 담은 다음에 실외에서 음료와 혼합해 먹어도 좋을 듯하다.​혹은 미리 준비하여 냉장고에 준비해둔 다음에 출근하는 길에,혹은 운동하러 가는 길에 한 개씩 파우치만 꺼내면 간단하게 먹을 수 있어서아침식사 대용 선식 자주 드시는 분들에게 강력 추천한다!!그리고 서비스로 받은 핸드메이드 스티커!!​나는 몰랐는데 방수 기능이 있는 유포지를 사용하여 제작한 덕분에얼렸다 녹일 때 서리가 끼거나 표면에 물이 맺힐 때에도 안심하고 사용할 수 있다.​게다가 단체로 나들이 가시는 분들이나 어린이집 소풍에도 스티커도 추가 주문해서 스파우트 음료 파우치에 붙이면 유용하게 쓰일 듯하다.그리고 바이올팩키지에서 품목에 관계없이 100매 이상 구매하시는 분들에게실리콘 깔때기 1개를 사은품으로 보내주기 때문에 훨씬 간편하게 음료를 담을 수 있다.​특히 실리콘 타입이라 접고 펼 수 있어서 공간 차지가 적어 휴대가 편리하고고리를 걸 수 있는 구멍이 있어서 걸어놓거나 보관하기에도 좋다!!​아 그리고 실리콘 깔때기 대신 스티커 50매나 소스 통을 원하시는 분들은따로 연락해서 해당 상품으로 사은품을 받아볼 수도 있다.​개인적인 후기로는 15파이 짜리 음료 파우치는 실리콘 깔때기를 사용하기 좋지만9파이나 11파이 스파우트 파우치는 실리콘 깔때기를 쓰기 조금 작아서소스통이나 스티커를 사은품으로 받는 것을 추천한다.그리고 배경이 하얘서 잘 안 보이지만 바닥면이 납작한 덕분에스탠드형으로 음료 파우치를 세워서 보관할 수 있다.​특히, 9, 11, 15까지 다양한 크기의 주입구 크기를 판매하고 있어서원하는 취향에 맞게 스파우트 파우치를 선택할 수 있다.나는 그전부터 만들어보고 싶었던 것 중 하나가 짜먹는 곤약 젤리였는데이번에 이 음료 스파우트 파우치를 사용하여 만들어보았다!!​먼저 재료는 취향에 맞는 음료와 곤약 가루를 준비하면 된다.나는 물 2L와 깔라만시 원액 200ml 그리고 스테비아 설탕을 8스푼을 사용했다.먼저 물과 스테비아 설탕, 그리고 깔라만시 원액을 큰 냄비에 넣고 혼합한 뒤에보글보글 끓기 시작하면 곤약 가루를 바로 뿌리지 말고 따로 담아서 숟가락으로 흩뿌려준다.​나는 곤약 가루에 물을 넣고 희석시킨 다음에 냄비에 넣었더니곤약 가루가 너무 빠르게 곤약화되어버려서 너무 당황해갖고 그냥 막 넣었던...그리고 한소끔 끓으면 불을 내리고 음료 파우치에 깔때기로 옮겨 담은 뒤딸깍 소리가 날 때까지 뚜껑을 꽉 닫아주면 끝!!​이 바이올팩키지의 스파우트 파우치는 고온 살균이 가능한 덕분에95도 내외의 중탕이 가능하고 반드시 지퍼를 오픈하고 전자레인지에 돌릴 수도 있다.​또, 냉동/냉장 보관이 가능하고 외면은 나일론 내면은 폴리에탈론 소재를 사용함으로써냉동 시에도 파우치가 딱딱해지지 않고 부드러워 사용감이 좋다.그리고 마지막으로 스티커까지 붙여 마무리해보았다!!​솔직히 이야기하면 곤약이 뭉쳐갖고 조금 묽은 느낌의 곤약 젤리가 되었지만곤약 가루가 남아있으니 다음번에 다시 도전해 보는 걸로 !!​이렇게 바이올팩키지 스파우트 음료 파우치 후기를 마쳤는데파우치 두께가 두툼한 덕분에 음료가 세거나 누수 위험 없이 안심하고 사용할 수 있는 데다가식품 사용 허가를 받은 환경 호르몬 없는 재질을 사용해 더욱 믿을 수 있었다.​마지막으로 상단의 링크를 통해 바이올팩키지에서 좀 더 다양한 상품을 확인해볼 수 있는데스파우트 음료 파우치뿐 아니라 지퍼백, 비닐 쇼핑백 등다양한 상품들을 판매하고 있기 때문에 관심 있으신 분은 방문해보셔도 좋을 듯하다.​특히 어린아이와 외출하는 경우에 항상 마트에서 음료를 사주게 되는데그보다 이런 식으로 스파우트 파우치에 집에서 만든 음료를 담아 주면 더욱 좋을 것 같다.​게다가 위에서 언급한 대로 다이어트하시는 분들이나 운동하시는 분들도매번 쉐이커, 선식을 들고 다니기 보다 파우치에 담아 편리하게 들고 다녀도 좋을 듯하다!!​이간느트니 | 저는견깅한리뷰문회를 만들기 위한그린리뷰껄피인에
트새13|          참여하고 있습니다.
07020

 
",16,0,1,579,34,1,897.8,153,suspect,2019. 2. 27. 16:34,3997,4424656,상품리뷰,"['우와 저렇게 파우치에 곤약젤리를 만드니 진짜 파는 것 같아요! 곤약젤리 맛있는데 하나에 이삼천원 하잖아요,, 넘 괜찮은데요ㅎㅎ', '맞아요 ㅠㅠ 저거 다해도 곤약 2포에 이천원에 깔라만시 원액도 대용량으로 사면 저렴한데다가 만들기 어렵지 않거든요!!담번에 성공하면 또 포스팅해볼게요!! 행복이님 댓글 감사해요~', '꺅 곤약젤리를 직접 만들 수 있다니 재미도 있을 것같고 취향껏 맛을 낼 수 있을 것 같아서 마음에 드네요!ㅎㅎ루샵님은 어쩜 손글씨도 참 예쁘게 쓰시네요 :) bb', '엌ㅋㅋ 감사해요!! 취업하고 나서 손글씨 안쓴지 너무 오래되갖고 한땀한땀 열심히 썼는데처음 ㄹ에 너무 힘줬더니 각져버렸어요 ㅋㅋㅋ 묽긴하지면 꽤 괜찮아서 다음번엔 꼭 성공해보려구요!', '곤약젤리라니 ㅋㅋ신기해요!다이어트할때 간식으로 좋겟네용', 'ㅋㅋㅋ저는 처음 부산여행갔을 때 곤약젤리 먹고 너무 맛있는데 너무 비싼거에요 ㅠㅠ근데요즘은 짜먹는 젤리 많이나와서 너무 좋아요 ㅋㅋ 지갑이 거덜나버리겠어요...', '곤약젤리 좋아요 !!!Ruv D Sharp님 안녕하세요 대구는 봄비인가요? 촉촉하게 뿌려줍니다 미세먼지가 모두 바닥으로 내려앉는듯한 기분~ 업무 시간이 다 흘러가고 있습니다 끝까지 즐겁고 행복한 하루 되세요^^', '금손이십니다~~~', '', '잘보고 갑니다 즐거운 저녁 시간 되세요~~', '엄머 곤약젤리를 만들다니!!! 대박 신기한데요! 맛도 궁금하고 가지고 다니기 너무 좋아 좋을거같아요!', '우와 특이하고 좋아보여요ㅠㅠㅠ 깔라만시 곤약젤리 맛날거같아요 담에 도전해봐야겟어요ㅎㅎ', '포스팅 잘보고갑니다 ^^오늘 하루 마무리 잘하시고 즐거운 저녁시간 보내세요 ~~', '고생하셨어요~😊🤗', '쉽지 않은일인데 멋지네요 ^^', '와~ 곤약젤리도 집에서 만들수있네요👍', 'ㅎㅎ잘 봤습니다~수요일이네요~편안한 밤 되세요^^', '방문인사왔다가 잘읽구가요! 편안한 수요일 저녁보내세요, 또 놀러올게요🤗', '직접 만들어 먹을 수 있고 좋네요!무엇보다 좋은 건 환경호르몬이 없는 재질인 점이네요!!', '포스팅 잘 보고갑니다 ㅎ \n이제 막 블로그를 시작하다보니 \n작성하신 글에서 많이 참고하고 가요 ^^', '저도 곤약은 안좋아하는 편인데 이거 신기해보여요 ㅋㅋㅋ한 번 해보고 싶은데요?? ㅎㅎ', '곤약 먹어보고 싶은데 처음에 맛없게 먹었더니 도전을 못하겠더라구요 ㅋㅋㅋㅋ ㅠ', '좋은 글 잘 보고 갑니다:)소통하고 싶어요~ ^^ 또 놀러올게요!', '오호 간편하게 들고다닐수 있으니 좋네요ㅋㅋ', '우와! 곤약젤리도 직접 만드는게 있군요~ 완전 신기하네요~휴대하고 좋겠어요^^', '오모나!!!!완전좋아요 !!^^ 저 항상 곤약젤리 사먹는데 ㅠㅠ 이거진짜 아이디어네용 ♥참고해서 만들어봐야겠어요 ^^♥', '오~~감사합니다 아이들 간식으로~~ㅋ도전래봐야겠어요~^^물 2리터에~~곤약가루 2봉을 넣어야하는건가요 ?', '약간 뜨거운거 담아도 되는 걸 찾고있었어요 포스팅 잘 봤어요 깔라만시 분말 선물 들어온거 처치못하고 있었는데 곤약젤리 괜찮네요 좋은 팁 얻고가요']"
4,https://blog.naver.com/shop2930?Redirect=Log&logNo=222014827579,"안녕하세요! 루샵입니다.​최근 회사에서 야근이 잦아지면서 10시 넘게 귀가하다 보니밤늦게 청소하기는 눈치 보이고 그렇다고 안 하자니 찝찝하더라구요.​그러다 보니 주말에 몰아서 청소를 하는 편이지만 아이가 있는 집이나반려견, 반려묘와 함께 거주하시는 분들은 그게 참 어렵죠.​이럴 때 누가 자동으로 청소 좀 해주면 좋겠다 싶었는데요 최근 샤오미S5 세대의 후속, S6 버전의 로봇청소기가 나왔다고 해요.이 샤오미 로보락 로봇청소기는 고정밀 레이저 방식의 내비게이션지도 생성 기능으로 집을 실시간으로 스캔하고 지도를 저장해 방 모양 및가구 위치에 기반한 청소 루트를 정하고 빠른 청소가 가능해요. 또한 메인 브러쉬와 집중 흡입 기능을 통해 바닥 먼지 및 카펫머리카락을 쉽게 빨아들이고 내장된 5200mAH 리튬이온배터리를 통해최대 3시간 동안 연속으로 진공청소를 할 수 있습니다. 무엇보다 스냅식의 180ml 물탱크 지원으로 최대 150 제곱미터의넓은 면적을 중단 없이 물청소 가능할 뿐 아니라 고저 유량을 조절함으로써필요한 만큼 물량을 조절할 수 있어서 알맞은 청소를 할 수 있어요. 샤오미 S6 Pure 로봇청소기는 적응형 알고리즘과 레이저 매핑으로빠른 청소가 가능할 뿐 아니라 넓은 걸레질 면적과 청소하고자 하는 방을선택할 수 있어 더욱 효율적인 청소가 가능하다는 사실! 구성을 살펴보면 로봇청소기 본체와 충전기, 방습 매드, 조절식 물통그리고 걸레와 사용설명서 전원 케이블로 구성되어 있어요.상자 내부에는 서로 기스가 나지 않도록 꼼꼼하게 배송되어 왔어요.먼저 샤오미 로보락 로봇청소기 가운데를 보면 커다란 센시언트센서를 통해 360°로 감지함으로써 현재 위치를 파악하고 계단을 파악하거나 문제가 있는 공간에서 빠져나오는 길을 찾을 수 있어요!상단에 있는 커버를 열어보면 먼지통을 볼 수 있는데요E11 등급의 필터로 꽃가루 및 곰팡이를 포함해 알레르기 유발 물질을 최대95%까지 포착하고 집안의 공기를 상쾌하고 깨끗하게 유지해줘요.먼지통은 이렇게 손으로 집어올리면 이렇게 간편하게 분리할 수 있어서먼지통 뚜껑을 열어 가볍게 버릴 수 있는 데다가 물 세척 후재사용할 수 있으므로 잦은 교체가 필요하지 않아 경제적입니다.샤오미 로봇청소기의 물탱크는 S5 세대 물탱크 용량보다 30%가량 증가한180ml로 한 번에 150미터 제곱의 면적을 청소할 수 있어요.이렇게 걸래 부분을 들어보면 가운데 스위치가 있는데 위로 올리면물 흐름 속도를 낮출 수 있고, 아래로 내리면 올릴 수 있어요.로봇청소기 본체 하단부의 맞춤 표시에 맞춰 물탱크를 밀어 넣으면딸각 소리가 나면서 안정적으로 고정되는데요 분리할 때에는물탱크 양옆의 버튼을 누른 상태로 잡아당겨주면 돼요.​덕분에 러그나 매트처럼 걸레질이 불필요한 곳은 제거할 수 있구요.또 위 사진의 사이드 브러시가 있는데요 회전하면서 샤오미 로봇청소기가앞에 있는 먼지나 이물질을 안으로 모아주는 역할을 해요.또 전 방향 바퀴 앞과 측면에 추락방지 센서가 있어서현관이나 계단 등 경사가 있는 곳에서는 떨어지지 않더라구요.메인 바퀴 부분을 보면 튼튼한 고무 재질의 바퀴로 되어있는데요장애물을 쉽게 넘어갈 수 있도록 톱니 형태로 되어있는데다가 눌렀을 때탄력 있게 올라와서 문지방이나 턱을 쉽게 넘어갈 수 있어요.또한 s6 시리즈에서 청소 브러시의 털의 밀도를 250% 증가시키고부드럽게 만들어 회전할 때 바닥이 부드럽게 청소되지만먼지는 강하게 빨아들여 반려동물이 있는 집에서 좋다고 하더라구요.충전기 설치방법을 보면 먼저 충전기를 평평한 표면의 벽에 놓고플래그를 꽂은 뒤 방습 매트의 홈에 맞게 끼워주면 끝! 특히 나무 매트의 경우 방습 매트가 꼭 필요한데요 양면테이프를 떼어바닥에 고정해 주면 청소기 배터리가 20% 이하로 떨어지거나홈 버튼을 눌렀을 때 충전기로 돌아와 충전을 시작해요충전 접점에 맞게 로봇청소기를 올리면 충전되는데요전원 표시등에 흰색이 나타나면 배터리가 20% 이상이고 빨간색이면20% 이하로 직관적으로 배터리 충전량을 확인할 수 있어요. 로봇청소기가 작동되는 걸 보면 전반부에 충격을 흡수하는범퍼가 달려있고 높이가 낮아서 틈새 사이사이를 꼼꼼하게 청소해 줘요!​또 전체적인 집안 구조 라인을 잡은 뒤에 지그재그 모양으로 움직이면서청소 함으로써 효율적이고 꼼꼼한 경로로 마무리하고요.로봇청소기가 지나간 자리는 이렇게 먼지는 물론이고바닥의 걸레로 물 청소까지 깨끗하게 청소된 것을 볼 수 있습니다.​무엇보다 적응형 경로 알고리즘을 사용해 방의 형태와 방 안의 장애물을토대로 가장 효율적인 청소 경로를 계산할 수 있다는 사실!​덕분에 청소시간을 최대 15% 절약하는 동시에 방, 거실부터집 전체까지 원하는 공간을 선택하여 청소가 가능한 로봇청소기입니다.이렇게 청소를 마치고 나면 충전하는 자리로 돌아오는데요 청소 중 배터리가 부족해 중지된 경우 청소에 필요한 만큼 배터리를 충전하면자신이 청소했던 곳으로 돌아가 다시 청소를 시작해요!무엇보다 샤오미 로보락 청소기는 이렇게 모바일 앱과 연동하여더욱 효율적이고 섬세한 설정 변경이 가능하다는 사실!먼저 앱을 열면 영역과 배터리 잔량, 시간 등을 확인할 수 있는데요앱이 연결되어 있는 상태에서 로봇청소기를 작동시키면집 전체 영역을 스캔하면서 청소하여 화면으로도 볼 수 있어요.이후 로보락의 설정이나 타이밍, 음성 및 볼륨, 지점 지점까지다양한 기능이 있는데요 커스텀 마이즈 가능한 룸 시퀀스 클리닝을 통해서집안 공간에 따른 청소 순서를 로봇청소기에게 명령할 수 있습니다.게다가 무소음, 밸런스, 터보, 최대까지 로보락 로봇청소기로4가지 청소모드를 설정할 수 있어서 원하는 모드로 청소할 수 있어요.​추가로 S6 로봇청소기는 고급 소음 억제 시스템을 사용하여S5보다 50% 더 조용하고 청소기의 일반적으로 거칠고 높은 소음이 아닌,부드러운 소리로 개선하여 밤에 청소해도 방해가 되지 않아요.또한 앱에서 가상의 진입 금지 구역 또는 가상의 벽을 설정해깨지기 쉬운 화분이나 귀중품을 보호하거나 발 매트나 애완동물의 밥그릇이청소기에 의해 밀리지 않도록 청소 공간을 제한할 수 있다는 사실!​이렇게 샤오미 로봇청소기 후기를 마쳤는데요 예전에 사용했던로봇청소기를 생각해보면 가끔 바보가 돼서 청소한 곳을 또 하고 또 하고​심지어 장애물이 있으면 빠져나오지 못하는 것도 종종 봤는데요샤오미 S6 로봇청소기는 굉장히 똑똑하고 효율적으로 청소하더라구요.​무엇보다 정식 수입 제품으로 A/S 보증기간 1년 제공은 물론 유상 수리 시에도해외 직구보다 훨씬 저렴한 비용으로 수리할 수 있다고 하니로봇청소기 알아보고 계신 분들은 샤오미 S6 Pure 제품 추천드려요!이간느트니 | 저는견깅한리뷰문회를 만들기 위한그린리뷰껄피인에
트새13|          참여하고 있습니다.
07020

 
",23,0,2,720,2,3,898.2,39,text_ad,2020. 6. 28. 18:02,3997,4424658,상품리뷰,"['샤오미 로봇청소기...좋네요........제품신뢰도를 높이면 중국제품도 좋은데....중국은 팔고 땡하니 신뢰가 쌓이지 않는거 같아요..ㅎㅎㅎㅎ 글 잘 보고 갑니다..오랜만에 뵙는거 같아요...ㅎㅎㅎ', '샤오미 청소기 저희도 쓰는데 편하고 좋아요.']"
5,https://blog.naver.com/shop2930?Redirect=Log&logNo=221516734552,"나는 치아 교정을 하다 보니까 매달 치과에 방문하곤 하는데아침 점심 저녁 하루 3번 꼬박 치아를 닦음에도 불구하고 항상 지적을 받곤 한다.​그러다 보니 칫솔이나 치약을 찾기 위해 자주 바꿔가며 사용하다가최근 네이버 카페에서 치아교정 중 칫솔질이 힘든 분들에게전동칫솔이 도움이 된다고 해서 이번에 장만해본 마이룸 전동 칫솔!!먼저 마이룸 전동칫솔을 살펴보면 굉장히 직관적이고 심플한 디자인으로수직으로 작동하여 잇몸을 보호해주고 동시에 치석제거와 미백, 입속 세균 제거를 돕는다.​특히 삼만 원 대의 가성비 좋은 전동 칫솔로, 특허받은 제품이라는 사실!!마이룸 진동칫솔을 개봉해보면 꼼꼼하게 포장되어 배송 중 파손을 방지하고본체 하단에 다양한 추가 구성품이 들어있는 것을 확인할 수 있다.마이룸 전동칫솔 구성을 살펴보면 칫솔모 2개와 C 타입 충전 케이블그리고 고무패킹과 사용설명서로 구성되어 있다.사용설명서를 보면 한글과 영문으로 2가지 버전으로 칫솔모 부착, 충전 방법 등전동 칫솔의 기본적인 사용방법과 주의사항, 그리고 보증 내용에 대해서 명시되어 있다.​여기서 가장 중요한 부분은 칫솔모와 잇몸 경계선을 45도를 유지하면서이빨 위에 두고 전원을 킨 뒤 치아 부위당 각각 30초 정도씩 대고 천천히 움직여주면 된다.그리고 구성상품 중 칫솔모와 링 2개가 들어있어 원하는 색상에 맞게 끼울 수 있고칫솔을 옆면에서 보면 치아 모양과 비슷한 곡선형으로 되어 있어서전동칫솔을 사용할 때 치석제거나 치아 미백 등에 좀 더 도움을 받을 수 있다.이런 식으로 전동칫솔 본체와 칫솔모를 끼워 사용하면 되는데안전한 ABS 소재로 제작되어 어린이부터 성인까지 남녀노소 관계없이 안전하게 사용 가능하다.무엇보다 이 고무 캡 덕분에 욕실이나 사무실, 등어디에서나 세워놓고 칫솔을 보관할 수 있어서 위생적으로 관리할 수 있는 데다가미끄럼 방지 가공을 통해 낙하를 방지하는 동시에 오염이 강하다.특히 마이룸 진동칫솔은 c 타입 충전단자를 사용하여 핸드폰과 동시에 젠더 사용이 가능하고급속충전 통해 3시간이면 완충되고 완충 시 최대 30일 동안 사용 가능하다.그리고 아무래도 전자기기다보니 바닥면에 C 타입 젠더 때문에 위험하지 않을까 했는데충전 잭에 물기가 들어가지 않도록 고무캡이 안전캡 역할을 한다는 사실!!한 손에 들어오는 크기로 사용성이 편리하고 미국 FDA 인증을 받은 듀퐁 원사를 사용하고칫솔모가 UV 멸균 가공 처리되어 받자마자 위생적으로 바로 사용할 수 있다!!​특히 전동칫솔을 사용하다 보면 너무 자극적이라서 피가 나기도 하는데이 마이룸 전동칫솔은 칫솔모 원사 끝을 원형 가공 처리하여잇몸의 상처를 예방하는 동시에 치아손상 없이 전동칫솔을 사용 가능하다는 사실!!버튼은 단 한 개로 이루어져 있어 이 버튼 하나만으로도 전원 on/off는 물론이고버튼을 오랫동안 누름으로써 진동 세기를 조절할 수도 있다는 사실!!​게다가 다시 전동칫솔을 켰을 때 마지막 강도를 기억하고 안전센서가 들어있어일정 압력 이상 칫솔모를 잡게 되면 잇몸 부상 방지를 위해 진동이 줄어들게 된다.​위 영상은 마이룸 전동칫솔이 어떻게 작동되는지에 대한 영상으로,수직 상하 방향으로 칫솔질하면서 동시에 음파 기능을 통해 치석제거에 도움을 준다.​특히, 위아래로 칫솔질은 치과의사분들이 가장 추천하는 방법인데,이 전동칫솔은 수직 상하로 움직이면서 자연스럽게 올바른 양치질을 돕는 데다가분당 33000번의 음파로 잇몸 사이의 치석 제거와 미백에 도움이 된다.특히 욕실에서 사용하다 보면 아무래도 물기나 습기에 쉽게 노출되지만마이룸 전동칫솔은 IPX- 6 단계의 방수처리되어 있어 욕실에서 안심하고 사용 가능하다.​마지막으로 상단의 링크를 통해 좀 더 자세한 정보와 후기를 살펴볼 수 있는데,칫솔질을 어려워하는 아이들이나 나처럼 섬세한 칫솔질이 어려운 분,혹은 비싼 가격 때문에 구매가 꺼려졌던 분들께도 가성비 좋은 전동칫솔 추천한다!!이간느트니 | 저는견깅한리뷰문회를 만들기 위한그린리뷰껄피인에
트새13|          참여하고 있습니다.
07020

 
",18,0,1,431,34,2,898.2,105,suspect,2019. 4. 18. 14:18,3997,4424658,상품리뷰,"['가격진짜맘에 드네요', '항상 좋은글 잘 보고 있습니다^^ 따사로운 봄햇살과 함께 해피한 날 보내세요.', '칫솔모가 좋아야 전동칫솔로 했을 때 효과가 있을거 같은데,,,,전동칫솔 써보고 싶긴 해요 ^^', '전동 칫솔안써봤는데 요거라면 사용해보고 싶네요!', '포스팅 잘 보고 갑니다^^~~', 'ㅎㅎ잘 봤습니다~목요일이네요~좋은 하루 되세요^^', '칫솔이 굉장히 잘 나온것같네요!즐거운 하루 보내세요!', '전 잇님 포스팅에 엄청 혹하나봐요 ㅋㅋㅋㅋㅋㅋㅋㅋㅋㅋㅋㅋ다른분들껀 잘 안그러는데 잇님이 포스팅한거 보면 어느순간 사러 가고있어요 ㅋㅋㅋ저번에 아몬드랑 어묵도 그러쿠 ㅋㅋㅋ이번에도 살려고 들어가서 살펴보고 남편한테 피력중 ㅋㅋㅋㅋㅋㅋㅋㅋㅋ', 'ㅋㅋㅋㅋㅋ 삼만원대면 꽤 가성비 좋은편인것같아요!!너무 충동구매하지 마시구요 ㅋㅋㅋㅋ 너무 귀여우셔서 빵터졌네요!!어묵은 드셔보셨어요??', '오오 우리아들 하나 사주야겠어요 지금도 브라운꺼쓰는데 이게 훨씬 잘딲이겠어요!!!', '이것도 꽤 좋아요!! 쓰다보면 너무 강하게 눌리면 진동이 줄어들더라구요어린이들이 쓰기에도 안전할것 같아서 좋을것같아요 ㅋㅋ', '저희 아들도 제가 어릴적부터 전동칫솔을 쓰게 하고 있어요.저는 비싸서 못쓰고ㅠㅠ 비싼 브랜드 전동 칫솔들 보다나쁘지도 않고 아이들도 사용 하기에 넘 좋을것 같아요.가성비 좋은 칫솔로 바꿔야 하나봐요^^', '전동 칫솔은 안 쓸땐 모르는데 쓰고나면 끊기가 힘든 아이템이죠. ㅎㅎ', '오 그래도 되게 고급스러워보여요^^', '제 짝꿍이 전동 칫솔 사 달라고 하는데 이 글이정말 많은 도움이 되었어요~^^', '인테리어용으로도 예쁜 칫솔이에요!', '이참에 진동칫솔 한번 써봐야겠네요.리뷰 감사합니다.', '사용하기 귀차니즘땜시안썻는데 보니까 또써보고싶어요', '답방왔어용 :)우와 한번 사용해보고싶네여~오늘도 잘 보고 갑니당!!!내일이면 주말이네요~ 주말 잘 보내시고, 다음에 또 놀러올게용!!!', '보고 싶은 잇님~함초롱 오랜만에 찾아왔답니다~^^맛나개 점심 드시고~오늘 하루 모든일 형통하시길 기도할게요~^^', '순례 왔습니다. ㅎㅎ 전 워터픽 주로 이용하는데 ㅈ이것도 좋아보이네요. 오늘도 건승하시고 좋은일 가득하시기 바래요~ ^^', '포스팅 잘보고 갑니다', '양치질은 매일해도 어려운것같아요깔끔해서 예쁘다하고잇엇는데고무캡끼우니 칫솔이너무귀여워졋네요전 일반칫솔쓰는데 요칫솔한번알아봐야겟어요!이제 주말시작되기직전이네요~! 한주 고생많으셧어요!', '아니 전동칫솔이 너무 귀여운것 아닌가용♥', '디자인이 참 귀엽고 깔끔해서 좋네요~^^미키마우스 같기도 하고 ㅎㅎㅎ', '오오 가성비 좋은 제품이군요. 회사에서 사용해도 좋은제품인것 같아요', '가성비 최고네요!', '굿이네요 ^^']"
6,https://blog.naver.com/shop2930?Redirect=Log&logNo=221973135328,"안녕하세요! 루샵입니다.​처음 에어프라이어가 나왔을 때에는 전자레인지도 있고비싼 가격에 큰 필요성을 느끼지 못했는데 요즘에는 가성비도 좋고용량도 다양해서 어느새 필수 조리도구가 된 것 같아요.​저 또한 혼자 자취하고 있지만 에어프라이어를 사용하고 있는데요아무래도 에어프라이어는 설거지하기 번거롭더라구요.그래서 이번에 비비또 파티팟 에어프라이어용기와실리콘 내열 장갑과 하트 집게까지 다양하게 장만해봤습니다!​비비또 상품은 모래에서 뽑아낸 환경친화적 신소재,실리콘으로 만들어져 영하 40도부터 250까지 견딜 수 있구요환경호르몬이 나오지 않아 인체에 무해하다는 사실!비비또 파티팟은 차콜과 체리 레드 2가지 색이 있는데요저는 체리 레드 색상으로 중형과 대형 한 개씩 장만해 봤습니다.​사진의 왼쪽의 대형은 지름 215mm로 5L 이상에 적합하고오른쪽의 중형은 지름이 185mm로 2~4L의 에어프라이어에 좋아요.특히 부드럽고 유연한 실리콘 소재로 떨어트렸을 때에도깨지지 않으니 안심하고 사용할 수 있는 데다가에어프라이어 바스켓 모양에 따라 자유자재로 변형된다는 사실!또 바닥 부분에 그릴 홈이 있어서 음식을 들어주니까조리 도중에 나오는 기름은 아래로 떨어지고 열풍이 골고루퍼져서 음식물을 빠르고 균일하게 익혀줍니다.집에 있는 3.5L 에어프라이어에 중형 파티팟을넣어봤는데요 진짜 맞춤 제작한 것처럼 딱 들어맞았어요!​덕분에 에어프라이어를 설거지할 필요가 없으니 넘나 편해요.에어프라이어용기 위에 원하는 식재료를 넣고 에어프라이어에 돌렸는데요꺼낼 때 생각보다 뜨거워서 실리콘 내열 장갑을 사용했어요.이 실리콘 내열 장갑을 보면 구멍이 커서 손 넣기도 쉽고 두툼해서열전달이 적어서 뜨거운 물건도 안전하게 편하게 옮길 수 있어요또한 용기를 집는 쪽에 올록볼록한 엠보싱 가공 처리되어 있어서옮기는 도중 미끄러지지 않고 안전하게 옮길 수 있어요.​에어프라이어뿐 아니라 냄비들 때나 전자레인지에 조리한 그릇을꺼낼 때에도 사용하는 등 활용도가 은근 높더라구요!또 하나 좋았던 점은 에어프라이어에 조리하고 나면 꼭그릇에 옮겨 담아야 했는데 비비또 파티팟을 사용하니 조리 후 바로플레이팅할 수 있어서 설거지거리를 줄일 수 있었어요.퇴근하고 혹은 집에서 영화 보면서 가끔 맥주가 땡길 때가 있는데에어프라이어요리를 하려고 하면 설거지하기 귀찮아서맛이 덜해도 전자레인지를 사용하곤 했는데요,​이번에 파티팟을 장만하고 나서 설거지거리도 줄이고에어프라이어 코팅이 벗겨질 위험도 줄어드니 만족스러웠어요!특히 에어프라이어는 기름 없이 조리할 수 있다는 게최고 장점인데요 저는 설거지하는 게 너무 귀찮으니까 종이호일을깔고 조리해서 항상 기름을 그대로 먹곤 했어요.그런데 에어프라이어 용기의 그릴 홈이 음식물을 띄워주어 틈 사이로기름이 빠져나와 더욱 담백하고 건강하게 먹을 수 있어요.이렇게 조리한 치킨너겟을 바로 먹어도 좋지만 저는감자샐러드랑 먹으려고 하트 집게를 사용해 접시로 옮겨봤습니다!이 하트 집게는 실리콘으로 만들어져 긁힐 걱정이 없고손잡이 연결 부위가 없는 일체형 디자인으로 틈 사이에 기름때나음식물이 끼지 않아 더욱 위생적으로 사용할 수 있어요.특히 집게로 사용해도 좋지만 이음새 부분을 분리해서스푼으로 쓸 수 있어 면을 삶거나 볶음 요리 등에 쓰기도 좋다는 것!​또 손잡이 부분에 고리가 있어 걸어서 보관할 수도 있구요.요렇게 구운 너겟과 감자샐러드를 함께 먹었는데요확실히 기름기가 쭉 빠지니까 눅눅함 없이 바삭바삭한 데다가기분 탓인지 원래보다 조금 더 빠르게 익었던 것 같아요!에어프라이어를 쓰고 나면 이렇게 조리한 후 남아있는기름이나 찌꺼기가 고민이었는데요 비비또 파티팟은 실리콘을사용해 열탕소독이나 전자레인지 소독도 가능해요.특히 부드러운 곡선형 내부 구조 덕에 음식물이 끼지 않아쉽게 세척할 수 있는 데다가 설거지할 때 유연한 파티팟을 뒤집어서그릴 홈 사이사이를 꼼꼼하게 세척할 수 있습니다!짠! 설거지 후 사진인데요 그릴 홈 사이사이에 있던 기름이나음식물 찌꺼기들이 말끔히 사라진 걸 볼 수 있죠?​사실 에어프라이어로 조리하면 너무 맛있는데 기본적으로바스켓 2개랑 덜어놓은 접시까지 설거지해야 되고  원룸이다 보니특히 싱크대가 작아서 꼼꼼하게 닦기 힘들더라구요.​그런데 파티팟은 조리 후 식탁에 바로 내놓을 수 있어설거지거리도 확 줄어들고 남은 음식도 냉장고, 냉동실에 보관 후오븐, 전자레인지 전부 사용할 수 있으니 넘나 편해요.​이렇게 비비또 상품 후기를 마쳤는데 관심 있으신 분들은하단 링크로 좀 더 자세한 정보와 후기 구경해보셔도 좋을듯합니다!​▶ 비비또 파티팟 구경하러 가기▶ 체리 레드 에어프라이어용기 구경하러 가기이간느트니 | 저는견깅한리뷰문회를 만들기 위한그린리뷰껄피인에
트새13|          참여하고 있습니다.
07020

 
",21,0,1,480,5,1,898.2,44,suspect,2020. 5. 21. 16:07,3997,4424658,상품리뷰,"['', '아닛 에어프라이에 넣을수 있는 이런 좋은 용기가 있다뇨~ 넘 좋네요!', '요즘 밖에 나가지 못해 블로그가 낙인데 잠깐 들어왔다가 한참 머물다 갑니다. 글 재미있게 잘 쓰시는거 같아요. ^^', '우왓!용기도 좋고 호랑이 맥주도 좋아요헤헤헤 ㅎㅎㅎ자주 소통해용~', 'Ruv D Sharp님 잘 읽고 가용~!!  오늘도 건강하세요~']"
7,https://blog.naver.com/shop2930?Redirect=Log&logNo=221561140926,"안녕하세요!! 루샵입니다~​요즘 확실히 더워진 날씨에 반팔티와 반바지를 입고 지내고 있는데요아직까지 그리 덥지는 않지만 불 앞에서 요리를 하기에는 용기가 필요한 날씨에요.​그러다보니 아무래도 불을 사용하지 않아도 되는 요리를 하거나전자레인지를 사용하는 등 여러가지 꼼수를 부리고 있는데, 이번에 소개할 요리는역시 불앞에서 조리할 필요 없는 요리, 에어프라이어 가지무침입니다!!일단 이 요리가 자취요리인 이유는 가지만 있으면 뚝딱 만들 수 있습니다!!​먼저 가지를 한입에 먹기 좋은 크기로 듬성듬성 잘라주세요저처럼 삐뚤빼뚤 잘라도 되고 동그랗게, 혹은 반달 모양으로 잘라도 좋습니다.저는 사실 가지를 싫어하진 않지만 가끔 물컹거리는 식감이 부담스러울 때가 있는데요,이 상태로 가지를 볶게 되면 물도 많이 나오고 흐물거리는 식감이 나옵니다.​그런데 에어프라이어로 가지를 한번 구운 뒤에 무쳐주면 흐물거리는 식감도 줄고불 앞에서 요리를 할 필요가 없어 더운 여름에 하기 딱좋은 반찬이에요~이 상태에서 저는 실리콘솔을 사용해서 가지에 올리브유를 골고루 묻혔는데이 부분은 생략하셔도 좋고, 무침으로 만들기 귀찮다 싶으신 분들은가지에 소금과 후추를 골고루 뿌려 밑간한 상태에서 에어프라이어에 구워도 좋아요!!소스는 간장 2스푼, 맛술 1스푼, 참기름 반스푼, 고추가루 반스푼 넣어줬어요!!​간장이랑 맛술 대신 맛간장이나 쯔유를 넣어주셔도 좋구요개인적으로 맛술 넣으니까 살짝 술냄새가나서 올리고당이나 설탕을 추천해요.​저는 가지 2개 기준 간장 2스푼을 사용했는데요 가지가 소스를 잘 흡수하는 데다가처음에 너무 짜게 소스를 만들면 되돌릴 수 없기 때문에반드시 처음에는 심심하게 만들어준 뒤 부족한 간을 추가해주는 것이 좋아요!!짜잔 예열없이 가지를 에어프라이어 180도로 12분 정도 조리해주었어요!!​가지 양에 따라 시간이나 온도를 조절해주시고, 중간중간 한번 흔들어가지가 골고루 구워질 수 있도록 해주시는 것이 좋아요.그러면 가지가 물기 없이 이렇게 노릇노릇하게 익은것을 볼 수 있는데덕분에 물컹거리는 식감때문에 가지를 싫어하시는 분들도 편하게 먹을 수 있어요!!이후에 2~3번에 걸쳐 가지와 소스를 무쳐줍니다.​물론 한 번에 양념과 가지를 무쳐도 되지만 가지가 양념을 금방 흡수하기 때문에한번에 양념을 넣어버리면 가지에 양념이 골고루 베지 않을 것 같아요.이렇게 가지를 썰고 굽고 양념만 만들어 무치면 되니 불 앞에서 요리할 필요도 없고시간도 얼마 걸리지 않아 만들기도 굉장히 편리한 야채반찬입니다!!이렇게 다 만든 가지는 반찬통에 담아 깨를 솔솔 뿌려줬어요.마지막에 파를 썰어 넣는 걸 깜빡했지만 이대로 먹어도 맛있었습니다!!​특히 가지는 6월부터 수확되기 시작하는 여름 제철음식이라 저렴한 데다가가지 하나로 만들 수 있는 반찬이라서 더욱 편리한것 같아요!!에어프라이어에 가지를 한번 구움으로서 꼬들꼬들 쫄깃한 식감을 느낄수 있어서가지의 물컹거리는 식감을 싫어하시는 분들도 편하게 먹을 수 있고가지무침 특유의 담백 짭조름한 맛도 너무너무 좋아요!!​사실 거창하게 쓰긴 했지만 만드는 과정이 어렵지 않아요리  초보분들이나 자취생 분들은 물론이고 더운 여름에 간단하게 만들기 좋은간단 반찬으로 에어프라이어 가지 무침 강력 추천해요!!이간느트니 | 저는견깅한리뷰문회를 만들기 위한그린리뷰껄피인에
트새13|          참여하고 있습니다.
07020

 
",15,0,1,344,30,0,898.2,104,suspect,2019. 6. 13. 14:35,3997,4424658,상품리뷰,"['에어프라이기 활용도가 정말 다양한 것 같아요.저도 하나 사고시푼데 ㅠㅠ', '안녕하세요^^ 포스팅 수고하셨습니다! 잘보고갑니당', '가지가노페물 배출에도최고라는데 오늘 저녁반찬도전해봐야겠어용ㅎ', '방문인사 공감꾸욱 ㅡ하고 갑니다♡소소한 행복 가득한:: 목요일 오후:: 되세요~!', '진짜 에어프라이기로는 못하는 음식이 없네요 ㅋㅋㅋㅋㅋㅋ', '오늘도 포스팅 잘 보고 갑니다☻  목요일 오후 좋은 시간 보내세요:)~', '좋은 글 잘 보고 갑니다 좋은 하루 되세요♡.♡', '에어프라이어로 가지무침을 할수있다니생각도 못한 메뉴네요 ㅎㅎ', '에어프라이어로 가지무침도 가능하네요~!가지 엄청 좋아하는데! 반찬으로 먹으면 또 엄청 맛있죠~', '글 잘보고가요^^~ 공감 누르고 갑니당!', '에어 프라이어 가지 무침은 처음 보아요!! 조만간 해봐야 겠네요♡', '가지 정말 좋아하는데 요렇게 요리하면 시감도 달라서 색다른 맛일 것 같아요~ 맛있는 레시피 잘 보고 갑니다^^', '오늘 하루도 고생 많으셨습니다!!정성 가득한 포스팅 잘 보고갑니다 ^^♥', '우오.. 에어프라이어가 있으니 정말 많은걸 하시네요 ㅎㅎ 부러워요!', '간만이에요~~', '에어프라이어가 가지요리에도 잘 쓸 수 있네요좋은 정보 고맙습니다', '안녕하세요 Ruv D Sharp님\n\n여기저기 둘러보다가 덕분에\n기분 좋은 포스팅 잘 보고 갑니다.\n\n다음에 또 구경하고 소통하러 올게요~\n기분 좋은 하루 되세요!!', '오 가지요리까지..!저는 가지를 싫어하니 구경만해야겠네요ㅎㅎ', 'ㅋㅋㅋ가지는 호불호가 많이 갈리는 음식이지요!!제 남친도 가지 싫어했는데 어향가지 먹고나서 맨날 먹으러가자고 ^^;;', '우와와~요리고수이셨군요!!가지를 에어프라이기에...꼭 해보겠어요!!불금~즐거운 하루 보내세요~^^', '에어프라이어가 만능이네요~ ^^ 즐거운 주말 보내세요~^^', '한번해봐야겠네요 좋은정보 잘 보고갑니다']"
8,https://blog.naver.com/shop2930?Redirect=Log&logNo=221549474624,"저번에 이어서 에어프라이어로 만들어본 요리 중 하나인 두부튀김!!​사실 데이트할 때 가정식을 주로 찾아 먹다 보니일본식 두부튀김, 아게다시도후를 먹곤 했는데 그게 너무너무 맛있어서에어프라이어가 있기 전부터 정말 만들어보고 싶었던 음식.​특히 일반 튀김기로 만들기엔 기름이 튀는 게 번거롭기도 하지만기름도 많이 먹고 칼로리도 높아져서 에어프라이어로 만들어보고 싶었는데이번에 리빙앤 대용량 에어프라이어로 두부튀김을 만들어보았다!!사실 두부가 다이어트 음식이다 보니 튀김가루나 녹말 등을 사용하지 않기도 하는데에어프라이어 자체가 튀김기라기보다는 오븐 같은 역할이 강해서이런 가루 없이 조리하게 되면 두부 구이 같은 느낌이 더 강하게 조리된다.​나 같은 경우에는 집에 남아있는 튀김가루가 있어서 튀김가루를 사용했는데튀김가루가 아니더라도 밀가루, 부침가루, 녹말 등등 취향에 맞게 선택하면 된다.먼저 두부를 한입에 먹기 좋은 크기로 썬 뒤에키친타울을 바닥에 깔고 두부를 올린 뒤, 소금과 후추를 살짝 뿌린다.​이렇게 되면 두부에 있는 수분이 빠지면서 두부가 좀 더 단단해지고동시에 소금과 후추가 스며들면서 두부에 간이 된다는 사실!그런 뒤 봉지에 튀김 가루, 혹은 녹말가루 등을 적당량 넣어주고두부에 있는 물기를 키친타울로 닦아 봉지 안에 넣는다.​이 상태에서 봉지 입구 부분을 손으로 꽉 잡고 두부에 가루가 골고루 묻도록 흔들어 준다!!종이호일을 바닥에 깔고 두부를 골고루 놓은 뒤 올리브오일을 취향껏 뿌려준다.​여기서 두부가 서로 겹치게 되면 그 부분이 잘 익지 않기도 하고 서로 달라붙기 때문에 반드시 서로 겹치지 않도록 놓아주는 것이 중요하다.나는 예열 없이 190도에서 15분 정도 조리해주었는데두부 양에 따라서 취향껏 조리시간을 조절해주는 것도 좋을 듯하다!!10분 정도 지난 뒤 바스켓을 열어봤는데, 골고루 잘 익은 것을 볼 수 있다.​이 상태에서 사이드에 있는 두부튀김이 골고루 익을 수 있도록바스켓 내 두부튀김을 한 번 흔들어준 뒤 나머지 5분을 마저 조리해주었다.짜잔!! 두부튀김 완성~​나는 튀김가루만 묻혀서 그렇게 바삭바삭하진 않았지만여기에 진짜 계란물이랑 빵가루까지 묻히면 겉바속촉한 두부튀김!!후라이팬으로 두부를 구우려고 하면 하나하나 부쳐야 되는 데다가기름도 은근히 많이 먹고 힘든데 에어프라이어로 간편하게 만들 수 있어서 넘나 좋았다.​당연히 에어프라이어로 조리할 때 자체에서 나오는 열기를 무시할 수는 없지만불앞에서 땀 뻘뻘 흘리면서 조리하는 것보다 훨씬 덜 덥고두부 하나하나 뒤집을 때 기름 튀는 것도 없어서 뒤처리도 훨씬 깔끔!!나는 칠리소스와 함께 먹었는데 토마토케첩이랑 어린이 간식으로 줘도 좋고두부튀김이 담백하니 데리야끼 소스나 간장소스 등 다양한 소스와 잘 어울린다는 사실!!​그래서 간편한 안주나 다이어트 반찬으로 먹기에도 추천한다.이렇게 소스에 두부튀김을 콕 찍어 먹어도 좋고 소스를 발라 강정처럼 먹어도 맛있다.나는 발라먹는 게 더 골고루 양념이 배는 것 같아서 후자로 선택!!​근데 다 바르고 친구한테 사진 보내줬더니 친구가 처음 한 말이 깍두기냐고...나도 다시 보니까 진짜 깍두기 같아서 할 말이 없었는데 깨나 파슬리라도 조금 뿌릴걸그 당시에는 그냥 만들었다는 것 자체가 넘나 신나서 사진 찍기 바빴다.​혹시 소스 발라드시는 분들은 통깨나 땅콩분태, 하다못해 쪽파라도 조금 뿌려드시길....​이렇게 에어프라이어로 두부튀김을 만들어봤는데 갓 만들어서 촉촉 따끈한 데다가기름기가 적어 다이어트 식품으로, 혹은 건강 간식으로 좋은 두부튀김!!​특히 취향에 맞는 소스를 사용하여 다양하게 응용할 수 있기 때문에간단하게 만들 수 있는 밑반찬으로도 추천한다!!​▶ 쿠팡에서 두부 주문하기▶ 쿠팡에서 튀김가루 주문하기이간느트니 | 저는견깅한리뷰문회를 만들기 위한그린리뷰껄피인에
트새13|          참여하고 있습니다.
07020

 
",15,0,1,406,41,0,898.2,130,suspect,2019. 5. 29. 14:38,3997,4424658,상품리뷰,"['에어프라이기 신세계네요~~^^', '와ㅠㅠ 에어프라이기 제대로 이용하시네용..계란물에 빵가루까지 뭍혀서 만들어보고싶어요ㅠㅠ건강식인데 맥주랑 잘어울릴것같은느낌..흐흐..', '오늘도 좋은 정보 잘보고 갑니다. 홧팅!!!갑자기 더워진다고 하니 건강관리 잘 하세요^^', '훌륭한 간식이자 술안주가 될것 같네요 ㅎㅎ', '잘보고갑니다', '에어프라이기만 있으면 두부튀김도 저리 쉽게 되는 군요!!에어프라이기를 사야겠어요 ㅎㅎㅎㅎ포스팅 잘 보고 갑니다^^ 오늘 좋은 하루 되세요~!', '음식 만드는거 좋아하시나봐요.두부튀김이 정말 깍두긴가 했어요.ㅋ.잘 보고갑니다.', '두부강정좋아하는데 이제 에어프라이기로 편하게만들어봐야겠어용ㅎ', '요즘 두부가 많이 땡기긴해요.ㅠㅠ', '에어프라이어 되게 유용하게 쓰이는 곳이 많네요~튀김옷이 이쁘게 안붙여지는 건 있는데, 기름으로 안해도 되고 해서엄청 좋은거 같아요 ^^', '몸에도좋고 맛도좋은 두부튀김 이네요 ㅋㅋㅋ와이프한테 한번 해달라고해야지', '안녕하세요 포스팅 정독하고 왔습니다 오늘도 이렇게좋은정보 주셔서 감사해요 남은시간도 알차고 행복한 시간 보내시길 바래용 ㅎ', '에어 프라이어 완전 완소템이에요~ ㅎ좋은 포스팅 잘보고 갑니다 ^^ 날씨가 많이 더워졌어요~ 건강관리 잘하며 즐거운 하루 보내시길 바라게요 ^^', '공기 맑고 쾌적한 수요일 오후☺밤낮으로는 선선하지만 낮더위로 일교차가 큰 날씨네요^^에러프라이어로한 두부요리 잘보고 갑니다 ^^ 즐거운 수요일 보내세요~', '좋은 글 잘 보고 갑니다 좋은 저녁 되시길 바랍니다♡', '두부를 좋아하지않지만 먹는 저에게고 먹기 좋은 음식이겠어요~', '에어프라이어 활용 글 볼때 마다 넘 사고 싶어용 ㅠㅠ오늘 마무리 잘하시고 낼도 힘찬 하루 되세용>_<', '오 기름으로 튀긴게 아니어서 더욱 맛있겠어요', '두부 좋아하는 음식인데 거기에 튀김이라니...환상이네욯', '에어프라이어가 활용도가 정말 높네요 ㅎㅎ', '에어프라이로 두부튀김도 가능한줄은 몰랐어요 ㅎㅎ', '오홀~~ 이런 방법도 있군요.알면알수록 신통방통하네요.포스팅 잘 보고갑니다.', '헐 두부튐라니 ! 에어프라이기 사면 꼭 해먹어 봐야 겠어요! 어떤 맛잇지 꼭 먹어보고 싶네요 🤗🤗😊', '에어프라이기에 두부는 생각못해봤네요ㅎㅎ 괜찮을것같아서 나중에 한번 도전해봐야겠어요.^^', '정말 깍두기같이 생겼어용ㅋㅋㅋㅋ 그래서 더 먹음직스러워용ㅎㅎ', '개인적으로 두부부침 좋아하는데 이렇게 해먹는 것도 편리하고 맛있을 거 같아요 ㅎ', '앗!! 에어프라이로~ 요로코롬 사용도 가능하다니, 저도 해봐야겠어요 ㅋ', '에어프라이어로 두부튀김도 가능하군요저도 한번 해봐야겠습니다 ㅎㅎ', 'ㅋㅋㅋ 깍두기 같네요 진짜 ㅋㅋ 근데 그럼에도 맛있어보이는....', '두부튀김 진짜 맛있는데 한 번 해봐야겠어요 ㅋㅋㅋ', '오오 두부튀김을 에어프라이기로 간편하게 할 수 있다니!!!ㅎㅎ레시피 하나 배워가네요><', '에어프라이기 완전 좋아하는데 ㅎㅎ 이번 주말에 한번 해봐야겠어요 ~', '호곡!! 좋은방법이예요^^♥ 짱짱!!', '오마나 완전 신기여!! 당장 해바야겠습니다 ㅎㅎ', '아.두부도 에어프라이로 해볼수 있겠네요', '두부 좋아하는데 이 레시피대로 만들어봐야겠어요ㅋㅋ']"
9,https://blog.naver.com/shop2930?Redirect=Log&logNo=221545699380,"저번에 에어프라이어 후기를 작성하면서 두부 튀김과 닭가슴살 파피요트를 만들었는데내용이 너무 길어질 것 같아 이번에 자세한 레시피를 가져와보았다!!​먼저 파피요트는 생선이나 고기를 유산지에 싸서 오븐에 굽는 지중해식 찜 요리로,꼭 유산지가 아니더라도 호일이나 은박지 등을 이용할 수 있다.​무엇보다 파피요트의 장점 중 하나는 뒤처리가 번거로운 찜 요리를편리하게 만들 만들 수 있는 데다가 뒤처리가 깔끔하고 보기에도 이쁘다는 사실.먼저 닭가슴살의 힘줄을 제거한 뒤에 소금, 후추를 뿌려 밑간을 한다.​닭가슴살을 재워두는 동안 나머지 식재료를 손질했는데 파피요트가 해외 요리다 보니레몬이나 그린빈스, 아스파라거스, 파프리카 같은 식재료가 주로 사용된다.​하지만 딱히 재료의 제한은 없기 때문에 양파, 애호박, 당근, 마늘, 팽이버섯 등 냉장고에 남아있는 식재료만으로 가볍게 만들어 보았다.먼저 유산지를 넓게 피고 바닥에 양파를 깐 뒤 밑간 한 닭가슴살을 올려준다.​실수했던 부분 중 하나가 닭가슴살에 칼집을 내줘야 했는데그걸 까먹고 그냥 올리는 바람에 닭가슴살이 익는 데 조금 오래 걸렸다.그 위에 손질해 둔 애호박, 당근, 마늘을 올려주면 되는데주의할 점은 닭가슴살 파피요트를 만들 때 단일 색상을 사용하기보다는방울토마토, 파프리카, 피망과 같이 다양한 색상의 식재료를 사용해야 이쁘게 나온다.그리고 마지막으로 취향의 허브와 후추를 전체적으로 솔솔 뿌리고을리브유를 한 바퀴 둘러주면 끝!!​닭가슴살 이외에도 연어, 농어, 우럭 같은 생선을 사용해도 되고조개나 새우 오징어 등을 다양하게 넣어 해산물 파피요트로 만들어도 좋다.이렇게 층층이 쌓은 밑재료 위에 다시 한 번 종이호일을 깔아준 뒤에가장자리를 말아 완전히 밀봉함으로써 식재료 내 수분이나 육즙이 빠져나가지 않는다.​대신 닭가슴살 파피요트가 따로 수분을 사용하여 찌는 방식이 아니라,재료 본연의 수분과 향을 가두어 만드는 찜 요리이기 때문에 재료의 신선도가 중요하다.요렇게 에어프라이어에 닭가슴살 파피요트를 넣어 조리하면 되는데오븐이 아니더라도 나처럼 에어프라이어로 조리해도 되고적은 양을 만들 때에는 전자레인지를 사용해도 되는 간단한 요리이다!!처음에 190도에서 30분 정도 돌렸는데 덜 익어서 200도에서 10분 추가해서 구워주었다.​식재료의 양에 따라 달라지겠지만 파피요트 특성상 다시 굽기 힘들기 때문에가능하면 처음부터 넉넉히 조리해주는 것을 추천한다.짜잔!! 에어프라이어 닭가슴살 파피요트 완성!!​위에서도 한번 언급했지만 다양한 야채를 사용할수록 결과가 이쁘게 나오기 때문에냉장고 냉동실에 남아있는 야채를 팍팍 넣어주는 것이 좋다!!다양한 식재료를 한 번에 조리할 수 있어서 편리할 뿐 아니라식재료만 손질하면 따로 볶거나 저어줄 필요 없어서 만들기도 편리한 요리이다.​게다가 모양도 이쁘니 손님 접대할 때에 내어놓기도 좋은 닭가슴살 파피요트!!다이어트하시는 분은 따로 소스를 넣지 않고 그대로 먹어도 되는데에어프라이어 넣기 전 닭가슴살 파피요트에 소금으로 간을 좀 더 해주는 것이 좋다!!​아니면 취향껏 소스를 곁들여 먹으면 맛있는 한 끼로 손색이 없다는 사실!!무엇보다 닭가슴살 자체가 굉장히 퍽퍽한 살인데 자체 육즙과 수분을 사용해 쪄서육즙이 야채와 고기 사이사이에 촉촉이 베어 있어 부드럽다.​찜 요리는 찜기, 냄비 등 여러 조리도구가 필요하고 뒤처리가 번거로운데에어프라이어 닭가슴살 파피요트는 찐 요리를 덜어낸 뒤 종이호일을 버리기만 하면 끝!!​설거지거리도 없고 뒤처리까지 굉장히 깔끔해서 자취 요리로 완전 강력 추천한다!!​게다가 냉장고와 냉동실에 남은 야채를 빠르게 처리할 수 있어 냉장고 파먹기 요리로도 좋고에어프라이어로 간편하게 만들 수 있는 닭가슴살 다이어트 요리로도 추천한다.이간느트니 | 저는견깅한리뷰문회를 만들기 위한그린리뷰껄피인에
트새13|          참여하고 있습니다.
07020

 
",14,0,1,398,21,0,898.4,115,suspect,2019. 5. 25. 20:50,3997,4424659,상품리뷰,"['오~호!! 비쥬얼 괜찮은데용?!ㅎㅎㅎ 집에 에어프라이기 있는데 저도 한번 해먹어봐야겠어용!!!', '역시 에어프라이기는 만능이군요...짱 !!', '에어프라이어 우리집에 있는데 한 번 해먹어봐야겠어요ㅎㅎ', '에어프라이어와 종이호일만 있으면 요리 무적이 되는것같아여 ㅎㅎ 닭가슴살의 육즙이 날라가지않아서 촉촉하게 먹을수있겠어여', '정말 건강해질것 같은 음식이네요 에어프라이어로 하니 간단해 보이기도 하고굿이에요~^^', '닭가슴살 퍽퍽해서 별로 안좋아하는데! 이렇게 먹으면 촉촉하게 먹을 수 있을 거 같아요😆✨', '파피요트 건강한 요리법이네요. 생선으로파피요트 해먹으면 너무 맛있을거 같아요.', ""안녕하세요 Ruv D Sharp님 :)\n \n블로그에 좋은 포스팅이 많네요!\n \n함께 소통하면 좋겠습니다ღ'ᴗ'ღ\n \n서이추 신청하구 갈게요! 받아주세요♥\n \n공감은 덤 :)"", '오~ 먹음직스러워요~!!', '나름 고급스럽네요. 맛있을 거 같아요 ㅎㅎ', '다이어트 시작하려했는데! 꿀팁 감사해요', 'ㅎㅎ잘 봤습니다~일요일이네요~좋은 주말 되세요^^', '조리과정이 간단하면서도 보기에도 예쁘고 색조합이 진짜 군침돌게하네요!bb 요런 메뉴가 따로 있는지 몰랐는데 덕분에 새로 배웠습니당 ㅎㅎ', 'ㅎㅎㅎ 저는 어제 삼겹살을 넣어놓고 먹었어요!확실히 구워먹을 때 맛과는 다르지만, 편리하고 냄새덜나고 넣어놓고 기다리기만 하면 되는 점들이 좋은 것 같아요. ㅎㅎ좋은 주말 되세요.', '종이호일로 저렇게 싸서 요리하면 건조해지지 않고 좋겠네요~ 꿀팁 배우고 갑니다!', '유산지가 종이 호일 말씀  하시는것 맞으시죠?', '정확히는 다르긴하지만 유산지랑 종이호일 둘다 사용가능해요저는 종이호일 사용했구요, 사용전에 바닥에 종이호일한장 더 깔아주는게 좋아요종이호일이 너무얇으면 육즙때문에 터질수도있어욥ㅎㅎ']"
10,https://blog.naver.com/shop2930?Redirect=Log&logNo=221542051167,"요즘 집안에 에어프라이어가 없는 사람이 없을 정도로 에어프라이어가 인기다.​나도 자취 요리를 하면서 종종 레시피를 찾아보곤 하는데그럴 때마다 에어프라이어를 사용한 요리를 보면 진짜 너무너무 부러웠는데​개봉기와 사용기 2가지로 나누어 리뷰를 진행하고 싶었을 정도로개인적으로 너무너무 갖고 싶었던 주방기구였다.​그러다 최근 여러모로 다양한 에어프라이어 조리법이 나오는 데다가만들어보고 싶은 레시피가 있어 이번에 장만해 본 리빙앤 대용량 에어프라이어!!먼저 리빙앤 디지털 에어프라이어는 5.6L의 대용량 에어프라이어로많은 양의 요리를 한 번에 할 수 있어 4인 가족분들뿐 아니라나처럼 자취생분들도 밑반찬 하기 너무 좋다는 사실!!​사실 에어프라이어를 장만하기 전에 여기저기서 찾아보고 후기도 살펴봤지만에어프라이어는 대용량 에어프라이어 추천을 많이 받아서 그런지처음부터 5L가 넘어가는 대용량 위주로 보았던 것 같다.거기에 조금 더 살펴보자면 디지털 원터치 조작과 7가지 자동조리 모드, 그리고 바스켓이 분리형으로 디어 세척이 간편하고 지방 섭취를 줄여준다는 사실!!​무엇보다 리빙앤 대용량 에어프라이어는 KC 인증을 받은 안전한 제품으로서대형마트에도 납품할 정도로 안전하고 무상 1년 A/S까지 제공하여 안심하고 사용할 수 있다!!그리고 또 하나 알아야 할 부분 중 하나는 사용 도중에 전원을 끄거나 예약시간 완료 후에어프라이어가 바로 꺼지는 것이 아니라 20초간 팬이 동작하면서내부에 있는 열기를 제거 후에 전원이 꺼진다고 한다.상자를 개봉해보면 스티로폼을 사용하여 에어프라이어를 감쌈으로써파손이나 흠집 없이 안전하게 배송받아볼 수 있다.물론 나처럼 에어프라이어 앓이를 해서 레시피를 열심히 찾아보신 분들도 있겠지만에어프라이어를 처음 접하신 분들을 위해서 레시피북과 사용설명서가무슨 요리를 해야 할지 낯선 분들도 간편하게 에어프라이어를 사용할 수 있다!!짜잔!! 밥솥 옆쪽에 에어프라이어를 놓았는데 굉장히 깔끔한 디자인이라서어디에나 잘 어울리는 데다가 동글동글하니 귀여운 디자인.먼저 리빙앤 대용량 에어프라이어 바스켓 부분을 처음 열어보면에어프라이어에 사용할 수 있는 실리콘 브러쉬와 쿠킹용 집게가 동봉되어 있다.​일반적으로 에어프라이어를 쓰게 되면 가볍게 기름을 바르거나에어프라이어에 고기를 굽곤 하는데 이렇게 센스 있게 동봉되어 있어서 대만족!!​여담으로 너무 흥분해서 이걸 까먹고 다이소에서 실리콘 붓을 따로 샀다는 것... (바보다)위 영상을 보면 에어프라이어 바스켓에서 상단 튀김 통을 분리하는 것을 볼 수 있는데손잡이 분리 버튼 커버를 밀어준 뒤 버튼 커버 아래쪽의 단추를 눌러준다.영상에서 잘 안 보여서 따로 찍었는데 이렇게 분리 버튼 커버를 민 상태에서버튼을 눌러 손잡이를 올리면 간편하게 바스켓이 분리되고덕분에 기름 제거가 쉬울 뿐 아니라 간편하게 세척할 수 있어 위생적이다.또한 최대 200도의 5중 열선과 고속 열풍으로 열선의 열기를 빠르게 순환시켜강력하게 열을 전달하여 식재료 본연의 기름만으로 풍미를 살려주고저온부터 고온까지 폭넓은 온도 설정이 가능하다.그런데 리빙앤 디지털 에어프라이어는 5.6L로 대용량으로거름망 바스켓 기준 가로 23, 세로 24 높이 11.5cm의 크기인 데다가작은 닭 기준 2마리, 큰 닭 1마리가 통째로 들어갈 정도의 넉넉한 사이즈이다.​특히 기름 없이 공기로만 익힘으로써 일반 튀김보다 최대 82% 지방량이 낮고삼겹살이나 닭다리처럼 지방량이 많은 고기 부위도 기름기를 쫙 빼준다.그리고 고온으로 작동하는 에어프라이어가 뜨거운 상태로 오랫동안 있다 보면아무래도 전자기기다 보니 불안한데 리빙앤 대용량 에어프라이어는 효율적인 냉각을 위해후면 공기 배출구가 있어 적정한 온도조절과 과열을 방지해준다.전원을 연결하면 이렇게 버튼이 활성화되는데간편한 디지털 원터치 버튼으로 손쉽게 에어프라이어를 조작할 수 있다.디지털 스마트 터치패널을 살펴보면 가운데의 전원 버튼과좌우 양옆의 시간 설정 증가/감소, 메뉴 선택 버튼, 온도 설정 감소/증가총 5가지 버튼으로 설정이 가능한 데다가 직관적으로 온도와 시간을 확인할 수 있다.​게다가 상단에 요리 재료에 따른 조리시간이나 온도가 명시되어 있어레시피를 찾아보지 않더라도 간편하게 에어프라이어를 사용할 수 있다는 사실!!위 영상을 보면 시간 설정 버튼과 온도 설정 버튼을 사용하여0분에서 30분, 80도에서 200도까지 다양한 온도와 시간을 설정할 수 있다.​이렇게 시간과 온도를 설정한 뒤에 전원 버튼을 누르면 조리가 시작된다는 사실!!거기에 가운데 메뉴 버튼을 눌러 자동조리 모드를 설정할 수 있는데왼쪽부터 감자튀김, 바베큐구이, 새우튀김, 빵/케익, 닭튀김, 스테이크 그리고 생선구이까지총 7가지 자동 조리 모드를 설정하여 디지털 에어프라이어로 요리할 수 있다.그리고 에어프라이어 사용 중에 바스켓을 꺼내 흔들어줘야 하는데리빙앤 대용량 에어프라이어의 바스켓이 분리되면 자동으로 전원을 차단함으로써호기심이 많은 어린이가 있는 가정집에서도 안전하게 사용할 수 있다.만들어보고 싶은 레시피는 많지만 처음이라서 테스트용으로다이어트 선식과 우유, 계란을 사용하여 다이어트 빵을 만들어 보았다!!​그래서 원래는 계란 흰자로 머랭도 치고 농도 조절도 해야 되는데선식 100g, 계란 2개, 우유 100ml를 한방에 섞어서 에어프라이어에 돌려보았다.대용량 에어프라이어에 집에서 사용하는 유리용기를 넣어봤는데가로부터 세로까지 길이가 굉장히 널찍해서 2개는 충분히 들어갈 정도의 크기!!​추가적으로 일반 유리용기가 아니라 내열용기를 사용해주어야 한다.먼저 유산지를 바닥에 깔아주거나 용기 바닥면에 살짝 기름칠을 해주고아까 섞어둔 빵을 그냥 넣어 윗면을 평평하게 펴주면 끝!!​이렇게 만들게 되면 뽀득뽀득한 식감이 느껴지기 때문에포슬포슬 빵 같은 식감을 느끼고 싶으신 분들은 노른자와 우유를 선식과 섞은 뒤흰자는 머랭을 쳐서 섞어주고 견과류나 건과일 등을 넣어주는 것도 좋다.나는 가장 먼저 가운데 있는 제빵 모드로 돌려보았다!!​제빵 모드는 160도에 30분 정도 돌려주는 레시피인데들어가는 양에 따라서 적당히 온도/시간 조절을 해주는 것이 좋을 듯하다.그렇게 완성된 다이어트 빵..​사실 윗면이 조금 타긴 했지만 냉동해놓고 입 심심할 때 간식으로 먹기도 좋고테스트용으로 처음 만든 것치고는 꽤 만족스러운 결과.두 번째로는 두부 한 모와 튀김가루를 섞은 뒤 에어프라이어에 돌려보았다.​솔직히 나 같은 경우에 일인 가구인데 큰 에어프라이어가 필요할까 싶었는데에어프라이어를 사용할 때 음식물이 겹치지 않게 놓아야 하다 보니정말 통고기 구이에 사용할 때가 아니라면 대용량 에어프라이어 추천하고 싶다.바닥에 종이호일을 깔고 190도 15분으로 에어프라이어에 조리해봤다.​이렇게 중간에 한번 열어보니까 노릇노릇 두부튀김이 보기 좋게 익어있었는데이 상태에서 한번 휘릭 흔들어준 다음에 마저 돌려보았다.짜잔!!​개인적으로 두부를 좋아하기도 하고 음식점에서 아게다시도후가 너무 맛있어서에어프라이어를 사면 꼭 해먹어 봐야지 다짐했었던 음식 중 하나인데아니나 다를까 겉은 바삭 속은 촉촉하니 너무너무 존맛탱..​여기에 칠리소스나 토마토캐찹 등을 곁들여 먹으면어린아이 건강 간식으로도 좋고 간단 술안주로 먹기도 좋을 것 같다!!마지막으로는 닭가슴살 파피요트!!​사실 연어를 준비해 보려고 했으나 집에 식재료가 너무 많이 남아 있어서냉장고 파먹기도 할 겸 닭가슴살 파피요트를 만들어보았다.​저기 들어간 총 재료가 애호박 반개, 양파 한 개, 당근 반개, 팽이버섯 조금그리고 닭가슴살 3덩어리, 마늘 5쪽에  취향의 허브와 올리브오일 조금 이렇게 넣었다.솔직히 이게 에어프라이어에 다 들어갈까 싶었는데오히려 자리가 남아서 닭가슴살 4덩어리를 넣었어도 됐을 것 같다.​여기서 또 하나 대용량 에어프라이어의 장점을 발견했는데일반적으로 작은 에어프라이어는 바스켓의 높이가 낮아 종이호일이 위에 있으면종이호일이 상단의 열선에 닿으면서 불이 날 위험도 있다고 한다.​그런데 리빙앤 디지털 에어프라이어는 깊이가 깊어서 음식을 넣었을 때충분히 여유가 있어 안전하게 음식을 요리할 수 있다!!짜잔!! 닭가슴살 파피요트 완성!!200도로 30~40분 정도 재료 양에 따라 적당하게 시간 조절을 해주시면 될 것 같다.​이런 식으로 찜 요리를 하게 되면 재료 자체의 수분이 날아가지 않아서육즙이 그대로 살아있으면서도 촉촉하고 부드러운 찜 요리까지 가능하다는 것!!이렇게 제빵, 튀김요리 그리고 파피요트까지 다양하게 에어프라이어를 사용해봤는데위에서 언급한 레시피는 추후에 조금 더 자세하게 업로드할 예정이다!!​예전에는 에어프라이어가 감자튀김이나 김말이 튀김, 너겟처럼튀김 위주의 음식을 조리할 때나 사용한다고 생각해서 별로라고 생각했는데요즘 레시피를 보면 튀김은 물론이고 구이, 베이킹, 심지어 국까지 다양한 요리에 응용된다.​개인적으로 그동안 여러 가지 자취 요리를 만들다 보니 아쉬운 부분이 많았는데실제로 이용해보니까 진짜 에어프라이어가 있으면 요리가 너무너무 편리해진다는 것을 느꼈다.​▶대용량 에어프라이어 보러가기▶ 쿠팡은 좀더 저렴해요​이렇게 리빙앤 디지털 대용량 에어프라이어 후기를 마쳤는데관심 있으신 분들은 상단의 링크를 통해 좀 더 자세한 정보와 후기를 살펴볼 수 있다!!​무엇보다 주위에서 사용하시는 분들 이야기를 들어보면 에어프라이어를 사용하고 나서확실히 외식이나 배달음식을 주문하는 횟수가 현저히 줄었다고 하니평소 배달음식을 많이 시켜드시는 분들이나 튀김음식 좋아하시는 분들께 강추!!​거기에 이번 주 금요일에 날씨가 30도를 찍는다고 할 정도로 급격히 더워지는데이런 날씨에 더운 불앞에서 힘들게 조리하는 것이 아니라에어프라이어로 간편하고 건강하게 요리를 만들어보시는 것도 좋을 듯하다.이간느트니 | 저는견깅한리뷰문회를 만들기 위한그린리뷰껄피인에
트새13|          참여하고 있습니다.
07020

 
",31,0,1,1001,41,4,898.6,126,text_ad,2019. 5. 20. 22:20,3997,4424660,상품리뷰,"['용량도 크고 디자인도 예쁘네요~^^', '저희집에도 있는데 좋더라고요!ㅎㅎ', '다양한 요리들이가능하네요!! 두부 진짜 좋아하는데 한번 해봐야겠어요^^', '사진에 동영상까지 설명이 참 잘되어 있습니다. 포스팅 잘보고 갑니다.', '에어프라이기가 없는집이 없네요 간단하게 만들어두 일품요리가 나오네요', '비온뒤라 더욱 상큼하고 청명하네요여유롭고 편안한 저녁시간되세요^^', '다양한 조리가 가능한 기기군요. 제빵은 놀랍네요 ㅎ', '저도 에어프라이어 사기 전까지 이걸 진짜 쓸수 있을까..했는데 사고 나니 간단한 요리가 가능해서 놀랬어요^^좋은정보 잘 보고 가용♡ 즐거운 하루 보내세요', '으아 ㅠㅜ 에어프라이기는 진짜 만능인거 같아요!! 대박!!', '에어프라이 정말 좋아요!!! 뭐든지 해먹을 수 있다는 장점이 좋은거같아요', '저도잘쓰구있어요 ㅋㅋ', '넉넉한 용량으로 잘 사셨네용!! ㅎㅎ저도 작은거 쓰다가 답답해서 5리터 짜리로 다시 샀어용 ㅎ', '오~ 터치식 에어프라이어 브럽네요 ㅎㅎ', '아 에어프라이기 지금 살까 말까 고민중이였는데당장 사야겠네요!!', '에어프라이어 만능인 것 같아요 ~~ 하지만 저는 아직 없는데 구매해야겠어요 ㅎㅎ', '에어프라이어에 고기 구워먹으면 기름 쫙 빠지고 좋더라고요~', '오오 에어프라이어로 제빵까지 가능하다니! 금손이세요 ㅋㅋㅋㅋㅋㅋ', '에어프라이어 사고싶다고 생각 했는데 아직도 저희집에 에어프라이어가 없네요 ㅠㅠ제빵도 가능하다니 진짜 넘 맛있겠네요!!', '에어프라이어 만능요리기죠아주 작동도 간단하고 청소하기도 좋네요레시피 몇 개도 잘 보고 갑니다아름답고 행복한 화요일되세요^^', '에어프라이어 저희 집에도 똑같은거있어요 굿', '저도 하나 구매해야하는데역시큰게 좋겟죠??😍😍', '저도 이거 하나장만하려고하는데!!! 좋은 정보 공유 감사합니다!!! 오늘하루 마무리 잘하세요!!!', '오호 좋네요.. 잘 봣습니다', '블로그 잘 구경하고 갑니다ㅎㅎ', '안그래도 저희집 에어프라이어 작은데..이거로 바꿔야하나ㅜㅜ귀얇은저는 또 팔랑팔랑합니다!ㅜㅜ', '포스팅 잘봤습니다.정성을 많이 들이셨겠어요블러그 도장 쾅쾅 찍어요.오늘도 화이팅입니다.', '에이프라이기 살까말까 고민중.....정보 잘보고 갑니다 .', '이거는 진짜 사야하나 말아야하나가 계속 고민인거같아요ㅎㅎ', '대박 ㅎㅎㅎㅎㅎㅎ 아무생각없다가 포스팅보고 와, 하나 사야하나 훅 생각했어요 ㅋㅋㅋ', '남들 다 있는 에어프라이어 저희집에 없어요 ㅠㅠ근데 주변에서 너무 다양하게 해먹을수 있어서 좋다고 강력추천하네요조만간 사려고 합니다 !ㅎㅎㅎ', '조금한거샀더니 어휴 답답해서  돈까스도못해먹어유', '유익한 정보 얻고가요~^^ 에어프라이어 하나 장만 해야겠어요^^!', '에어프라이어 사면 진정한 돼지가될것 같아참고있는데 ..탐나네요 ㅠㅠ', '저의집에 있는것보다 더좋아보이네요~', '호오오 생각해보니 에어프라이기가 튀김기가아니라 오븐이라고 들었어요 그러니 제빵이 되는게 당연한건데워낙 튀김, 구이 하는 건 많이봤어도 제빵하는건 처음봐서 새롭네요 홓...! 먹어보고 싶어요bb', '에어프라이어 정말,, 살까말까 하다가 아직도 못샀는데 역시! 사야겠어요,,❗️❗️❗️', '역시 에어프라이어는 사랑이죠 >_<에어프라이어 있기 전 과 후는 정말 다른거같아요~']"
11,https://blog.naver.com/shop2930?Redirect=Log&logNo=221531316947,"꿀같은 3일 연속 연휴가 지나고 남은 5월 동안은 휴일이 없는데이런 아쉬움을 달래고자 이번 달 13일에도 비공샵에서 비공데이를 진행한다!!​비공데이는 비공샵의 B를 따서 매달 13일에 진행하는 한정 수량 특가 이벤트로써13원, 130원, 1,300원 3가지 가격으로 구성된 특가 상품을 구매할 수 있다!!아직도 에어프라이어 없는 사람 나야 나!​저번 달에는 공기청정기나 에코백 같은 나들이 상품으로 구성된 반면이번 달에는 에어프라이어, 미니 선풍기, 자전거 거치대 등다양한 상품으로 특가 상품이 구성되어 있다.​또한 한 번에 진행하는 것이 아니라 오후 3시, 5시, 7시총 3번에 걸쳐 특가 상품이 열리고 한정 상품이기 때문에 스피드가 생명이다!!가장 먼저 오후 3시에 퀸 메이드 라이트 에어프라이어를 1,300원그리고 EMS 저주파 목 안마기를 130원, 매직폼 브러쉬를 13원에 판매하고 있다.오후 5시에도 역시 퀸 메이드 라이트 에어프라이어를 1,300원그리고 헬드 싸이클론 진공청소기를 130원, 자전거 거치대를 13원에 판매하고 있다.마지막으로 오후 5시에 퀸 메이드 라이트 에어프라이어를 1,300원그리고 휴대용 미니 선풍기를 130원, 소프트 젤리케이스를 13원에 판매한다는 사실!!​개인적으로 놀랐던 부분은 특가라고 저렴한 상품만 내세운 것이 아니라에어프라이어부터 시작해서 진공청소기나 목 안마기같이실용적으로 사용할 수 있는 상품도 특가 상품으로 구성되어있어서 좋았다.게다가 위에 언급한 비공데이 상품은 전부 무료로 배송받을 수 있고비공데이 상품은 비공샵 회원만 구매 가능하기 때문에아직 가입 못하신 분들은 상단의 링크로 미리 가입해 두셔도 좋을 듯하다!!그리고 6월, 비공데이에 비공샵에서 갖고 싶은 상품을이벤트 페이지 하단에 댓글로 적어주시면 댓글 작성해주신 모든 분들께문자로 10% 할인 쿠폰까지 제공하고 있다!!뿐만 아니라 면도기, 홈트레이너 필라테스, 슬픈 개구리 에코백부터불사조 끈끈이나 펫 케어 밤, 차홍 핸디 스타일러, 차량용 무선 충전 거치대 등등다양한 상품을 정가보다 저렴한 가격으로 판매하고 있다는 사실!!​개인적으로 예전에 출근길에 버스 정류장에서 슬픈 개구리 에코백 보고 너무 웃겼는데이번 달 비공데이 반짝 특가 상품에 떠서 이상하게 탐내고 있는 중이다.또한 5월 1일부터 31일까지 한 달 동안 가정의 달 GIFT 이벤트를 진행하고 있는데쿠폰 발급 후 3일 이내에 가정의 달 상품 10% 할인받을 수 있다.​거기에 출석체크하면 매일매일 적립금 50원을 지급하는 데다가일주일 연속 출석체크 시 500원을 추가로 받을 수 있어적립금과 쿠폰을 사용해 좀 더 저렴하게 상품을 구매할 수도 있다는 사실!!이렇게 비공샵 비공데이 이벤트에 대한 리뷰를 마쳤는데마지막으로 상단의 링크를 통해 비공데이 상품 목록을 확인해볼 수 있다.​나는 에어프라이어도 탐나지만 진공청소기나 미니 선풍기도 너무 탐나는 중!!모두들 다음 주 월요일, 비공데이에 득템하세요!!이간느트니 | 저는견깅한리뷰문회를 만들기 위한그린리뷰껄피인에
트새13|          참여하고 있습니다.
07020

 
",10,0,1,317,22,0,898.6,117,text_ad,2019. 5. 7. 10:32,3997,4424660,상품리뷰,"['에어프라이기 쓰고있는데 편하고 좋아용 그쥬~', '좋은정보 감사합니다^^', '오늘도 좋은정보감사합니다~^^긴 연휴가 끝이났네요.이번주도 화이팅하세요!', '오 좋은정보네요!!엄청 치열하겠어요ㅎㅎ', '와 ㅋㅋ좋은정보 감사해용~^^', '좋은정보 감사해요~', '오늘 포스팅도 너무 잘보고 갑니다^^ 연휴는 끝났지만 힘찬 하루 보내세용 이웃님^^', '가입먼저 하고 다음주에 득템해야겠어용!', '한주 화이팅 하세요!!', '필요한거있음 쿠폰이라도 받아야겠어요~포스팅 잘보고있어용~^^', '대박입니다 ㅎㅎ', '좋은하루 되세요 :)', '에어프라이기 좋아요', '으아 당장 회원가입하러 갑니당!! 슝~ 알람도 맞춰놔야겠어요 ㅋㅋ', ""글 구경하고 가요 ღ'ᴗ'ღ"", '저렴하지만 경쟁이 치열할 거 같아 포기합니다 ㅎㅎ', '읽다가 쭉쭉 다보고 갑니다.항상 방문해 주시고 정성 댓글까지 남겨주셔서 감사합니다.글 잘 보고 갑니다.', '아직도 에어프라이기 없는 사람 여기있습니다 손손✋✋ ㅋㅋㅋ', 'ㅋㅋㅋㅋ 완전 동감 흑흑 너무갖고싶어요 에어프라이어!!지금 완전 노리고있습니다  (ง •̀ù•́)ง✧', '공감가는 글이네요 Ruv D Sharp님 꾸우욱 눌러보아요~ 저도 방문해주세요', '비공데이..? 이거 무조건 공유해야겠네요..!에어프라이어 한대만 있으면 삶의 질이 달라지더라구요!']"
12,https://blog.naver.com/shop2930?Redirect=Log&logNo=221909842041,"안녕하세요! 루샵입니다.여러분 요즘 건강관리 잘하고 계시나요?​최근 또 벚꽃시즌이 되어 많은 분들이 벚꽃 나들이를 가는데요저는 올해는 벚꽃 구경하러 가지 않게 되더라고요.​물론 사회적 거리두기 실천도 있지만 또 제가 전파자가 될까 봐걱정스러운 마음도 있어서 외출을 자제하고 있어요.​그러던 중 친한 친구가 이번에 차를 장만해서 덕분에 드라이브로벚꽃 구경을 하니 답답했던 마음이 한결 풀어지더라구요.특히 봄철이 되면서 꽃가루나 황사, 미세먼지 때문에 걱정하는친구 선물로 자동차 공기청정기를 장만해봤어요!​짜잔! 제가 이번에 장만한 엠피온 N300 공기청정기입니다.상자를 개봉해보면 이렇게 본체와 논슬립매트 등이 있고각각 개별 포장되어 있는 데다가 발포지를 통해서완충효과를 더해 배송 중 파손 및 기스에 대한 걱정이 없어요.구성은 차량용 공기청정기 본체와 시가잭 케이블, 논슬립매트그리고 고정 벨트로 구성되어 있는 덕분에 대시보드, 팔걸이뿐 아니라헤드레스트 등 차량 어디에나 간편하게 착용할 수 있어요.엠피온 자동차 공기청정기를 보면 가운데 전원 버튼과동작 모드 약/강, 자동모드, 그리고 필터 교체 알림으로 구성돼있어요.​특히 가운데 전원 버튼 하나로 조작할 수 있으니 훨씬 편리하구요.상단 공기흡입구 커버를 제거하면 자동차 공기청정기 필터가 있는데필터의 포장 비닐이 있으니 꼭 제거 후 사용하셔야 해요.​그리고 공기흡입구 커버와 본체 사이에 자석이 있어서단단하게 고정되는 동시에 손으로 쉽게 탈착이 가능하다는 것!이 엠피온 공기청정기는 H13 등급의 헤파필터를 사용함으로써미세먼지나 오염된 공기를  99.97% 필터링한다는 사실!​특히 프리, 탈취, 진집 3중 필터 시스템을 사용하고필터 유해성 및 물질 안정성 검사를 통해서 6대 유해 물질이 모두검출되지 않았음을 인증해 안심하고 사용할 수 있구요또 2,300RPM의 강한 회전력의 서큘레이션을 사용하는 동시에효율적인 회전 구조로 설계된 공기청정기입니다.​거기에 팬을 따라 감싸는 듯한 회전 구조가 서큘레이션이회전할 때 소음을 흡수하여 아이가 있는 분들도 사용하기 좋구요.필터 교체 방법은 작동 중지 상태에서 공기흡입구 커버를 제거한 뒤오래된 필터를 제거하고 새 필터를 끼운 뒤에 커버를 다시장착하면 간단하게 필터를 교체할 수 있습니다.​또한 필터는 하루 2시간 사용 기준으로 약 6개월 정도사용하는 것을 권장하는데요 필터 교체 자동 알림 기능이 있어서신경 쓰지 않아도 교체 시기를  알 수 있다는 사실!본체 바닥 부분을 보면 11자로 압력 판이 잇는데요양 끝의 나사를 분리한 뒤에 고정 벨트를 제품과 압력판 사이에 놓고다시 나사를 고정함으로써 고정 벨트와 결합할 수 있어요.또한 뒷면에 시가잭 소켓과 전원 케이블을 연결하면 되는데요시가잭의 선이 굉장히 길어서 차량 앞면뿐 아니라팔걸이, 뒷좌석까지도 넉넉하게 선이 닿아서 편리했어요!​이렇게 논슬립매트 위쪽에 격자무늬가 있어서공기청정기를 올려놓았을 때 쉽게 미끄러지지 않고벨트와 함께 사용할 수도 있어 안정적으로 사용할 수 있어요.아! 그리고 제일 좋았던 부분 중 하나는 시동을 걸면차량용 공기청정기가 바로 켜지면서 공기 상태를 분석한 뒤2단계의 속도로 효율적으로 차 안의 공기를 정화해 준다는 점이에요.엠피온 차량용 공기청정기를 조작해봤는데요먼저 자동차 시동을 켜면 자동으로 작동되지만 꺼진 상태에서 전원 버튼을 눌러도 오토 모드로 공기청정기가 켜져요.​이후 전원 버튼을 누를 때마다 오토 모드, 약, 강 순서로모드가 전환되고 마지막으로 전원 버튼을 길게 누르면 꺼져요.특히 이렇게 전원이 연결돼있는 상태에서 분리돼있다면아무리 전원 버튼을 눌러도 작동되지 않아 안심하고 사용 가능하구요.​거기에 CADR, 즉 공기 정화율을 보면 소형차 기준으로차량 내 공기가 7분 안에 90% 이상 정화된 공기로 바뀐다는 사실!특히 친구 차가 새차다 보니까 특유의 새 차 냄새가 나는데친구가 냄새에 예민하다 보니 머리 아파하더라고요.​그렇다고 방향제를 사용하자니 오히려 더 해로울 수 있다고 하고환기를 시켜도 새 차 냄새가 쉽게 빠지지 않았는데 이번에엠피온 자동차 공기청정기 덕분에 훨씬 냄새가 덜하고 안심됐어요.또 내장 더스트 센서가 차량 공기 오염물질 농도를 감지하고이에 따라 전원 버튼에 파란색, 노란색, 빨간색 세 가지 색상으로표시돼 직관적으로 공기 정화 상태를 확인 가능해요.​이렇게 엠피온 자동차 공기청정기 후기를 마쳤는데요요즘은 미세먼지도 많고 꽃가루도 많이 날려서 공기청정기가필수템인것 같고 심지어 매연이 많은 차량에서는 말할 것도 없지요​특히 엠피온 차량용 공기청정기는 고급스러운 디자인과오토 모드부터 필터 교체 시기 알림, 공기 상태 확인까지 할 수 있어서남자친구, 부모님 선물로도 넘나 좋을 것 같습니다.​마지막으로 혹시 관심 있으신 분들은 하단 링크를 통해좀 더 자세한 정보와 후기를 확인할 수 있으니 한번 구경해보세요!​▶ 엠피온 자동차 공기청정기 구경하러 가기​이간느트니 | 저는견깅한리뷰문회를 만들기 위한그린리뷰껄피인에
트새13|          참여하고 있습니다.
07020

 
",15,0,2,532,9,2,898.8,56,suspect,2020. 4. 15. 18:14,3997,4424661,상품리뷰,"['자동차도 공기청정기가 있었군요! ㅎㅎ 재밌는 거 알아갑니다!', '', '오호 세련된 디자인이네요~~', '엄청 고급지네요', '미세먼지 심한날은 어딜가도 많아서 레알 필수인 거 같아요 ㅎㅎ', '전에 영업할때처럼 차를 많이 탄다면 무조건 샀겠네요잘 보고갑니다~', '오오...차량 공청기!!!저도 요즘 관심갖고 이것저것 둘러보고 있는데요.. 이건 다른 제품들과 달리 넓적하네요~~']"
13,https://blog.naver.com/shop2930?Redirect=Log&logNo=221843175360,"안녕하세요! 루샵입니다.​요즘 날씨도 따듯해지고 봄이 다가오면서여행을 가고 싶은 마음이 가득한데요 코로나19의 여파 때문에섣불리 나들이 계획을 짜지 못하는 것 같아요​그럼에도 불구하고 여러 가지 이유로 외출하시는 분들도 계실 텐데저희 부모님은 일 때문에 차량을 많이 끌고 다니세요.​그런데 최근 엄마 차에 있던 차량용공기청정기가 고장이 나서A/S를 받을까 하다가 마침 필터도 교체해야 하고이번에 겸사겸사 좀 더 좋은 공기청정기로 장만해봤습니다!저는 이번에 윈크라우드의 win20플러스를 장만했는데요요즘은 봄철뿐 아니라 사계절 내내 공기청정기가 필요한 것 같아요.이 윈클라우드 win20플러스 차량용 공기청정기는 간단한사용 전 체크사항과 교환 및 반품 안내에 대한 팜플렛이 동봉돼 있습니다.이 win20플러스는 지능형 감지센서와 4단계 고밀도 복합필터,고성능 원심분리 방식 팬, UV 자외선램프와 나노 광촉매 필터까지 있어유해 물질로부터 노출되기 쉬운 차량용공기청정기 추천!또한 KC 인증은 물론이고 본품 및 내장된 4중 필터의유해 물질 검출 여부도 인증받아 안심하고 사용할 수 있다는 사실!​게다가 1년동안 무상으로 A/S받을 수 있으니 혹여라도구매 후 발생하는 고장이나 파손에 대해 안심하고 구매할 수 있겟죠?내부를 보면 각 구성이 스티로폼에 낱개포장되어 있어배송 중 파손이나 기스 걱정이 없이 안전하게 배송받을 수 있어요.구성을 보면 win20플러스 공기청정기와 논슬립패드, 벨크로 타이,3m에 달하는 12v 차량용 시가젝이 있어 대시보드, 팔걸이헤드레스트 등 차량 내 어디에나 설치할 수 있어요.윈클라우드 20플러스는 깔끔하고 모던한 디자인으로어떤 차량에도 잘 어울리고 타사에 비해 전용면적이 큰 편인데다가공기 청정화 능력도 뛰어난 차량용 공기청정기에요.또한 스마트 터치로 버튼 타입이 아니라서 간편하게윈크라우드 공기청정기를 조작할 수 있구요 디자인도 깔끔해요.뒷면을 보면 시거잭을 꽂을 수 있는 부분과 벨크로 타이를 끼울 수 있는홈이 있어서 흔들림 없이 안정적으로 사용할 수 있어요.위 동영상은 보면 차량용공기청정기 뚜껑과 본체 사이에손가락을 넣어 뚜껑을 위로 들어 올려 가볍게 분리할 수 있어요.​이 상태에서 필터가 튀어나온 부분을 들어 올려 기존 필터를 제거하고새로운 필터를 제거하면 되는데 뚜껑과 본체 사이에강력한 자석으로 부착되어 있어 쉽게 빠지지 않는다는 사실!윈크라우드의 win20플러스는 미립자 필터, 헤파 13등급 필터와활성탄, 나노 광촉매 필터까지 4중 필터로 7단계에 걸쳐필터링 되기 때문에 미세먼지를 더욱 섬세하게 걸러낼 수 있어요.​또 요즘은 미세먼지뿐 아니라 초미세먼지도 말썽인데요헤파 13등급 필터를 사용해 초미세먼지까지 제거 가능하다는 것!또 UV 자외선램프가 들어있어 인체에 무해한 에너지와나노 광촉매 기술이 결합하여 강력한 산화 환원 작용을 함으로써유해 물질 제거, 향균, 살균, 탈취 성능이 우수하다는 사실!​게다가 win20플러스에는 고성능 4인치 대형 팬이 들어있어서필터링 시간 단축 및 사용시간을 연장시킵니다.이렇게 차량용공기청정기에 동봉된 벨크로 타이를사용하여 헤드레스트 및 다양한 공간에 고정해 설치할 수 있어요.또한 논슬립패드를 통해 가운데 팔걸이 부분, 혹은 대시보드에부착할 수도 있고 쉽게 흔들리지 않아 안정적으로 거치해둘 수도 있고요. 차량에 시가잭을 연결하고 공기청정기를 연결하면스마트 오토 시스템으로 전원이 자동으로 켜지도 2~3분 뒤에공기 감지센서가 자동으로 팬 속도를 조절해요​또 고효율 베어링을 적용하여 강력한 원심분리 방식으로소용돌이를 일으켜 유해 성분 흡입이 빠르고 소음이 적은 데다가전원 버튼으로 그때그때 상황에 맞게 작동할 수 있어요.또 지능형 감지센서가 들어있어 실시간으로 공기 속 오염물질미세먼지, 연기, 배기가스, 포름알데히드 등을 모니터링해직관적으로 차량 내 공기오염 상태를 확인 가능해요.또 수동모드로 원하는 세기를 조절할 수 있는데요 전원 버튼을짧게 터치할 때마다 저속, 고속, 쾌속, AUTO 모드로변경되며 오토 모드에서는 공기오염도에 따라서 팬 속도가 변경돼요.​차 안의 미세먼지뿐 아니라 유해 물질 및 냄새제거에도 도움이 되어평소 담배를 많이 피시는 운전자분들께 더욱 좋겠죠?​특히 아부지가 담배를 피고 들어오니까 저렇게 확 붉은색이 됐는데조금 있으니까 담배 특유의 냄새가 확 사라져서 넘나 만족!​이렇게 윈크라우드 win20플러스 후기를 마쳤는데요 혹시관심 있으신 분들은 하단 링크를 통해 구경해보셔도 좋을듯합니다.​▶ 차량용 공기청정기 윈크라우드 win20플러스 구경하러 가기이간느트니 | 저는견깅한리뷰문회를 만들기 위한그린리뷰껄피인에
트새13|          참여하고 있습니다.
07020

 
",20,0,1,472,21,2,898.8,68,suspect,2020. 3. 8. 12:01,3997,4424661,상품리뷰,"['', '', '차량용 공기청정기라니!!사이즈도 미니미하고 휴대 하며 다니기 참 편안해 보여요 ㅎㅎ', '잘보고갑니당 *___*\n행복한 하루 마무리 하시기 바랍니다.', '오늘도 알찬 내용 잘보고 갑니다 ^^', '잘보고 갑니다 ^.~', '와우~~~차량내에도 신선한 공기가 필요하죠~^^콘솔박스 위에 안성맞춤이네요~ㅎ', '좋은정보 감사드립니다(__)\n건강 유의하시고 행복하세요^^', ""글 구경하고 가요 ღ'ᴗ'ღ"", '잘보고 갑니다.날씨는 좋은데 경기는 그냥 그래요 ㅠㅠㅠ 그래도 화이팅', '블로그 소통하러 왔어요 ㅎ \n공감 누르고 갑니다 ~!', '공감가는 글이네요 ㅎㅎ >.<', 'Ruv D Sharp님 잘 읽고 가용~!! 남은 주말 오후도 행복하세용']"
14,https://blog.naver.com/shop2930?Redirect=Log&logNo=221811420300,"안녕하세요! 루샵입니다.​요즘 날씨가 갑작스레 추워지면서 미세먼지가 좋지만이번 겨울에도 주기적으로 미세먼지가 좋지 않았던 데다가 이제 곧다가올 봄철에 미세먼지가 걱정이 되더라구요.​그렇다고 환기를 시키지 않자니 실내의 카펫, 장식품이나먼지부터 시작해서 음식 냄새나 미생물 등의 다양한 원인에 의해공기가 실외공기보다 100배 더 오염될 수 있다고 해요.​그래서 이번 기회에 초미세먼지 공기청정기를 장만해보았습니다!제가 이번에 장만한 그린루프트 공기청정기는 독일에서 온프리미엄 공기청정기로, 녹색 공기라는 의미를 가지고 있다고 해요.​특히 블루 LED 조명과 3단 풍속 조정, 음이온 생성은 물론필터 교환시기까지 알려주는 똑똑한 원룸 공기청정기라는 사실!특히 요즘엔 초미세먼지도 방심할 수 없는데요 PM2.5 보다 작은 크기의초미세먼지는 H12 이하의 등급에서는 안전하지 않다고 해요.​그래서 공기청정기가 초미세먼지를 99.97%를 걸러주는H13 등급의 필터를 사용하는지 아닌지를 꼭 확인해야 한다는 사실!​이 그린루프트 공기청정기는 H13 등급의 고성능 필터와여기에 냄새까지 잡아주는 탈취필터와 황사용 탄소 필터를 사용하여작지만 강한 청정 능력을 가지고 있습니다.공기청정기의 구성은 이렇게 사용설명서와 공기청정기로구성되어 있는데요 상자 안쪽도 스티로폼으로 꼼꼼하게 배송되어서파손 걱정 없이 안심하고 상품을 받아볼 수 있습니다.그린루프트는 원룸 공기청정기는 이렇게 생겼는데요감각적이고 깔끔한 디자인 그리고 화이트톤으롤 깔끔하면서도어느 장소에서도 비치하기 좋은 디자인이에요.또 에너지소비효율등급을 살펴보면 5등급이라서 깜짝 놀랐는데일 년 내내 사용해도 11,315원 즉, 한 달에 약 943원으로누진세 제외 천 원도 안 되는 가벼운 전기세로 부담 없이 사용 가능해요!​덕분에 일반 가정집이나 원룸에서도 경제적으로 사용이 가능하니사용 부담도 적고 가성비도 좋은 공기청정기 추천드려요.윗부분을 보면 주의사항을 확인할 수 있는데요공기청정기 사용 전에 반드시 바닥 부분을 개봉한 뒤필터의 씌워져있는 비닐을 제거한 후 사용해야 한다는 사실!이렇게 바닥 부분을 보면 고무패킹이 있어서 밀리지 않구요또 가운데 튀어나온 부분을 잡고 돌리면 손쉽게안쪽의 필터를 확인할 수 있음은 물론 교체도 편리하구요.안쪽의 필터를 꺼내면 H13 등급의 고성능 필터를 확인할 수 있는데요위에 언급한 데로 탄소와  숯 필터도 함께 들어있습니다.​특히 황사용 탄소 필터는 탈부착이 가능하고 탈취필터를 통해각종 담배, 음식으로부터 나는 냄새를 제거하고 새집증후군에도 좋아서여름철, 장마철에도 냄새 걱정 없이 사용할 수 있어요.이렇게 비닐을 개봉한 뒤에 이 필터를 다시 끼워주는데요,왼쪽 흰색 부분이 공기청정기 위쪽, 오른쪽이 바닥 쪽으로 가도록 끼운 뒤다시 바닥 쪽의 뚜껑을 닫아주면 준비 완료에요!위 버튼을 살펴보면 왼쪽부터 순서대로 전원, 음이온, 필터 그리고풍속 설정 버튼까지 총 4가지로 구성되어 있어원하는 스타일로 원룸 공기청정기를 사용할 수 있습니다.​특히 필터 램프가 켜지면 필터 교환시기가 되었다는 뜻으로위에 말씀드린 대로 공기청정기 하부를 분리해 필터를 교체하면 돼요!이렇게 전원을 연결하면 전체 불빛이 켜졌다가 꺼지는데요이후 전원 버튼을 누르면 램프에 불빛이 들어오면서 1단계로 작동돼요.​이후 풍속 조절 버튼을 통해 1단계부터 3단계까지 자유롭게풍속 조절이 가능하고요 음이온 on/off 버튼도 따로 준비되어 있어요!​덕분에 음이온을 자유롭게 설정할 수 있어서 오존이나 아이 때문에예민하신 분들도 안심하고 사용할 수 있다는 사실!특히 국가기관 KCAL에서 성능 인정은 물론 전자파 적합 및TUV로부터 오존 발생 테스트 인증까지 받은 제품이라 어린아이들부터주방, 학생, 원룸 등 어디에나 사용하기 좋아요.​게다가 향균필터의 균 번식 억제를 위한 방부제 등의 유해 독성물질OIT 0%로 안전 인증을 받아 더욱 안심할 수 있구요.특히 공기청정기를 사용할 때 아무리 성능이 좋아도커다란 공기청정기 한 개보다는 작은 공기청정기를 여러 개 놓는 것이나누어진 공기를 구석구석 케어하는 데 훨씬 효율적이에요.​또 작동할 때 소음이 크지 않아서 침실이나 공부방 등에 두기에도 좋고깔끔한 디자인으로 집들이 선물용 공기청정기 추천드려요!무엇보다 침실에서 사용할 때 상단의 터치센서를 누르면2단계로 밝기 조절하거나 블루 LED를 끌 수 있어불빛의 방해 없이 잘 수도 있고 침실 무드등으로 활용 가능해요.마지막으로 그린루프트 공기청정기 시연 영상인데요하단에서 오염된 공기를 빨아들인 뒤 필터하여 상단으로 정화된 공기를내보냄으로써 최대 10평, 시간당 4평을 정화할 수 있어요.​덕분에 저처럼 원룸에서 거주하시는 분들은 물론가볍게 사용하기 좋은 미니 공기청정기 추천드리고 싶어요!​이렇게 그린루프트 공기청정기 후기를 마쳤는데요 마지막으로하단 링크를 통해 자세한 정보와 후기를 볼 수 있으니혹시 관심 있으신 분들은 한번 방문해보셔도 좋을듯합니다!​▶ 그린루프트 원룸 공기청정기 구경하러 가기이간느트니 | 저는견깅한리뷰문회를 만들기 위한그린리뷰껄피인에
트새13|          참여하고 있습니다.
07020

 
《-
",19,0,1,513,10,2,898.8,56,suspect,2020. 2. 16. 19:38,3997,4424661,상품리뷰,"['', '전기세 부담도 적고 정말 괜찮네요 ㅎㅎ', '늘 수고가 많으십니다.정성스럽게 만드신 포스팅 잘 보고 갑니다.좋은 밤 되셔요~^^', '저도 작은 공기청정기 구매했는데 있으면 좋은 것 같더라구요:-D저는 포스팅 사진보다 작은거 쓰는데 큰 거보니까 큰 게 또 사고싶네요( ꒪⌓꒪)', '제대로 읽고 가요~*\n제 블로그도 놀러와주세요~*\n언제나 기쁜 하루 추구하시길요~', '공기청정깅저도 하나더사야겟어요 ㅋ확실히차이가나더라구요', '방에 놓고 사용하면 딱 좋을거 같아요...ㅎㅎㅎㅎ타블렛 새거 살 필요 없어요...새거 개봉하고 사용않한거 많아요...ㅎㅎ그림 그려서 올리시면 같이 공유하면서 해요....ㅎㅎㅎㅎ글 잘 보고 갑니다.', '공기청정기 여러대가 필요한 건 필수인거 같아요~!', '오메야.. 귀여워요^^여기저기 필요한 장소에서 사용하기 좋은 제품이네요!! 디자인도 모던하니 깔끔해서 인테리어 차원에서도 good☆']"
15,https://blog.naver.com/shop2930?Redirect=Log&logNo=221584143421,"안녕하세요!! 루샵입니다.​요즘 날씨가 덥다 보니 물도 수분 섭취를 위해 물을 많이 마시게 되는데요여러분들은 물 마실 때 텀블러나 머그컵 잘 사용하시나요?​저 같은 경우에는 항상 텀블러와 보틀을 옆에 두고 마시는 편이지만주로 생수나 커피, 음료 등을 담아먹다 보니 비위생적이라고 생각하지 않았는데​텀블러나 머그컵 세척 후 건조가 제대로 되지 않으면 남아있는 물기에 의해세균이 증식할 수 있어 세척만으로는 살균이 되지 않는다고 해요.그래서 이번 기회에 장만해본 아이리핏 에어!!​아이리핏 에어는 텀블러 살균기 및 건조, 보관까지 가능한 데다가미풍 초미세먼지 공기청정기와 무드등/수유등 기능도 동시에 할 수 있습니다.또 한국 KC 인증은 물론, 살균 99.9% 판정으로 살균력을 인정받고아이리핏 에어의 팬 소리는 컴퓨터 팬보다 작은 소리로소리에 예민한 사무실이나 독서실 같은 공간에서도 사용할 수 있어요!!구성을 보면, 아아리핏 에어 본체와 사용설명서, 충전 케이블이 있는데요천을 사용하여 배송 중 파손에 대해 염려할 필요가 없는 데다가부직포 가방에 넣어 이동 중이나 실외에서도 사용할 수도 있어서 편리하다는 사실!!저는 공기청정기와 텀블러 살균기의 기능을 동시에 하는 아이리핏 에어를 장만했는데머그컵 살균과 감성적인 조명 기능을 갖추고 있는 아이리핏 머그,뚜껑을 넣어 아이들 용품을 살균하는 데 효율적인 아이리핏 베베도 있습니다.​특히 KTR 한국 화학 융합 시험 연구원을 통해서광생물학적 안전성과 99.9%의 세균 박멸 살균력을 인정받았고기존 살균기와 다르게 안전한 자외선을 사용하여 인체노출에도 위험하지 않아요!!usb 케이블 방식으로 보조배터리 혹은 전자기기와 연결함으로써사무실이나 가정과 같은 실내뿐 아니라 실외에서도 편리하게 사용할 수 있다는 사실!!아이리핏 에어를 분리해본 사진인데요, 바닥 받침대와 텀블러 살균기,그리고 플라스틱 받침대와 커버로 구성되어 있어요.​무엇보다 분리와 세척이 편리하여 위생적으로 사용할 수 있습니다.워낙 버튼이 직관적이고 사용방법이 편리해 사용설명서 없이도 금방 습득할 수 있는데딱 하나 언급하고 싶은 주의사항 중 하나는 에어리핏 에어 본체에절대로 물이 들어가지 않도록 마른 천이나 티슈 등으로 닦아주는 것이 좋습니다.바닥 부분에 있는 잭에 전원을 꽂은 뒤에 사용하면 되는데요저는 보조배터리에 연결해서 사용했는데 밤새 사용해도 꺼지지 않아 확인해보니소비 전력이 7.5w밖에 되지 않아 전기세 부담도 덜 수 있어요!!무엇보다 필터가 노출되어 있어 필터 상태를 직관적으로 확인 가능하고필터 분리 및 청소가 굉장히 편리한 점도 장점 중 하나예요!!위 영상을 보면 공기 정화 필터를 빼내는 방법을 확인할 수 있는데요바닥 부분을 뒤집은 뒤 필터 부분을 손가락으로 조심스럽게 밀어 빼내면 끝!!이렇게 빼낸 필터 중 왼쪽은 나일론 필터, 오른쪽은 광촉매 필터로나일론 필터는 물로 씻고 광촉매는 끓는 물에 삶아 다시 깨끗하게 사용 가능합니다.​특히 나일론 필터는 먼지 제거, 광촉매 필터는 방사능/난분해성 악취와 같은특수 물질을 제거함으로써 공기청정기능이 가능하다는 것!!그럼 이제 에어리핏 에어 사용 방법을 알아봐야겠죠??​가장 먼저 텀블러 살균기로 사용하는 방법은 전원을 킨 상태에서오른쪽 살균/건조 버튼을 눌러 기능을 키고 살균/건조 버튼을 한 번 더 누르거나전원 버튼을 누르면 에어리핏 에어를 끌 수 있습니다.저는 색상을 보여드리려고 투명한 용기를 먼저 살균해보았습니다.​이 살균 및 건조 기능은 1시간 동안 유지되는데요 처음 5분 동안 붉은빛이 나오다가깜빡거리면서 파란색 LED로 전환 후 55분 동안 살균과 건조해줍니다.아이리핏 에어는 LED 발열과 Fan을 이용한 컵 살균 및 건조로발열을 통해 수분을 증발시키고 건조 환풍구를 사용하여 남은 물기를 건조하여세균 증식을 유발하는 수분과 습기를 없애 위생적으로 유지가 가능해요.​아이리핏 에어는 컵 살균 시 떨어지는 물에 의한 물때나 위생을 위해세척과 교체가 간편한 플라스틱 받침을 사용했는데요사용 후 받침판은 분리하여 세척하고 본체의 물은 천이나 티슈로 닦아주면 끝!!무엇보다 플라스틱, 철, 실리콘 등 소재와 관계없이 살균이 가능한 덕에컵이나 텀블러 살균기 이외에도 핸드폰, 칫솔 등등 다양한 물건을 살균할 수 있습니다.​특히 자외선 중 단파장과 장파장이 있는데요, 아이리핏 에어는인체에 무해한 장파장 자외선을 사용함으로써 안전성 테스트를 검증받았구요!!먼저 전원 버튼을 누른 뒤 왼쪽 공기청정 버튼을 눌러 기능을 킨 상태에서커버를 덮고 파란색 LED가 켜지면 공기청정이 시작됩니다.​버튼을 한 번 누르면 연속으로 공기청정 기능이 작동하며 2번째 눌렀을 때에는LED가 깜빡이면서 8시간 이후 자동 종료되어 예약이 가능해요.​그리고 예약 상태에서 공기청정 버튼 혹은 전원 버튼을 누르면 기능이 종료됩니다.공기 청정이 시작되면서 팬이 가동되면 안쪽의 자외선이광촉매 필터와 만나 주변 공기를 정화 및 탈취/살균하여 공기청정기로 사용 가능한데요분해 과정에서 오존과 같은 유해 물질을 발생시키지 않아 안심할 수 있어요.​또한 잠잘 때 불을 끄고 사용하면 무드등이나 수유등으로도 사용할 수 있고사용할 때 소리가 굉장히 작아 잠을 방해하지도 않습니다.마지막으로 이건 제가 회사에서 사용하고 있는 텀블러인데요매일매일 씻지만 커피를 많이 마시다 보니 착색도 되고 소독하기 힘들어요.​그런데 아이리핏 에어로 텀블러 살균기로도 사용하면서 미세먼지가 많은 날은사무실 공기청정기로 사용할 수 있어서 너무너무 유용하다는 것!!​이렇게 후기를 마쳤는데 사무실에서 텀블러 많이 사용하시는 분,혹은 실외에서도 편리하게 사용할 수 있는 살균기를 찾으시는 분께 추천해요!!​▶ 텀블러 살균기 겸 공기청정기 아이리핏 에어 보러 가기▶ 쿠팡에서도 판매하고 있어요!!이간느트니 | 저는견깅한리뷰문회를 만들기 위한그린리뷰껄피인에
트새13|          참여하고 있습니다.
07020

 
",25,0,1,622,16,4,898.8,87,suspect,2019. 7. 13. 15:20,3997,4424661,상품리뷰,"['디자인도 깔끔하고 소독도 해주고 ! 탐이나네요 ㅎㅎ', '헐 대박 진짜 탐나네요 핸드폰도 소독할 수 있다는 것이 진짜 짱 ㅠㅠㅠㅠㅠㅠㅠ', '우와 넘 신기해용!!! 디자인도 아담하니 깔끔하고 살균이 된다니!!!대박템인데요?!><', '귀엽네요😊😊좋은정보 잘보고 갑니다 즐건주말 보내세요', '디자인 에쁘고 성능도 좋네요!주말 행복하게 보내세용 :D', '좋은포스팅 잘보고 갑니다 ! 주말잘보내세여~~!', '신기한 제품이에요^^', '텀블러 살균기라니 정말 좋네영', '루샵님 포스팅은 항상배우고갑니다~잘보고갑니다.^^', '여러가지 기능이 있는 재밌는 제품이네요 ㅎㅎ', '텀플러 달고 사는데 하나 사고 싶네요 ㅎ', '오오.. 아무래도 텀블러가 물이 안말라서 이렇게 먹어도 되나 걱정되더라구요 ㅠㅠ 좋은 제품 알게되었네요!!', '공기청정기도 가능하고 인테리어로도 좋네요', '제품 리뷰 잘 써주셔서 감사합니다^^퍼가요~~']"
16,https://blog.naver.com/shop2930?Redirect=Log&logNo=221468589939,"우리 엄마는 차량을 이용해서 일을 하시는 데다가 장도 많이 보셔서평소에 차량을 굉장히 많이 사용하시곤 하는데,그러다 보니 미세먼지가 많은 날에는 종종 걱정되곤 한다.​안 그래도 기관지가 좋지 않으신데 곧 봄이 되면 미세먼지가 기승을 부릴 것 같아이번 기회에 차량용 공기청정기, 윈크라우드 WIN10 라이트를 주문해보았다.먼저 배송되었을 때 사진인데, 청정기 사용 전 체크사항과 공기청정기가 들어있다.먼저 공기청정기는 박스에 있는 비닐을 개봉하게 되면 반품이 불가능하다.​또, 반품/교환을 원하는 경우, 상품 수령 이후 24시간 이내에  신청해야 하며고객센터에 연락 후 반품 혹은 교환 요청서를 작성해 보내면 된다.​그 외에도 공기청정기 사용 전에 체크사항에 대해 명시되어 있으므로사용 전에 반드시 꼼꼼히 읽어보는 것을 추천한다!!내가 장만한 윈크라우드 WIn10 라이트는 기존의 WIn10과 디자인은 동일하지만고객의 니즈와 의견을 반영하여 음이온 기능만 제거된 상품이다.​그래서 음이온에 의해 발생할 수 있는 오존이 조심스러운 분들특히 어린아이가 있는 분들에게 윈크라우드 WIN10 라이트 강력 추천한다!!상자 내부를 살펴보면 부직포를 사용하여 2중, 3중으로 포장하여상품 파손 없이 안전하게 상품을 받아볼 수 있었다. 상자를 개봉해보면 윈크라우드 WIN10 라이트 공기청정기와 필터그리고 논슬립패드, 그리고 설명서와 12v 차량용 시가잭 전원 케이블로 구성되어 있다.​워낙 시가잭이나 전원 버튼 등이 직관적으로 배치되어 있어서처음 사용하시는 분들도 시행착오 없이 사용할 수 있고, 사용방법을 모르시더라도우측 QR코드를 통해 사용방법을 바로 확인해볼 수 있다.혹시 QR코드 사용이 귀찮은 분들을 위해 따로 링크를 남겨놓았으니상단 링크를 통해 윈크라우드 WIN10 사용설명서를 다운로드해볼 수 있다!!WIN10 라이트 차량용 공기청정기는 블랙 색상을 베이스로 뚜껑 부분에 펄이 있어어둡고 무거운 분위기 보다 고급스러우면서도 라이트 한 느낌이 든다.​또, 상단의 구멍을 통해 360도로 공기가 흡입되는 덕분에빠르게 차량 내의 미세먼지와 연기, 배기가스 등을 제거해준다는 사실!!하단을 보면 미끄러지지 않도록 고무패킹이 부착되어 있고3m 길이의 시가잭과 연결하여 차량 전면이나 팔 받침대뿐 아니라 후면까지논슬립패드를 사용하여 차량 어디에나 배치할 수 있다.​또 하나, 윈크라우드 WIN10 라이트 적정 전압은 12V로차량 또는 어댑터 전원의 전압이 12V보다 낮거나 높으면 오작동 및 화재의 원인이 될 수 있어반드시 트랜스 기능이 있는 변압 멀티 시가잭을 사용해야 한다.상단의 본체 위의 뚜껑과 본체 사이에 손을 넣어 밀면뚜껑과 본체 사이의 자석이 분리되면서 필터를 확인할 수 있다.​무엇보다 자석 타입의 뚜껑 형식으로 되어있는 덕분에열고 닫으면서 고장이나 파손의 위험이 적어 필터 교체가 편리하다.그리고 필터 부분의 손잡이를 잡아 필터를 들어 올려 팬을 확인할 수 있고사용환경에 따라 3~6개월 정도 사용 후 새 필터를 넣어 뚜껑을 닫아 필터 교체도 가능하다.​그리고 토출구 부분의 먼지와 듀얼 플리즈마 단자 부분의 먼지를주기적으로 클리너 솔로 제거하여 좀 더 오랫동안 안전하게 사용 가능하다.필터 부분을 살펴보면 헤파 13등급 필터로서, 유해 성분과 초미세먼지를 필터링하고활성탄 필터를 사용하여 냄새제거와 유해 물질 제거에도 도움이 된다.​필터를 흔들었을 때 잘그락잘그락거리는 소리를 들어볼 수 있는데이 필터 안쪽에 있는 활성탄이 냄새제거에도 도움이 돼평소 차량을 많이 사용하시는 분들이나 담배 피시는 분에게도 좋을 듯하다.차량 내 원하는 곳에 패치를 부착한 뒤에 위쪽에 차량용 공기청정기를 부착하고동봉되어 있는 시가잭을 연결한 뒤 전원 버튼을 눌러 작동이 가능하다.​이건 여담이지만 엄마가 소형차를 쓰다 보니 투박한 느낌이 들지 않을까 고민했는데,공기청정기가 얇고 펄감이 고급스럽게 나와서 엄마가 완전 만족해하셨다!!또한, 상시 전원 시가잭에 연결하더라도 자동 on/off 기능은 작동되지 않아엔진 정지 이후에 수동으로 차량용 공기청정기를 꺼주어야 한다.​또한, 사용온도 범위는 0도에서 85도까지로, 여름/겨울과 관계없이 사용 가능한데다만 너무 추운 날씨의 경우에 차량 온도가 영하로 떨어지게 되면윈크라우드 WIN10 라이트가 작동할 때  소음이 발생할 수 있다고 한다.이 윈크라우드 WIN10 라이트는 지능형 감지센서를 사용하여실시간으로 차량 내 미세먼지와 연기, 배기가스 그리고 포름알데히드 등공기 속 오염물질을 모니터링하여 공기 상태를 표시해준다.​공기 상태가 좋은 경우엔 초록색, 보통은 노란색, 나쁠 때에는 붉은색3가지 색상으로 불이 들어오면서 차량 내 공기 상태를 한눈에 확인할 수 있는 데다가게다가 어두운 곳이나 밝은 곳에서도 램프 색상이 선명하다.위 동영상에 보이는 터치 버튼을 누르면 차량용 공기청정기에 전원이 공급되면서2~3분 작동 이후에 삐 소리와 함께 측정이 시작된다.​이후 측정된 공기 상태에 따라서 색상이 바뀌고 펜 속도를 조절하는 덕에수동으로 속도를 조절할 필요가 없어 편리하다.​또한, 3중 복합 헤파필터를 통해 미세먼지 제거는 물론차량 내로 유입되는 연기나 배기가스, 그리고 포름알데히드 같은 유해 물질을 제거하고봄 철에 말썽인 분진과 차량 내 냄새제거에도 도움이 된다는 사실!!이렇게 차량용 공기청정기인 윈크라우드 WIN10 라이트에 대한 후기를 마쳤는데상단의 링크를 통해 좀 더 자세한 정보와 후기들을 살펴볼 수 있다.​특히 기존 WIN10의 기능은 유지하면서 음이온 기능을 제외시킴으로서사용자가 선택 범위를 넓힌 부분이 굉장히 만족스러웠다.​또한, 평소 투박한 공기청정기가 마음에 들지 않은 분들이나음이온과 관련된 부분이 조심스러우셨던 분들,차량에서 담배를 피우시는 분들에게도 윈크라우드 WIN10 라이트 추천한다!!이간느트니 | 저는견깅한리뷰문회를 만들기 위한그린리뷰껄피인에
트새13|          참여하고 있습니다.
07020

 
",20,0,1,620,73,2,898.8,196,suspect,2019. 2. 18. 13:08,3997,4424661,상품리뷰,"['루샵님~포스팅 잘 보구갑니다^^오래된 중고차에도 사용가능한가여?', '12v시거잭 사용한다면 어떤 차량이든 사용 가능하다구 해요!!저희엄니 차량도 중고차인데도 잘 돌아갔어요!!ㅎㅎ', '와...자동차 관련일하면서 이런거 있는지 이제 알았네요^^;;담배를 펴서 항상 자동차에 담배냄새가 베였는데...이거 하나 장만 해야겠군요', '이제 곧 봄이잖아요!! 오늘도 오후에 미세먼지 심해진다구 해요 ㅠㅠ담배냄새 제거도 좋지만 건강을 위해서도 장만해보셔도 좋을것같아요!!', '그러게요...제가 비염이 있어서 진지하게 구매 생각해봐야겠네요 ㅎㅎ좋은글 감사합니다!', '차량용 공기청정기라니 요즘 세상 너무 좋아진 것 같아요 :)차 안에도 공기청정을 할 수 있다니 !', 'ㅋㅋㅋ 집에서도 그렇지만 차량에서 오래 있으시는 분들도 많잖아요!!그런분들에게 진짜 짱좋을것같아요~', '반갑습니다!!\n블로그에 볼만한 포스팅이 많네요 \n많이 보고 갑니다 ^^', '감사합니다!! 항상 열심히 포스팅할게요~', '차량용 공기청정기 넘 좋네요^^제 차에도 설치 해야겠네요새로운 한주 즐겁게 시작하시고 감기 조심하세요 ~~', '샷시모헤어님도 오늘하루 즐겁게 보내시고 환절기 건강조심하세여!!', '저도 이거 눈여겨보고있었는데~~~~', '앗ㅋㅋㅋ 제가 써봤는데 진짜 괜찮았어요!!엄마도 너무 마음에 들어하셔서 넘나 뿌듯!!', '잘 보고 가용~~좋은 하루 되세요~^^', '댓글 감사합니다~ 이구오구님도 좋은하루되세요^-^', '요즘 미세먼지로 집 뿐만 아니라 차량에도 공청기 필요하다고 생각해서 아이때문이라도 알아보고있는데 구매시 참고해야겠네요^^', '맞아요 ㅠㅠ 차량은 특히 돌아다니면서 매연이나 가스같은게 더 많이 들어와서 더더욱 중요한것같아요특히 여름철엔 아스팔트에서 유해물질도 많이나온다고 하잖아요!!', '차량에도 공기청정기 있으면 좋죠!! ㅎㅎㅎ', '맞아요 ㅋㅋ 차량에도 공기청정기 있으면 유용하더라구요~', '잘보구갑니다,♡♡편안한 월요일 저녁 보내세요🌞♥️', '약손 김영원장님도 오늘하루 파이팅하시고 즐거운하루되세요!!', '와~ 저도 저희 부모님 차에 공기청정기 하나 달아드리고 싶었는데 이거 진짜 좋은 것 같아요~설명이 자세해서 그런가 눈에 쏙쏙 박히네요 ㅎㅎ', 'ㅋㅋㅋ감사합니다 정확한 정보 알려드리려고 노력했어요!!오늘 미세먼지 심해진다구 해요~ 플렛님도 몸건강 조심하세여!!', '요즘 차량용 공기청정기 많이들 사용하시는거 같애요~그래서인지 관심가는데 없는거보단 훨씬 좋겠죠??', 'ㅋㅋㅋㅋㅋㅋ 훨씬 좋기도 좋지만 무엇보다 심리적인 안정감도 있는것 같아요특히 고속도로 달리다보면 진짜 빨개지곤 하거든요 그러면 아 공기청정기 설치하길 잘했다 그런생각도 들어요', '더 갖고 싶어지네용ㅋㅋㅋㅋㅋㅋ', '이 제품 요즘 자주 보이네요! 인기있나봅니다 ㅎㅎ', 'ㅋㅋㅋ그쵸 실제로 가볍고 이쁘더라구요요즘 공기청정기 오존 문제때문에 이야기가 많은데 음이온기능을 빼서 그부분도 걱정할필요도 없구요!!', '좋은 아이템이네요^^탐나는군요!', 'ㅋㅋㅋ 댓글 감사합니다!!개인적으로 추천하고싶은 아이템이에요!!', '저번에 올려주신 차량용 공기청정기도 탐났는데 루샵님께선 벌써 두개째 갖고계시다니 부러워요ㅎㅎㅎ', ""ㅋㅋㅋㅋ엄마아빠꺼 한개씩 ㅠㅠ... 제껀 차부터 장만해야겠죠!?이제 곧 봄이되서 필요할것 같았어요~오늘 아침부터 눈도 많이 내리고 쌀쌀한데, 옷 따듯하게 입으시고 좋은 하루 되세요  ＼\\٩( 'ω' )و //／"", '좋은정보  감사합니다 ^^', '', '구매 할려고 알아보고 있는데요 한번 구매해봐야겠숩니당', '댓글 감사합니다^^ 꽤 만족스럽더라구요~오늘도 오후에 미세먼지 많아진다구 해요!! 건강 조심하시구 좋은하루되세요!!', '오늘도 포스팅 잘 보고 갑니다~! 짱짱!', '댓글 감사합니다!!', '포스팅 잘보고 갑니다~! 제 블로그도 한번 놀러오세요~!', '댓글 감사합니다! 좋은하루되세요^^', '오늘하루도 고생하셨습니다^_^ 또 방문할게요!!', '감사합니다!! 정팀장님도 점심 맛나게 드시구 좋은하루되세요~', '', '', '안녕하세요~~\n오늘도 방문드립니다!!\n항상 좋은 글과 유익한 정보를 알려주시네요!!\n점점 날씨가 따뜻해지고있지만\n밤에 일교차가 있어서 항상 감기조심하시고\n즐거운 하루 되세요~^^', '댓글 감사합니다!! 행우집님도 감기 조심하시구 즐거운 하루 되세요!! (*´∀｀）', 'ಇ새대긔 답방들렸습니당^-^! 오늘하루도 잘 마무리하셨는지요? 날이 추워요 이불 꼭꼭 따뜻하게 덮으시고 굿나잇하시길! 공감 꾸욱- 누르고 갑니당ಇ', '답방 고맙습니다~ 매일매일 일기장 즐겁게 보고 있어요!! ㅋㅋ오후에 미세먼지가 많아진다구 해요!! 새대긔님도 몸조심하시구 즐거운 하루 되세요!! (*´∀｀）', '우왕 차량용 공기청정기도 있는 줄은 몰랐네요ㅎㅎㅎ부모님께 하나 달아드려도 정말 좋을 것 같아요!!', '맞아요!! 특히 차량 많이쓰시는 분들은 진짜 좋을것같더라구요!!댓글 감사합니다~ 점심 맛있게 드세요!!', '요고 요고 탐나는 놈이네요 ㅋRUV D Sharp님 월요일은 잘 보내셨나요? 늘 첫날은 바쁨 무튼, 다시금 늦은시간에 컴퓨터앞에 앉아 포스팅을 하고 있네요 오늘도 수고하셨습니다 푹 쉬고 내일봐요^^', 'ㅋㅋㅋ저는 월요일 잘 보냈어요 팀장님도 요즘 일교차가 크니까 건강 조심하세요!!점심 맛있게 드시고 활기찬 하루 되세요~ 방문 감사합니다^^', '정월대보름 작은 소원을 기원해 보내세요~~~', '감사합니다~ 투아이팜님도 좋은하루되세요', '깔끔하니 좋네요. 이젠 차에도 공기청정기가 필요한 세상이 되어버렸네요 ㅠ', '맞아요 ㅠㅠ 요즘 삼한사미라고 하잖아요..삼일은 춥고 사일인 미세먼지 많은... 건강을 위해서 진짜 꼭 필요한것같아요', '와 이상품 꼭 사용해보고싶네요요즘은 공청기 없으면 안돼요ㅎ', '맞아요 ㅠㅠ 근데 진짜 펄감도 그렇고 가볍게 나와서 좋은것같아요!!', '오대박미세먼지 때문에난리인 지금시점에공기청정기는필수 가 되어갑니다', 'ㅋㅋㅋ맞아요 오늘도 오후부터 미세먼지 안좋아진다구 하더라구요..공기청정기가 이제 필수품같아요... 댓글 감사합니다!!', '예 이제. 저도하나장만해야것내요', '이거 차에두기 딱인데요!!! 크기도 딱이고 와 작은데 공기청정까지!!! 저희 엄마, 남자친구 가족차에 다 넣어두고 싶어요!!!! 요즘 미세먼지때문에 창문 열기도 그런데....... 이거 진짜 좋은 아이템이에요!><', '왘ㅋㅋ 감사합니다 진짜 저도 마음같아선 차마다 다 넣어주고 싶어요 ㅋㅋㅋ오늘도 미세먼지 많다고 하더라구요...언제쯤 마스크없이 다닐 수 있을랑가 ㅠㅠ 댓글 감사해요~', '꺅 ㅡ이거 ㅡ 눈독 나네요~~~~', '전 이거 이미 예약하였습니다 필수품!!', '캬컄ㅋㅋ 도움이되셨으면 좋겠네요!!댓글 감사합니다!! 오늘도 미세먼지 많다고 하더라구요 ㅠㅠ마스크 꼭꼭 쓰고다니시구 주말 즐겁게 보내세요!!', '차에 두고 쓰기 정말 편할거같아요~~~!!!!👍근데ㅜㅜㅜㅜ자동기능이 없는게 조금 고민이네요ㅠㅜㅜㅡㅠ', '자동으로 켜고꺼지지않는부분은 좀 아쉽긴하지만 또 눈에있는곳에  있으면 그렇게 불편하지는 않더라구요ㅋㅋ일단 음이온이 없어서 요즘공기청정기에 예민한 오존문제가 없어서 만족중이에요!!', '담배냄새제거에 도움이 되는지요']"
17,https://blog.naver.com/shop2930?Redirect=Log&logNo=221460838511,"우리 집은 할머니 댁이 멀리 위치해 있어서 명절마다 장기간 차를 타고 이동하는데,그럴 때마다 밀폐된 공간에서 환기도 시키지 못하고 답답해하곤 했다.​특히 고속도로를 달려야 해서 창문을 열자니 매연이 들어오고창문을 꾹 닫고 있자니 지끈 지끈거리고 답답해서이러지도 못하고 저러지도 못하다가 결국 휴게소에 들르곤 한다.특히 올해는 구정에는 미세먼지 수치가 나쁨이라고 해서고민하다가 이번 기회에 차량용 공기청정기, 오슬로를 장만해보게 되었다.​아래에서도 이야기하겠지만 오슬로 공기청정기는 12, 24볼트 모두 지원되어우측에 하얀 케이스에 추가로 차량용 시거잭을 장만해 보았다.먼저 오슬로 공기청정기는 차량용 공기청정기로서,블랙 색상과 화이트 색상이 있는데 나는 무난하게 블랙으로 선택하였다.먼저 오슬로 차량용 공기청정기는 12v, 24v의 얍력 전압을 지원하여트럭이나 대형 차량에서도 사용 가능하고 심지어 거실이나 침실 등 집에서도 사용 가능하다!!상자 내부를 살펴보면 오슬로 공기청정기와 차량용 논슬립패드, 사용설명서그리고 벨크로 타이와 차량용 시거잭으로 구성되어 있다.오슬로 차량용 공기청정기 뒷면을 살펴보면 네 개의 모서리에 논슬립 패드가 있어높은 곳에서 사용해도 쉽게 밀리지 않아 떨어질 위험이 적다.​그리고 제작 날짜도 명시되어 있고 K 마크 인증까지 있어 안심하고 사용할 수 있다.오슬로 차량 공기청정기의 에어필터 교체 커버를 돌려 분리하여간편하게 필터를 교체 및 제거가 가능하고커버 손잡이 양쪽에 벨크로 타이 연결부가 있어 차량 어디에나 설치할 수 있다.커버를 제거하여 필터를 빼면 쿨링팬을 확인해볼 수 있는데,이 오슬로 차량 공기청정기는 볼베어링 쿨링팬을 적용하여 공기 흡입량을 극대화하고마찰계수를 최소화하여 흡기 효율 최소화는 물론, 사용기간 연장하였다.​전면을 보면 동그란 LED를 통해 바로 내부 공기 상태를 확인해볼 수 있고파워 on/off 버튼, 쿨링팬 속도 높임/낮춤 버튼 등직관적인 버튼 구성으로 처음 사용하시는 분들도 쉽게 사용해볼 수 있다.그리고 하단 360도 각도에서 고속으로 공기를 흡입한 뒤에상단 배출구를 통해 깨끗한 공기를 배출하여 빠르게 먼지와 유해 물질을 제거한다.그리고 필터를 살펴보면 일반적인 카본 필터가 아니라3단계 카본 복합필터를 사용하여 굵은 먼지는 기본, 배기가스나 화학물질을 흡착하고초미세먼지, 담배연기, 심지어 바이러스와 박테리아까지 제거한다.​특히, 이 오슬로 공기청정기는 새 차 증후군이나 새집증후군의 원인인포름알데히드 제거에도 국제인증을 받아 안전상과 안정성을 인정받은 공기청정기이다.오슬로 공기청정기를 논슬립 패드에 부착했을 때의 모습인데,손으로 뜯으려 해도 쉽게 떨어지지 않을 정도로 접착력이 엄청 좋아서차량 대시보드는 물론, 운전석 옆 팔받침과 차량 후면까지 원하는 곳에 쉽게 둘 수 있다.​특히, 아빠가 담배를 피우셔서 담배 피우고 바로 들어오면 담배 냄새가 배어 들어오기 때문에담배를 다 피고 들어왔다고 하더라도 차 안에 담배 냄새가 엄청 진동한다.​그래서 아빠 차에 담배 냄새가 많이 나는데, 이 오슬로를 사용한 뒤 확실히 담배 냄새가 쉽게 빠지고화학물질 제거에도 도움이 되어서 흡연하시는 운전자분들이 사용하기에도 좋을 듯하다.게다가 팔받침 사이에 쏙 들어오는 크기와 음이온 복합 공기 정화 방식을 채택하여음이온 덕분에 좀 더 빠르고 넓은 장소에 공기 청정이 가능하다.​그리고 차 시동이 켜지면 자동으로 작동을 시작하고차 시동이 꺼지면 작동을 중지하는 덕에 불필요한 작동도 없어서 좋았다.전원이 공급되면 2분 안에 차량 내부 공기 상태를 자동으로 확인하여공기 상태가 나쁘면 붉은색으로, 좋으면 초록색으로 LED 색상이 변경되는 덕분에직관적으로 공기의 상태를 확인할 수 있다는 사실!!​그리고 오슬로 공기청정기는 공기 상태를 상시 체크하는데실제로 운전 도중 고속도로에 진입하자마자 색상이 붉은색으로 변경되었다.벨트를 저렇게 설치하는 게 아닌데 동생한테 부탁했더니 저렇게 붙여놨다근데 저러고 다녀도 안 떨어지길래 그냥 내버려 뒀던.. ᄏᄏ​아 그리고 여름철에 주차해놓으면 차량 내 온도가 꽤 많이 올라가곤 하는데,오슬로 공기청정기는 영하 5도에서 최대 80도까지 사용 가능하여여름 겨울 관계없이 안심하고 차량에 배치해둘 수 있다.여하튼 저 상태에서 직접 작동해본 모습인데차량에 시동을 켜면 자동으로 전원이 들어오고 이 상태에서 전원 on/off 버튼을 통해오슬로 공기청정기를 끄거나 킨 뒤, 속도 조절이 가능하다.​거기에 소음이 적어서 차량 내에서 아기가 잘 때에도수면에 방해되지 않도록 조용하고 쾌적한 환경을 만들어줄 수 있다.위 사용설명서를 통해 오슬로 공기청정기 제품 설명과 주의사항을 확인할 수 있다.​특히 사용 팁을 보면 일반적으로 필터는 6~8개월 정도 사용할 수 있으며사용 환경에 따라 필터 사용 기간이 변경될 수 있다고 한다.이렇게 오슬로 차량용 공기청정기 후기를 마쳤는데,구정 내내 사용하면서 직관적으로 공기 상태를 확인할 수 있고12~24볼트 모두 지원되어서 어떤 차량에서도 사용 가능해서 더욱 좋았다.​특히 곧 봄이 되면서 미세먼지가 더욱 기승을 부릴 텐데, 차량을 많이 사용하시는 분들혹은 어린아이가 있는 가족에게 오슬로 공기청정기 강력 추천한다.이간느트니 | 저는견깅한리뷰문회를 만들기 위한그린리뷰껄피인에
트새13|          참여하고 있습니다.
07020

 
",20,0,1,558,43,2,898.8,222,text_ad,2019. 2. 8. 13:52,3997,4424661,상품리뷰,"['차량용 공기청정기 필요했는데 이것도 눈여겨 봐놔야겠네요 ㅎ', '요즘 공기청정기 완전 필수품이에요 ㅠㅠ집에도 큰거 하나 두어야 하나 완전 고민중입니다..', '저같이 아이 있는 사람들은 더 필요한 제품이네요 ^^', '아이들이 있는 집은 더더욱 중요한것같아요어린아이들은 특히 성장기이기도 하고 기관지 많이 약하잖아요~', '요즘 같이 미세먼지가 기승일때는 차량용 공기청정기도 필수가 되어가는 것 같아요.참고하겠습니다. ^^', '넵 감사합니다!!미세먼지가 참 말도못하네요..ㅠㅠ 진짜 공기도 사마셔야 하는 시대가 올것같아요', '차량용으로 심플하고좋네요^^', '맞아요 ㅋㅋ 차량용이라서 그런지 깔끔하더라구요!!', '잇님:) 요거 하나 있으면 정말 좋을 것 같네요~~! 오늘도 포스팅 너무 잘 보고갑니다~!!벌써 금요일!! 남은 오후도 화이팅하시고,주말 잘 보내시길 바래요~!!다음에 또 놀러올게요!!', '감사합니다~ 뷰티스쿨님도 명절증후군 잘 극복하시고 즐거운 주말되세요^^', '제품 잘빠졌네요 원낙 미세먼지가심한지라 필수템같아요', '휴... 미세먼지는 원래 봄철에나 주요 키워드였는데 이제는 사계절 내내 미세먼지가 말썽이네요...지금은 괜찮지만 여름에 미세먼지 심하면 ㅠㅠ', '오 심플하니 디자인이 잘 나왔네요~!', '맞아요!! 디자인이 군더더기없이 깔끔하게 나왔더라구요', '요즘 차량청정기도 진짜 필수템인것 같아요 ㅠㅠ날씨가 더움 추움 아니면 미세먼지 같아요....ㅠ', 'ㅋㅋㅋㅋ 맞아요 더움 추움 아니면 미세먼지 ㅋㅋㅋㅋ요즘 한파오면서 미세먼지가 싹 걷히긴 했는데 이제 봄되면 더 심해지겠죠 ㅠㅠ벌써부터 걱정에 눈앞이 캄캄하네요..', '요즘은 차안에서도 공기청정은 필수인듯해요~저도 조만간 꼭 하나 장만하렵니다^^', '맞아요 저도 몰랐는데 막상 설치하고 나니까 고속도로에 진입하거나 막히는 구간에서 매연이 유입되는지 빨갛게 변하더라구요!! 깜짝놀랐어요 ㅠㅠ그동안 알게모르게 얼마나 매연에 미세먼지를 마시고 있었을지...', '제목 임펙트 대단한데요? 미세먼지는 진짜 때려 잡아야 합니다!', '맞아요!! 뚜쉬뚜쉬 ㅋㅋㅋ저대신 공기청정기가 때려잡아줄거에요 3)', '요즘 운전하면 차안 공기도 답답 하던데...좋은 정보네요', '차량용 공기청정기도 있다니~~첨봤어용ㅎㅎ차도답답한데 요고있음 넘좋겠네요!', '차량용이라 딱 좋네요!미세먼지 많을 때는 창문열기도 힘든데....', '맞아요ㅜㅠ 미세먼지많으면 창문열기도힘들고 휴....요즘 공기청정기 완전 필수템이에요', '저는 차가 없지만 차가 생긴다면 꼭 장만해야 겠네요 ㅎㅎ!!', '차량용 어떨지 궁금했는데 리뷰잘 봤어요', '미세먼지 때문에 함부로 창문열기도 어려운 요즘에 차량용 공기청정기도 정말 필수인것같아요 이제ㅠㅠㅠ!', '오 공감. 미세먼지때문에 차문 열기가 무서워요.  이런거 있음 좋겠네요', '차량용 공기청정기도 있었네요! 신기해요 ㅋㅋ미세먼지 심한날은 건물 안도 수치가 높다고 하던데이젠 차량에도 공기청정기 설치해야 안심할 수있을 것 같아요!', '저도 차 타면 창문열지도 못하고, 먼지때문에 답답했는데차량용 공기청정기가 정답이었네요!', '차량용 공기청정기까지 나오다니, 정말 미세먼지 문제가 엄청나요 ㅠ_ㅠ 저는 차가 없으니 우리 아부지 자동차에 하나 마련해드려야겠어요! 실내 미세먼지도 엄청 심각하다고 하니~~', '이제 공기청정기가 정말 필수가 된것 같아요..잘 보고 갑니다~^^', '맞아요 ㅋㅋ 오늘도 미세먼지 안좋다고 하더라구요...요즘 삼한사미 라는 신조어가 생겼다고 할정도로 일상이 되버린 ㅠㅠ', '차량용  아주~~굿 잘보고 갑니다', '감사합니다!! 오늘도 미세먼지 안좋다고 하는데 몸조심하시구 좋은하루되세여!!', '', '', '차량용 공기청정기 찾는 중인데 ᆢ잘보고 갑니다.', '감사합니다!! 공기측정 기능도 있고 공기상태에 맞게 속도조절도 되서 추천해요!!', '오 아버지가 택시 하시는데 요거 사드려야할까봐요 ! 측정도 된다니까 더 좋네용!!  후기 잘 읽고 가용 +_+', '안그래듀 차량용 공기청정기 알아보고 있었는데!! 참고할게용']"
18,https://blog.naver.com/shop2930?Redirect=Log&logNo=221426941102,"내가 어릴때에는, 아니 5년 전만 하더라도 미세먼지는 봄에나 나오는 이슈거리였다.​요즘처럼 심각하지도 않았지만 무엇보다 사시사철 내내 미세먼지 농도가 높지 않았는데이제는 계절과 날씨에 관계없이 항상 미세먼지 농도를 확인하게 된다.​그래서 고등학생때만해도 산소도 사서 먹겠다는 농담거리가 점점 다가오는 것 같은 기분.그래서 이번에 미세먼지 공기청정기로 장만해 본 미소 무드등 미니 공기청정기!!​사실 큰 공기청정기가 있으면 넓은 공간을 케어하기는 좋지만,원룸이나 공부방, 사무실, 침실처럼 좁은 공간에 두기에는 아무래도 부담스럽다.미소 공기청정기는 2개의 이오나이저가 내장되어 있어이온청정기능과 동시에 음이온이 양전하를 띄는 미세먼지의 중금속 성분과 결합, 침전시켜효과적으로 미세먼지를 제거하고 탈취/살균효과까지 볼 수 있다.​그래서 가스레인지로 조리하면서 나오는 미세먼지를 효과적으로 제거함과 동시에요리 이후에 냄새 탈취하는 데에도 좋아서 주방 공기청정기로 좋다.안쪽을 보면 뽁뽁이로 꼼꼼하게 포장되어 있어서 배송 중 파손에 대해 안심할 수 있고 안쪽에 센스있게 쪽지를 쓸 수 있어서 선물용 미니 공기청정기로도 좋다!!나는 흰색 미소 무드등 미니 공기청정기를 선택했는데,노란색, 하늘색, 분홍색, 흰색 4가지 색상이 있어 원하는 색상으로 결정할 수 있다.​미소 무드등 미니 공기청정기 구성은 사용설명서와 공기청정기 그리고 케이블로 이루어져 있는데usb케이블을 사용하여 보조배터리나 컴퓨터 등으로 전력공급이 가능한 덕에사용공간의 제약이 적고 휴대성이 편리하다는 장점이 있다.하단을 살펴보면 제품명과 인증번호, 제조년월 등이 명시되어 있고KC인증은 물론이고 국내에서 생산된 상품이라서 더욱 믿고 사용할 수 있다. 위 영상을 보면 미소 미세먼지 공기청정기 하단의 버튼을 눌러 쉽게 분리할 수 있어바로바로 필터 상태를 확인할 수 있고 공기청정기 청소와 필터 교체가 간편하다.미소 공기청정기 안쪽을 살펴보면 극세필터와 탈취필터를 사용하여큰 먼지를 걸러내는 동시에 활성탄으로 냄세를 제거해주고초미세먼지까지 걸러내는 H13등급인 헤파필터까지 3중 필터 시스템을 사용하였다.​그리고 대형 공기청정기를 한대 두는 것보다우리가 일상에서 자주 사용하는 공간에 미세먼지 공기청정기를 둠으로서좀더 효과적이고 빠르게 미세먼지제거 효과를 볼 수 있다.미소 공기청정기 상단을 살펴보면 3가지 기능이 있는데무드램프 기능과 이온발생 기능, 그리고 전원/단계 조절 버튼이 있다.​이러한 직관적인 버튼 덕분에 처음 사용하시는 분들도 간편하게 조작이 가능하고무엇보다 원하는 대로 다양하게 단계/이온 여부 등의 설정이 가능하다.미소 공기청정기는 강/약으로 공기청정 단계를 조절할 수 있고은은한 LED 램프기능 덕분에 수유등이나 밤에 무드등으로 사용할 수 있어서인테리어 효과를 볼 수 있는 데다가 침실에서도 사용하기 좋다.​그리고 무드등 버튼을 3초이상 누르면 버튼조작 램프가 꺼지기 때문에공기청정기 용도로만 사용할 수 있어서 전력을 아낄 수 있다.미소 미세먼지 공기청정기의 디자인을 보면 통풍구가 크게 되어 있어서 공기순환이 빠르고컴팩트한 크기 덕분에 사무실 책상이나 주방, 원룸 등에 두기에도 좋다!!​또한 인테리어 소품으로 두어도 무리없을만큼 깔끔한 디자인 덕에 어디에나 잘어울리고다양한 색상이 있어서 인테리어 분위기에 맞는 색상으로 선택할 수 있다!!​그리고 보조배터리를 사용해서 미소공기청정기를 사용해봤는데,하루종일 틀어놨음에도 불구하고 보조배터리가 꺼지지 않을 정도로 전력 소비가 적다.​실제로도 미소 공기청정기는 저전력 시스템을 적용해서하루종일 틀어놔도 한달 전기료 100원으로 깨끗한 공기를 즐길 수 있다는 사실!!그리고 사용할 때 소리가 크지 않아서 소리에 예민한 사무실, 독서실 뿐 아니라침실이나 부엌, 차안처럼 작은공간에서 사용하기 편리하다. 그리고 상단의 사용설명서를 보면, 미소 미세먼지 공기청정기의 작동방법과 함께 주의사항, 명칭, 구격 등에 대해 명시되어 있어 손쉽게 사용할 수 있다.​특히 제품보증서도 있어서 구매 이후 1년의 보증기간이 있어서상품을 사용할 때 좀더 안심하고 사용할 수 있다는 사실!!이렇게 미소 무드등 공기청정기에 대한 리뷰를 마쳤는데,상단의 링크를 통해 좀더 자세한 정보와 후기들을 확인해볼 수 있다.​특히 크기가 작아서 차량이나 원룸과 같이 좁은 공간에서 사용하기도 좋고사무실이나 공부방처럼 소음에 민감한 곳에서도 사용할 수 있어서미세먼지가 심하거나 너무 추운 날씨에 환기가 어려울 때, 미소 공기청정기 추천한다!!이 글은 위블을 통해 본 업체에서
제품 또는 서비스를 제공받아 작성된 글 입니다.

세
",15,0,1,463,5,3,898.8,11,text_ad,2018. 12. 25. 19:35,3997,4424661,상품리뷰,"['진짜 잘 만들었네요 요것! ㅎㅎ 맞아요.. 이제는 한파 아니면 미먼 둘 중 하나를 골라야 하는 최악의 상태가 되었죠.', '가격도 생각보다 얼마안하네요?큰 공기청정기는 백단위라 부담스러웠는데,,요거라도 사자해야겠어요ㅎㅎ', '오히려이렇게 작은걸핗요한공간에놓는게더효율적이라고해요!!  오늘 미세먼지 많은데  몸조심 하세요', '오히려이렇게 작은걸핗요한공간에놓는게더효율적이라고해요!!  오늘 미세먼지 많은데  몸조심 하세요']"
19,https://blog.naver.com/shop2930?Redirect=Log&logNo=221421514481,"요즘 아침에 일어나면 나갈 준비를 하면서 꼭 하는 2가지가 있는데,하나는 오늘의 날씨를 확인하는 것이고 또 하나는 미세먼지 수치를 확인하는 것이다.​요즘 추운 날씨 때문에 하루 종일 보일러를 틀다가도환기시키고 나면 방안 온도가 뚝 떨어져서 말짱 도루묵이 되어버려서 환기시키기도 어려운데그마저도 미세먼지 수치가 높아서 창문을 굳게 닫아 버리게 된다.그래서 이번에 원룸 공기청정기로 장만해 본 퓨리팟 미니 공기청정기!!​이 퓨리팟 공기청정기는 CES 2019 이노베이션 어워드에서 기술혁신상을 수상한 데다가소비전력이 적어, 원룸에서도 전기세 부담 없이 편리하게 사용할 수 있을 듯하다.​게다가 필터없는 공기청정기인 덕분에 필터 교체에 들어가는 돈을 절약할 수 있어장기적으로 봤을 때 굉장히 경제적이고 가성비가 좋다는 사실!!패키징을 개봉해보면 퓨리팟 공기청정기와 함께 작은 상자로 구성되어 있다.​먼저 퓨리팟 공기청정기를 살펴보자면 디자인이 독특하게 되어 있는데특히 깔끔한 화이트 색상과 모던한 디자인으로 어느 공간에서나 잘 어울리는 데다가450g의 무게로 가볍고 공간 차지가 적어서 원룸에서 사용하기 좋다.퓨리팟 미니 공기청정기를 살펴보면 어댑터, 케이블 그리고 사용설명서가 들어있다.이 공기청정기는 C-타입 충전 케이블을 사용해서요즘 나오는 핸드폰과 함께 사용하기 좋다는 장점이 있다!!사용설명서를 보면 퓨리팟 공기청정기의 구성품과 명칭, 사용방법에 대해 명시되어 있고1년 동안 보증해주는 덕분에 좀 더 안심하고 사용할 수 있다.일단 퓨리팟 공기청정기를 원룸 공기청정기로 추천하고 싶은 2가지 이유가 있는데,하나는 공간 차지가 적어 좁은 원룸 공간 중 어디에나 두기 좋다는 것이다. 게다가 바닥면에 미끄럼 방지가 되어있어좁은 공간에서 움직이다가 미끄러지거나 떨어짐으로써 생길 수 있는안전사고에 대해 어느 정도 예방이 가능하다는 점이다.또 다른 하나는 일반적인 공기청정기는 필터를 계속 교체해 주거나 청소해주어야 하는데퓨리팟 미니 공기청정기는 필터 교체 없이 물만 교체해주면 된다는 부분이다.​상단의 동영상을 보면 퓨리팟 공기청정기를 돌려워터 탱크와 간편하게 분리 및 결합이 가능하여 관리가 편리하다.​이렇게 분리한 워터 탱크에 물을 채우면 워터 탱크에 물높이 표시창이 있어서물을 채웠을 때 얼마나 물이 차있는지 한눈에 확인 가능하다.​이 물을 통해서 방 안의 먼지와 미세먼지까지 제거와 동시에 자연가습도 가능하고가습기용 아로마 디퓨저를 2~3방울 떨어 트림으로써 디퓨저로서의 역할도 할 수 있다.​물을 통해 제거되어 가라앉은 부유 먼지들은 물로 씻어 관리하면 끝!!이 공기청정기 위쪽의 버튼을 사용하여 풍량 조절과 LED 조명 on/off, 전원 끄기가 가능한데가장 먼저 전원을 연결하자마자 바로 퓨리팟 미니 공기청정기가 켜진다. 이 상태에서 전원 버튼을 짧게 눌러 1~3까지 단계 조절을 할 수 있고이후에 길게 1.5초 정도 눌러 LED를 끈 뒤, 짧게 다시 한번 눌러 LED를 킬 수 있다. 그리고 전원 버튼을 더 길게 누르면 퓨리팟 원룸 공기청정기를 끌 수 있다.작동 방식은 하단에 있는 구멍을 통해 공기가 들어간 뒤물의 극성으로 미세먼지를 흡착시키고 광촉매 반응부를 통해 대기정화 후위쪽의 구멍을 통해 깨끗한 공기를 배출해준다. 이 광촉매 반응부에서는 가시광선을 사용하여 공기 정화를 함으로서물이 없는 상태에서도 유해가스나 바이러스, 냄새 제거에 뛰어난 성능을 유지하는 덕분에어린아이가 있거나 비염이 있는 분들은 계속해서 틀어놓아도 좋을 듯하다!! 특히 가시광선 기술 자체가 자연의 대기정화 원리에서 따온 기술로서인체에 무해한 데다가 오존과 자외선이 나오지 않아 더욱 안전하게 사용 가능하다.특히 평소 공부를 하거나 일할 때 공기가 탁하면 집중하기 힘들곤 한데,공부하는 학생들 공부방이나 책상에서 장시간 시간을 보내는 직장인 분들에게도 좋을 듯하다.​특히 나는 보조배터리를 사용해서 작동시켜 보았는데3단계로 30%만 남은 10000 보조배터리로 밤새도록 사용했는데도 보조배터리가 꺼지지 않았고실제로 3단계로 24시간 작동해도 한 달 약 1000원 내외의 전기세만 나온다고 한다.작동 중 동영상인데 퓨리팟 미니 공기청정기를 사용할 때에는반드시 공기흡입구에 10cm 이상의 공간을 두어야 효율적으로 사용 가능하다. 또 소리가 크지 않아서 침실, 공부방 같은 장소에서 사용하기도 좋고특히, 환기가 안되는 좁은 공간에서 요리와 일상생활을 동시에 하는 자취생분들에게도퓨리팟 공기청정기 원룸 공기청정기로 추천한다.마지막으로 상단의 링크를 통해 퓨리팟 미니 공기청정기에 대한좀 더 자세한 정보와 후기를 확인해 볼 수 있다.​우리 집은 바로 옆에 큰 도로가 위치해 있어서창문을 열어놓으면 매연 냄새나 담배 냄새가 쉽게 유입되곤 했는데,이 퓨리팟을 사용하고 나서 집에 냄새가 많이 나지 않는다.​게다가 냄새에 예민하신 엄마가 집에 오시더니냄새가 훨씬 덜 난다고 말씀하실 정도로 체감이 많이 되어서요즘같이 미세먼지 많은 날씨에 원룸 공기청정기로 퓨리팟 강력 추천한다!!이간느트니 | 저는견깅한리뷰문회를 만들기 위한그린리뷰껄피인에
트새13|          참여하고 있습니다.
07020

 
이 글은 위블을 통해 본 업체에서
제품 또는 서비스를 제공받아 작성된 글 입니다.

세
",20,0,1,544,7,3,899.0,11,text_ad,2018. 12. 18. 10:02,3997,4424662,상품리뷰,"['크기도 적당하고 무엇보다 소리가 크지 않다니 공부할 때도 괜찮을 것 같네요!!', '저두 아침에 확인하는 그 두가지가 있는데 똑같네요 ㅎㅎ', '퓨리팟은 유해성분을 분해해서 없애버리는 똑똑한 신개념공기청정기 입니다. 비염이신 분들은 공기가 깨끗해진 것을 체감하고 피드백을 주고 계십니다~^^. 고로 필터교환이 필요없는 확실한 이점을 갖고 있습니다.']"
20,https://blog.naver.com/shop2930?Redirect=Log&logNo=221743525806,"안녕하세요! 루샵입니다.요즘 본격적인 겨울이 시작되었는데요 그래서 그런지 날씨가 너무 건조해요.​특히 집에서는 보일러를 틀다 보니 이러한 건조한 느낌이 계속되기도 하고핸드크림을 꼼꼼히 발라도 손발이나 입가가 자주 트더라고요.​그래서 빨래를 갖다 말려봐도 아무래도 한계가 있어서 가습기를 찾아보다가4L로 용량도 큼직하고 통세척이 가능한 가습기를 발견했어요!짠! 제가 장만한 가습기는 뉴빙 가습기입니다.​보통 아기가습기는 세균 번식 문제 때문에 가열식 가습기를 많이 쓰는데요물을 가열하여 습기를 만들어 내다보니 전기 소비량이 높고여러 가지 위험요소가 아이들에게 노출되다 보니 걱정되곤 합니다.​저 또한 좁은 원룸에서 움직이다 보면 종종 물건을 넘어트리곤 하는데요뉴빙 가습기는 이런 위험으로부터 자유로운 초음파식이에요!이 뉴빙가습기는 4L의 넉넉한 물탱크 용량 덕분에한번 가득 채우면 오랫동안 사용할 수 있고 25w의 낮은 소비전력 덕분에장시간 틀어놓아도 전기세 부담없이 사용할 수 있어요.​거기에 KC인증은 물론, 전기안전인증과 전자파인증까지 받았다는 것!가습기 상자를 개봉하면 사용설명서와 본체가 있는데요화이트 컬러와 세련된 디자인으로 실내 인테리어와 넘나 잘 어울리고최대 50cm의 수직 분사 및 대용량으로 오랜 시간 편리하게 사용할 수 있습니다.​특히 지금 뉴빙 가습기 기간한정 이벤트로 1개 구매 시33%할인가인 39,800원에 구매할 수 있고 2개를 구매하면 35%할인가77,800원에 구매할 수 있으니 집안 곳곳에 놓기 좋겠죠?​게다가 뉴빙가습기를 구매한 모든 분들께 두피마사지기를 보내드린다고 하니건조한 날씨 비듬이나 각질이 많이 생기시는 분은 일석이조에요!뉴빙 가습기는 뚜껑과 물탱크, 본체까지 분리할 수 있어서구석구석 꼼꼼하게 세척하기도 편리하고 안심하고 사용할 수 있습니다.​실제로 아기가습기는 얼마큼 세척이 간편한 지가 무엇보다 중요한데요이렇게 분리가 편리해서 위생적으로 사용할 수 있구요.​그리고 가벼운 무게로 휴대와 이동이 편리하니 가정집 뿐 아니라원룸, 사무실 등 어디에서든지 사용하기 좋습니다.가습기의 본체 부분을 보면 노란색의 아로마 트레이가 있는데요이곳에 아로마를 넣음으로써 아로마 디퓨저 기능도 동시에 사용할 수 있어요.그 외에도 바닥 면에 세척용 솔이 내장되어 있어서 구석구석 닦기도 좋아서가습기 내 물때나 이물을 꼼꼼하게 세척할 수 있으니 더욱 강추!또한 바닥면에 다리가 모두 고무패킹 처리되어 있어서높은 곳에 있을 때에도 조그마한 충격에 쉽게 떨어지거나 밀리지 않아어린아이 안전 문제에서도 안심할 수 있구요.그리고 화살표가 있는 부분은 물탱크에서 본체로 물이 떨어지는 곳인데요물때가 낄 수 있으니 정기적으로 청소해주시는 게 좋아요!가습기의 물탱크는 따로 분리해서 물을 받아올 수 있는데요옆면에 투명한 수위확인창이 있어 육안으로 물높이를 쉽게 확인 가능하니물이 부족할 때마다 바로바로 채워줄 수 있습니다.물 주입구가 넓어서 통세척이 간편한데요 세척방법은물통과 본체를 분리 후 물통 안쪽과 뚜껑은 물로 세척해주시고 본체는마른 수건으로 닦아주면 매일매일 간편하게 세척할 수 있어요또한 다이얼식 버튼을 사용하고 있는데요 본체에 있는 다이얼을 돌려서시간당 최대 260ml까지 가습량을 조절 가능하다는 사실!저는 이렇게 책상 선반 위쪽에 설치해두었는데요가습기를 최대로 틀었을 때 최대 50cm의 수직 분사됨은 물론이고멀리 퍼져서 집안의 습도를 골고루 조절할 수 있습니다.​그리고 어디에 놓아도 무난하게 잘 어울리는 디자인 덕분에책상 위, 사무실, 침대 옆 선반 등등 인테리어용으로 두기도 이쁘구요.위 영상을 보면 가습기 소리를 확인할 수 있는데요전반적으로 소음이 적은 편으로, 분무량이 적을 때는 소음이 거의 없고많을 때에는 물 떨어지는 소리가 조금 들리는 정도에요.​덕분에 사무실이나 도서관같이 예민한 공간뿐 아니라가정집에서도 조용히 사용할 수 있어 소리에 예민한 분들께 강추!​이렇게 뉴빙가습기 후기를 마쳤는데요 디자인, 기능은 물론넉넉한 용량과 통세척이 편리하기 때문에 예민한 아아기 있는 집에서도안심하고 사용할 수 있는 아기가습기 추천드립니다.​▶ 뉴빙 가습기 구경하러 가기이간느트니 | 저는견깅한리뷰문회를 만들기 위한그린리뷰껄피인에
트새13|          참여하고 있습니다.
07020

 
",15,0,1,430,20,2,899.0,58,suspect,2019. 12. 20. 11:07,3997,4424662,상품리뷰,"['잘보고가용.으악. 오늘이 벌써 금요일이라니!!목요일로 착각했답니다.ㅎㅎㅎㅎㅎ일주일이 또 후딱 지나갔어요.이웃님은 어떠신지모르겠네요. 이번주의 마무리 잘 하세용~~', '디자인도 심플하면서 괜찮고 실용적인것같습니다.^^', '요즘같은 날씨엔 가습기가 필수 ! 좋은 정보 감사해요ㅎㅎ', '오~ 세척솔도 있고 세척하기 편해서 좋네요ㅠㅠ크기도 큼직하고 딱 좋아여.. 겨울에 가습기 진짜 필수에요..', '가습기 겨울철에 필수템인거 같아요ㅜ나이가드니까 건조한걸 더 못참겠네요피부도 건조하고~보일러켜면 가습기는 필순데 작지만대용량이라 좋네요', '제가 쓰는가습기는 쓰다보면 저도모르게기침이나오고 해가지고 걱정되서 창고에박아뒀는데 ㅠㅠ 초음파로 나온다고하니 뭔가 믿을만한거같애요 ㅠ가격도 용량도딱 적당한것같구요!좋은정보 감사해요!잇님!추운데 감기조심하세용🥰', '잘 보고 갑니다 ~ ^^', '좋은 포스팅글 잘보고 갑니다 ! 오늘도 좋은하루 보내시기 바랄꼐요 ㅎㅎ', '아기는 안 키우지만 하나 구매해보고픈 디자인이네요 ㅎㅎ', '좋은정보 감사합니다!!^^', '포스팅 잘보고갑니다^^실용적인 제품이라 저도 한번 써보고싶네요', '아기 가습기 보고 있었는데 정보 감사합니다ㅎ', '아기 가습기 포스팅 잘보고 갑니다^^내일도 화이팅 하세요', '겨울이라 그런가 다들 가습기 장만하네요 ㅎ', '리터수도 크고, 안전하게 사용할 수 있겠어요><겨울에 가습기는 필수인거 같아요!!ㅎㅎ', '세척이 편리해서 좋네요.겨울 필수템인 것 같아요!', '블로그 구경하고 갑니다~~~살짝 눈발이 날렸는데많이 오지는 않을것 같네요.혹시 로또 사셨나요?행운이 함께 하시는토요일이 되시길 바랍니다^^;*', '좋은정보네요!']"
21,https://blog.naver.com/shop2930?Redirect=Log&logNo=221708832033,"안녕하세요. 루샵입니다!​요즘 하루가 다르게 날씨가 추워지고 건조해지고 있는데요회사에서 하루 종일 #가습기 를 틀고 있음에도 피부가 갈라질 정도에요.​무엇보다 몇 시간 정도 가볍게 가습기를 트는 회사와 다르게집에서는 정말 온종일 틀어놓기 때문에 용량이 작으면 가습기에 물을너무 자주 넣어줘야 해서 그게 또 불편하더라구요짠! 그래서 이번에 장만해본 퓨어코치 #대용량초음파가습기 에요.​사실 가열식부터 복합식, 자연기화식 등 다양한 가습기 종류가 있는데요저는 가습기를 구매할 때 초음파 방식을 선호하는 편이에요.​왜냐하면 소비전력도 낮은 데다가 소리도 작고 효율적이라서원룸 같은 곳에서도 사용하기 좋고 오랫동안 위생적으로 사용할 수 있습니다.먼저 구성을 살펴보면 퓨어코치 가습기와 사용설명서그리고 가습기 세척을 위한 실리콘 세척솔 3가지로 구성되어 있어요.​항상 가습기를 닦는다고는 하지만 수조 부분이 깊어서어떻게 닦아야 하나 고민했는데 이렇게 센스 있게 열탕소독이 가능한실리콘 세척솔까지 사은품으로 주시니까 넘나 좋더라구요!사용설명서를 보면 사용 시 주의사항 및 제품 사용방법과 청소방법 등이명시되어 있기 때문에 사용 전 꼭 한번 읽어보시는 게 좋아요.​맨 마지막 장을 보면 이 가습기는 KC 인증을 받는 등엄격한 품질관리 및 검사 과정을 거쳐 만들어진 제품으로서1년의 무상 A/S 기간을 제공하기 때문에 안심하고 사용할 수 있어요.이 퓨어코치 가습기는 버켓과 본체, 물탱크 덮개까지쉽게 분리할 수 있는 구조라서 세척과 관리가 편리하다는 사실!​이렇게 분리 후 버켓과 본체의 물을 버린 뒤에버켓과 본체는 깨끗하게 닦아내고 본체의 진동자는 면봉을 이용하여닦아낸 뒤에 물기가 남아있지 않도록 완전히 건조하면 끝!​이렇게 세척 후에는 버켓, 덮개 순으로 조립하여 다시 사용하면 돼요.위 동영상을 보시면 좀 더 분리 과정을 쉽게 확인할 수 있는데요또 하나 좋은 점은 덮개 부분을 회전함으로써 가습 방향을 결정할 수 있어요.​또 덮개 틈 사이로 가습이 새지 않아서 물방울이표면에 맺히거나 떨어지지 않고 저소음 설계로 아기가 있는 집이나도서관, 회사처럼 소리에 예민한 장소에서도 추천드려요.아! 그리구 본체와 버켓을 결합할 때 위 사진에 보이는 홈이딱 맞게 올려놓아야 올바르게 결합되고 가습기도 제대로 작동됩니다.​또한 오른쪽 붉은색 글씨로 표시되어 있는 위치는 물때를정기적으로 청소해주셔야 위생적이고 안전하게 사용할 수 있습니다.이렇게 덮개를 열면 MAX 선에 맞춰 물을 4L까지 넣을 수 있고물탱크에 손잡이가 붙어있어서 물을 채우고 이동하기도 편리하다는 사실!​또 주전자나 물컵 등을 사용하여 중간중간 부족한 물을 보충해줄 수 있으니급수도 편리하고 불편하게 무겁게 물을 들고 이동할 필요도 없죠.상부 급수 방식을 사용하여 대용량 버켓을 들고 이동할 필요 없이사용 중 물이 부족하면 바로바로 급수가 가능해요.​대신 물을 넣을 때 가운데 원형기둥이 아닌 물통 부분에 넣어야 하는데요원형 부분은 바닥이 뚫려있어서 물이 누수될 수 있어요.안쪽에 아로마 스펀지가 있는데요 여기에 오일을 한두 방울 떨어트려수분과 함께 은은하게 아로마 향을 느낄 수 있어요.​덕분에 편안한 분위기를 만들어 스트레스를 완화시켜주고아로마 오일이 물에 닿지 않는 간접 발향 방식이라서 들어있을 수 있는보존제 흡입 걱정 없이 안심하고 사용할 수 있다는 사실!저는 컴퓨터를 자주 하다 보니 컴퓨터 근처에 가습기를 두었는데화이트 계열의 깔끔한 색상과 감각적인 디자인 덕에가정뿐 아니라 회사, 사무실 등 어떠한 공간에서도 잘 어울립니다.또 분사구가 수직으로 올라가는 것이 아닌, 대각선 방향으로 되어있어서천장에 물이 생기지 않구요 원하는 방향으로 분사할 수 있어요.​대신 제품을 설치할 때 바닥과 천장에서는 1m 이상 벽면으로부터는10cm 이상 거리를 두어 설치해주시는 게 좋다고 해요!실내 습도가 낮으면 피부가 건조하고 바이러스가 쉽게 침투하여감기가 잘 걸리는 반면 습도가 높으면 곰팡이가 쉽게 번식하기 좋다고 해요.​그래서 동절기에는 50~60%, 하절기에는 40~50%의 습도가 적정합니다.​그런데 일반적인 가습기는 분사량이 정해져있기 때문에실내 습도에 따라 가습량을 정할 수 없는데요 이 퓨어코치 #초음파가습기 는다이얼 방식으로 가습 세기를 원하는 만큼 조절할 수 있어요.또한 바닥면에 이렇게 밀림방지를 위한 고무패킹이 있어서높은 곳에 두었을 때에도 쉽게 떨어지지 않아 사고를 방지할 수 있습니다.​덕분에 아이 혹은 반려동물이 있는 가정에서도 안심할 수 있어요.위 동영상을 보면 작동되는 소리를 직접 들어보실 수 있는데처음에는 max 상태, 20초 이후부터는 min 상태의 소리를 들어볼 수 있어요.​들어보시면 아시겠지만 가습기 소리가 굉장히 작은데요여담이지만 가습기를 틀어놓고 자고 일어났을 때 꺼진 줄 알았을 정도로소리에 민감한 환경에서도 조용하다는 사실!그리고 물통이 물이 더 이상 남아 있지 않으면 다이얼에 붉은빛이 나오면서가습기 작동이 중지되기 때문에 안심하고 사용할 수 있구요!​덕분에 한 시간에 최대 300ml까지 분사할 수 있는 데다가min으로 세팅하면 24시간 동안 연속으로 가습기를 사용할 수 있습니다.​이렇게 #대용량가습기 후기를 마쳤는데요 공기가 점점 더 건조해지면피부도 갈라지고 계속 잔기침도 많이 나오는데요 피부와 기관지 건강을 위해서라도이번 기회에 퓨어코치 가습기 장만해보셔도 좋을 것 같습니다!​▶ 퓨어코치 대용량 초음파 가습기 보러 가기이간느트니 | 저는견깅한리뷰문회를 만들기 위한그린리뷰껄피인에
트새13|          참여하고 있습니다.
07020

 
",24,0,1,590,3,3,899.0,46,text_ad,2019. 11. 15. 17:48,3997,4424662,상품리뷰,"['', '세척하기 편해서 어디서든 편하게 쓸 수 있겠어요~!!', '가습기는 세척이 간편한 제품이 가장 쓰기 좋은 거 같아요 ㅎㅎ 초음파라니 신기하네요 ㅎ']"
22,https://blog.naver.com/shop2930?Redirect=Log&logNo=221681827588,"안녕하세요 루샵입니다.​요즘 점점 더 날씨가 쌀쌀해지고 건조해지고 있는데요저는 이런 날씨가 되면 유난히 피부가 건조해서 뜨고 목이 칼칼한 게물도 많이 마시게 되고 핸드크림을 챙겨 다니곤 해요.​무엇보다 계절의 탓도 있지만 히터나 보일러에 의해서건조해진 공기 때문에 비염은 물론 계속 기침이 나오고 머리도 아파서집중하기 힘든데요 이럴 때 가습기를 사용하면 훨씬 편안하죠.그래서 이번에도 사무실 서랍에 넣어두었던 가습기를 꺼내려다올해에는 사용하던 필터 가습기를 버리고 새 가습기를 장만해 보았습니다.​제가 이번에 새 가습기를 새로 장만한 결정적인 계기는가습기를 사용할 때마다 자꾸 물 비린내가 나는데 필터를 아무리 갈아도냄새가 사라지지 않아 이번에 NOSE2 가습기로 장만해 봤어요!이 파우트 NOSE2 무드등 가습기는 필터가 필요 없는 초음파 가습기로내장 필터가 존재하지 않아서 필터 교체를 위한 추가 비용이 없고박테리아가 발생이나 세균 걱정 없이 사용할 수 있습니다.특히 히터를 사용하는 가열식 가습기와 비교했을 때물 끓는 소리도 없고 소비전력이 낮아 유지관리 비용이 저렴하기 때문에혼자 자취하는 분들이나 사무실 가습기로도 넘나 추천드려요!먼저 구성을 살펴보면 nose2 가습기와 사용자 가이드로 구성되어 있습니다.​딱 봐도 가볍고 작은 사이즈로 언제 어디서나 사용하기 좋고공간 차지가 많지 않은 미니 가습기로 좁은 공간에서도 강력 추천합니다.NOSE2 커버를 열면 AC아답터와 미스트캡이 들어있는데요보시다시피 급수통 입구가 넓고 물이 닿는 모든 부분이 분리가 간단해서급수가 편리하고 가습기 구석구석을 깨끗하게 세척할 수 있어요사용설명서를 보면 영문과 한글 두 가지 언어로 적혀있는데요1년 동안 무상 보증이 가능하기 때문에 안심하고 사용할 수 있습니다.​그 밖에 사용 전에 사용 방법이나 주의사항 꼭 한번 확인해보세요!미스트캡은 가습기 내부 뚜껑 부분과 빈 공간이 생기지 않도록꽉 맞게 끼워야 하고요 만약 올바르게 끼워지지 않으면들뜸에 의해 공간이 생겨 가습량이 떨어지거나 작동이 안 될 수 있어요.이런 식으로 뚜껑 부분에 맞게 미스트캡을 꽉 끼워주면 되는데요처음에는 잘 안 맞는 것 같더니 조금만 눌러주니 단단하게 고정되더라구요!​무엇보다 이 미스트캡이 가습을 모아서 가습량을 더욱 증폭시켜줌으로써40~60% 수준의 실내 습도를 쾌적하게 유지시켜줍니다.파우트 가습기 내부 MAX 선을 살펴보면 최대 500ml의 대용량으로하루 한 번의 급수로 최대 9시간까지 사용할 수 있는데요물의 양이 보다 많으면 작동하지 않거나 분무량이 적을 수 있다고 해요.​또한 기존 가습기와 다르게 상부 급수식 디자인으로 되어있어서가습기 사용 중 물 흘릴 걱정 없이 깔끔하고 쉽게 물을 보충할 수 있습니다.​또 이렇게 수조에 정수된 물을 채우고 수용성 아로마 오일1~2방울을 넣어 사용하면 무드등 겸 아로마 가습기로도 사용할 수 있어요.이렇게 물을 담은 뒤 AC아답터의 DC 잭을 본체에 연결하고플러그를 연결하면 바로 가습기를 사용할 수 있는데요 개인적으로는아답터가 짧아 콘센트 근처에서 써야 하는 점이 아쉬웠어요.무엇보다 파우트만의 감각으로 만든 NOSE2는완전 화이트가 아닌 연한 크림색으로 따듯한 감성은 물론이고어디에 두어도 이쁘고 잘 어울려서 소중한 분께 선물로 드리기도 좋아요.​무엇보다 채도가 높은 색상이 아닌, 베이지에 가까운 무채색 톤이라서장시간 사용해도 질리지도 않고 어디에나 잘 어울립니다.바닥 부분을 보면 미끄럼 방지 패드가 부착되어 있기 때문에미끄러운 바닥에서도 안정적으로 사용할 수 있고 테이블이나 선반과 같이높은 장소에 두었을 때에도 떨어트릴 위험을 덜 수 있습니다.버튼을 한번 누르면 가습기가 켜지는데요 이 상태에서버튼을 누를 때마다 1시간부터 4시간까지 타이머 설정이 가능해요.​마지막으로 6번째 눌렀을 때에는 가습기를 끌 수 있는데요깜빡 잊고 전원을 끄지 않았을 때에도 수조통 내부에 물이 부족하면자동으로 가습기 전원이 차단되기 때문에 안심하고 사용할 수 있다는 사실!또 NOSE2의 미스트캡은 진동자에서 만들어지는 가습을 모아가습량을 증폭시키기 때문에 시간당 70ml에 가까운 많은 분사량을 자랑하여환절기 및 겨울철 실내 습도를 쾌적하게 유지할 수 있어요.​또한 낙수 방지 구조와 저소음 설계로 디자인되어 있어서작동할 때 20~40 정도에 데시벨 수준으로 독서실이나 사무실, 침실 등소음에 예민한 곳에서도 불편함 없이 사용할 수 있습니다.위 동영상을 보시면 버튼을 길게 눌러 무드등을 킬 수 있는데요가습기와 무드등을 동시에 키고 끌 수 있어 무드등 가습기로 사용 가능하고한 가지만 사용할 수도 있어서 취향에 맞게 활용할 수 있습니다.​무엇보다 전원 켜기와 끄기, 타이머, 조명 설정까지 하나의 버튼을 사용해조절할 수 있어서 처음 사용하시는 분들도 컨트롤이 편리해요.또 타이머를 설정하면 가습기 하단에 LED가 바닥에 반사되기 때문에직관적으로 몇 시간으로 설정되어 있는지 알 수 있는 동시에간접조명으로 시각적인 노이즈가 없어서 좋아요.특히 요즘 같은 날씨에 침대 밖으로 나오기 넘나 귀찮은데요LED 무드램프의 은은한 무드등이 실내 분위기를 부드럽게 연출해주어야간에 취침 등이나 수유등 등으로 활용할 수 있어요.특히 회사에서 일할 때 하루 종일 히터 바람에 피부가 건조하거나장시간 컴퓨터를 사용하시는 분들도 가습기를 틀어 안구 건조를 줄일 수 있구요​무엇보다 위에서 언급했다시피 공간 차지가 적어서 원룸은 물론조용해서 회사 사무실이나 도서관에서도 사용하기 좋고무드등, 아로마까지 다양하게 응용할 수 있어서 강력 추천드립니다.​▶ 파우트 NOSE2 무드등 가습기 보러 가기▶ 쿠팡에서도 판매하고 있어요이간느트니 | 저는견깅한리뷰문회를 만들기 위한그린리뷰껄피인에
트새13|          참여하고 있습니다.
07020

 
",21,0,1,613,11,3,899.0,62,suspect,2019. 10. 19. 16:20,3997,4424662,상품리뷰,"['가습기라니 조명이 은은하니 예쁘네요 ㅎㅎ', '오늘도 알찬 포스팅 잘보고갑니다 ~ ^^', '공감가는 내용이네요\n좋은 포스팅 잘보고 가요~ ^^', '가습에 무드등까지~ 밤에 켜놓고 자면 너무 편안할꺼 같아요^^일요일 행복한 시간 보내세용!!', '가습기에 무드등까지 된다니!! 디자인도 심플하니 예쁘고 무드등이 나오니 더 예쁜것 같아요!!', '', '오우,,, 1석 2조의 효과네요!!!보일러 안 트는데 요즘 방이 건조하다고 느껴지곤 하는데... 이제 가습기철이 돌아오는군요~~ 예쁜 제품 추찬 감사요~ 👍']"
